cell_line_id,emb_0,emb_1,emb_2,emb_3,emb_4,emb_5,emb_6,emb_7,emb_8,emb_9,emb_10,emb_11,emb_12,emb_13,emb_14,emb_15,emb_16,emb_17,emb_18,emb_19,emb_20,emb_21,emb_22,emb_23,emb_24,emb_25,emb_26,emb_27,emb_28,emb_29,emb_30,emb_31
A101D,0.762149,0.579056,0.428051,1.592987,0.013052,-0.490314,1.312173,1.31887,-0.354282,1.171055,-1.641902,0.077265,0.216885,-1.520331,-1.189989,-1.396652,-0.83551,0.403708,0.088366,-1.271023,0.645862,-0.412643,0.506084,-0.856429,-0.65492,0.336108,-0.776126,0.753503,-0.781372,-0.372824,-0.627165,0.595363
A172,0.534815,0.022871,0.506864,1.068577,-0.890003,-0.392628,1.058259,0.196406,-0.446188,0.624477,0.582264,-0.27534,0.317173,-1.526953,-2.302451,-0.451069,-0.758502,1.476302,-0.803192,-0.948883,1.123836,-0.760134,0.623991,-0.733379,-0.028355,-0.368327,-0.194796,-0.408397,-0.174244,0.868107,-0.963773,1.159083
A3KAW,0.179925,-0.287952,-0.605689,0.433195,-0.592481,0.175471,-0.046084,0.975974,-0.514592,-0.018923,0.28538,-0.737416,0.177105,0.152444,-1.255533,-0.054958,-0.13534,0.473219,-0.856306,-1.03014,0.644855,0.089357,0.142933,-0.199947,-0.482597,0.14518,-0.154933,-0.258773,0.775568,0.160516,-0.753251,0.813427
A498,0.575771,-0.753342,0.697781,1.629865,-0.662887,-0.144081,1.519327,0.152704,-0.264125,0.792379,0.104222,0.087415,-0.460507,-2.274378,-1.3702,-0.273709,-0.698233,2.222905,-0.571411,-0.764937,1.860059,0.112642,-0.093912,-0.964978,-0.900119,-0.013737,-1.328816,0.395464,0.590537,-1.208889,-0.22467,0.941543
A549,0.070282,0.459229,0.431471,0.400148,-0.502019,0.195442,0.608476,0.581389,-0.266667,0.008714,0.786253,0.029815,-0.86339,-1.086401,-1.394387,0.07954,-1.020719,0.13638,-0.307346,-0.437875,0.303494,-0.306452,-0.195838,-1.205089,0.547089,0.27088,-1.340084,0.690567,0.690756,0.33639,-1.130666,0.8999
A673,0.925598,-0.435155,0.602848,1.283088,-0.601183,-0.16747,-0.691819,-0.060827,-0.402406,-0.304785,0.543646,-0.98899,-0.077712,-1.059927,-0.293875,-1.048641,-0.014115,0.189941,-1.024809,-0.599596,0.961552,-0.432899,0.074618,-1.030623,-0.26342,0.396305,0.116051,-0.397941,0.713251,-1.147604,-0.429787,1.383577
A704,0.572145,-0.431503,0.458786,1.077027,-0.498164,0.221334,1.550859,0.320453,0.041822,0.62514,0.003717,-0.089909,-0.20423,-1.942749,-1.125323,-0.183448,-0.890611,0.331748,-0.150249,-1.523091,1.547212,-0.297298,-0.050158,-0.688731,-0.060366,0.503148,-0.347485,0.336987,-0.180984,-0.408618,-0.360806,1.544576
AGS,0.692426,-0.153343,0.334207,0.306976,-0.133517,-0.268581,0.999416,-0.006353,0.010533,1.054295,-0.300306,-0.046297,0.473476,-1.215949,-0.803333,-0.292098,-0.488651,-0.21974,-0.469615,-0.500482,1.503362,0.359821,1.112427,-1.139759,0.147267,0.150535,0.484092,-0.204774,-0.738608,-0.454492,-1.381261,0.720089
ALLSIL,-0.159686,0.013991,0.457591,1.612286,0.371559,-0.392097,0.249864,0.58568,-0.867939,1.155905,0.384579,-0.440753,-0.749458,-0.170017,-0.82084,0.37,-1.245564,-0.160579,-0.399334,-0.601695,0.423767,0.21148,-0.503917,-0.701884,-0.180834,0.306322,-0.153704,-0.396011,-1.032942,0.509714,-0.100201,0.445706
AM38,1.162228,-0.04979,1.093822,1.219316,0.848104,0.695414,1.104809,1.083172,-0.04276,1.106655,-0.843195,-0.019508,0.717561,-2.368706,-1.93434,-1.457312,-0.923112,0.603388,0.044354,-1.062318,1.955198,-0.8658,-0.799126,-1.136826,-0.231726,0.069997,-1.929678,0.247891,-1.119784,0.107776,-0.285081,0.971911
AMO1,-0.108274,-0.570987,0.162505,0.933393,-0.562942,0.181949,0.207508,-0.166754,-0.194022,-0.35524,-0.415519,-0.738326,1.054779,-0.554987,-0.866107,-0.061295,-0.359291,-0.016435,0.035324,-0.043929,0.173398,-0.355481,-0.117316,-1.577368,-0.920522,0.716635,0.478007,-0.012077,0.108515,0.068325,1.359358,1.114149
AN3CA,0.323131,-0.58552,-0.29848,1.288629,-0.560651,-0.89359,0.907394,0.057288,0.477709,0.863637,-0.365128,0.377029,0.227245,-1.921661,-0.582666,-0.168736,-1.307922,0.149724,-1.145432,-1.792008,1.605269,0.778761,-0.646659,-0.828822,-0.749559,-0.157121,-1.193166,-0.139214,-0.443817,-0.642792,-0.333682,1.418361
AU565,0.239136,-0.553604,0.179222,1.477268,0.081408,-0.657816,1.189801,0.929754,-1.173646,0.663389,-0.665883,-0.050941,-0.206942,-2.28376,-2.0591,-0.381909,-0.601366,-0.225283,-0.336264,-1.850392,1.025106,-0.76851,-0.277165,-1.004917,-0.823231,-0.112196,-0.327829,-0.017206,-0.015793,-0.775446,-0.169508,2.058062
BEN,-0.807089,-0.517789,0.847582,1.213065,-0.016534,-0.504086,1.406376,0.584565,0.178669,0.595516,-0.231193,-0.607928,-0.034956,-1.867707,-1.291619,-0.695825,-0.729327,1.30894,-0.348189,-1.382027,1.865667,-0.398914,-0.960776,-1.7338,-1.405274,-0.080015,-0.984259,1.162499,-0.354971,-0.361323,-0.104654,0.493207
BFTC909,0.481707,0.284138,-0.264788,1.687669,-0.002296,-0.379176,1.473343,1.697579,-0.25301,0.521597,-0.569186,-0.766122,0.592433,-1.829737,-1.227915,-0.650768,-0.502524,0.397053,-0.146461,-1.289681,0.938816,-0.654789,-0.172675,-0.855139,-0.020328,-0.379819,-0.40843,0.95306,-0.233318,0.724699,-0.827713,0.734676
BICR22,-0.546099,0.652473,0.774776,1.024717,-0.02183,-0.724548,2.314212,0.594956,-0.269739,0.737827,-0.079746,-0.209907,-0.228026,-1.086463,-0.251015,0.284134,0.096663,-0.038443,-1.122304,-1.038884,1.040718,0.39107,-0.799566,-0.219816,-0.455207,-0.136786,-1.301461,-0.567797,-0.003494,-0.16492,-1.060798,0.632502
BICR31,0.202836,0.731316,0.353614,0.385158,-0.297634,-0.311112,-0.169781,0.545636,-0.465865,0.753049,0.578601,0.21568,0.046147,-1.98126,-0.000731,-0.39006,-0.748973,0.222479,-0.578671,-1.126268,0.807072,-0.44194,0.034024,-1.335088,-0.762729,0.136003,-0.986545,1.032403,-1.773778,0.328045,0.173952,0.345773
BICR78,0.335411,-0.32678,-0.042975,1.164907,-0.794174,0.637266,2.078974,1.418725,-0.118128,-0.010999,-0.735045,-0.230457,-0.364211,-1.595455,-1.879947,-0.761064,-0.677824,0.542731,-1.106862,-0.861187,0.954743,0.077628,0.365444,-1.608321,-0.39232,-0.512392,-0.712246,0.290841,-0.874141,0.226915,-0.966041,1.185489
BT474,-0.184103,0.137601,0.134605,2.699375,-1.321079,0.568134,1.994697,0.869714,-0.834085,0.848624,-0.573197,-0.005495,0.34657,-2.213678,-2.245299,-0.701129,-1.057734,-0.479155,-1.760348,-1.317886,1.838766,-0.362084,0.09,-1.530614,-0.921117,-0.256457,-1.278994,-0.039744,-0.514409,-1.200241,-0.205235,2.452151
BT549,0.612591,0.35646,1.464598,1.992997,-1.148869,-0.868204,1.228213,0.761727,-0.199172,0.16643,-0.35871,-0.83204,-0.069709,-2.569856,-2.144383,-1.224389,-1.476017,0.833389,-1.360534,-0.061601,1.676492,-0.127841,-0.363301,-1.039777,-0.818899,0.169217,0.157175,0.318487,-0.011324,-0.636154,-0.604497,2.692415
BV173,-0.18695,0.871003,0.518869,0.106745,0.256555,0.426633,0.713195,-0.589615,-0.483163,0.014453,-0.155268,0.191696,0.150488,-1.155063,-0.249308,0.162055,0.021886,0.620442,0.18565,-0.130182,0.338278,-0.887995,0.232011,-0.259098,-0.002887,-0.610118,-0.833734,0.622282,-0.172785,0.266444,-0.13912,0.486729
BXPC3,0.912948,-0.381559,0.62676,1.129666,-0.42646,-0.363784,1.522069,0.446317,0.20841,0.037465,-0.507492,-0.635988,0.939678,-1.611209,-1.025265,-1.245175,-0.771424,0.72559,-0.770163,-0.729131,1.05089,0.502946,1.209784,-1.454409,-0.709149,0.8258,-0.238609,0.07425,-0.746755,-0.401516,-1.209841,1.195656
C2BBE1,0.037811,-0.534179,0.686634,1.772498,0.520747,-0.753662,2.208618,0.727135,-0.535007,0.927122,-1.065053,-0.315,0.346216,-1.833331,-1.73024,0.616496,-1.419723,0.076059,-1.298508,-1.812781,1.27433,0.349111,0.783649,-1.833941,-1.007871,0.35627,-1.527134,0.724815,-0.551377,-1.074916,0.119754,2.911192
C32,0.186311,-0.330999,0.785395,1.677968,0.097008,0.772855,1.477995,0.362093,-1.155345,0.172717,-0.476242,0.435307,-0.018796,-1.785947,-1.71921,0.036447,0.258808,0.046277,-1.145416,-0.878826,1.794767,0.699399,0.358947,-1.592897,-0.244662,0.664379,-0.731464,0.626303,-0.062454,0.295308,0.094228,2.161686
CADOES1,0.259153,-0.02204,1.050132,0.642358,0.022781,-0.358214,1.103962,1.168723,-0.228368,0.397562,-0.999667,0.051793,0.489686,-0.238455,-1.344009,-0.278379,-0.574119,1.005544,-0.674146,-0.834919,1.315184,-0.062472,-0.176625,-0.885971,0.161215,-0.436726,-0.727652,-0.090845,0.183108,-0.96285,-0.694613,1.466599
CAKI1,1.201686,-0.149486,0.268655,2.225087,-0.92149,-1.296872,1.5519,0.39622,-0.906567,0.811768,-0.268942,-0.674831,-0.436084,-1.177414,-1.129679,-0.523816,0.069106,-0.270009,-1.528581,-1.537077,1.213321,-0.068748,-0.063665,-1.025591,-1.084897,0.815433,-1.011813,0.875508,-0.33521,-0.017635,-0.22259,1.786048
CAL148,0.602375,0.586354,0.464687,1.216148,-0.177339,0.587597,0.555235,1.334642,-0.285682,-0.408437,-0.198124,-0.60401,0.557211,-1.40874,-1.198955,-1.262882,-0.799157,-1.034156,-1.305661,-0.418796,1.222083,0.084997,-0.445284,-0.8299,-0.309783,-0.516428,0.100531,0.65123,-0.45029,-0.151581,-0.236221,0.027049
CAL27,0.227528,-0.438728,-0.042973,0.936047,0.733325,0.154915,0.830722,0.828774,0.367816,0.845841,-0.297765,-0.652683,0.52015,-1.155714,-0.771711,-0.079883,-0.191172,-0.045483,0.016834,-0.899527,2.073666,-0.50419,0.915716,-0.908168,-0.710521,-0.163534,-0.973786,0.477656,-0.163161,-0.493042,-0.437511,2.380471
CAL29,1.238292,0.113911,0.507356,1.208373,0.130208,-0.687934,1.062031,-0.25565,-0.15437,0.732686,-0.591008,0.435835,-0.430444,-2.174792,-1.188354,0.099587,0.078294,0.007499,-0.145306,-1.084125,1.018779,0.271596,0.377077,-1.86245,0.327808,0.773681,-1.180625,0.481176,-0.205864,-0.089599,-0.728837,1.060798
CAL51,0.34024,0.488099,0.732115,0.897117,0.219436,-1.590673,1.696736,-0.324438,-0.514878,-0.174235,-0.976694,0.249417,-0.061887,-1.186524,-1.249367,-0.1611,-0.681412,-0.418159,-0.147203,-1.250609,0.263352,-0.374518,0.798372,-0.587464,-0.561221,-0.095796,-0.978834,1.305384,-0.235909,0.007713,0.087506,1.435817
CAL78,0.336329,-0.227848,0.571643,1.409784,0.144211,-0.193616,1.847407,0.679391,-0.400986,-0.490253,0.023541,-0.263547,0.725933,-3.242524,-0.573551,-0.597144,-0.395806,-0.225232,-0.545216,-1.851257,1.062695,0.745268,-0.032009,-1.227504,-0.075523,0.351871,-1.004266,0.534834,0.63839,-0.302378,-0.463769,2.262512
CAL851,0.995809,0.47019,0.897073,0.786968,0.607862,-0.782012,1.559901,0.307378,-0.450818,0.648319,-0.252668,-0.204449,1.022675,-1.479789,-1.660624,-0.01949,-0.308662,-0.33351,-0.511215,-0.909122,1.158508,0.486472,-0.014796,-1.20802,-0.5721,0.106727,-1.57477,-0.384921,0.261511,-0.683658,-1.03239,0.57545
CALU6,0.153723,-0.793265,1.43804,1.955851,-0.567146,0.903163,1.995349,0.568695,-1.696956,1.662351,-1.13627,-1.266385,0.741795,-0.602846,-0.951139,-0.253719,-0.667515,0.726081,-0.485582,-1.204862,1.448378,-0.246387,-0.31265,-1.49765,-1.365095,0.056503,-1.590811,-0.193879,-0.482263,0.418114,-0.114069,0.979357
CAOV4,-0.085538,0.35646,0.042431,1.14261,0.082091,-0.677093,1.353908,-0.034672,-0.687515,0.606943,-1.178338,-0.163509,0.18955,-1.300236,-1.309319,0.218764,-0.771928,0.044227,-0.687033,-0.892043,1.232077,-0.165736,-0.295355,-1.505397,-1.149856,0.966185,-1.570313,-0.03689,-0.85411,0.207116,-0.643261,2.150088
CAPAN1,0.156033,0.002328,0.224883,2.583537,-0.826097,-0.077371,1.883588,0.968253,-0.558398,0.473351,-0.43784,-0.535541,0.721985,-0.792859,-1.989996,-1.242734,-1.048947,1.601612,-1.302667,-0.581555,2.292886,-0.500781,0.351485,-0.599261,-0.729633,0.008254,-1.432714,-0.134657,-0.920518,-0.901353,-0.579897,1.452615
CAS1,0.65156,-0.926777,0.862617,2.056166,-1.248912,-0.064999,2.313712,0.221253,0.33094,0.793526,-0.851333,-0.5292,0.539614,-2.021468,-1.587338,-1.065588,-1.005539,-0.368599,-1.033018,-1.972169,1.209871,0.375019,0.618343,-1.229042,-1.132134,-0.038806,-0.63239,0.475263,0.513132,-0.117323,-0.551657,1.839249
CCK81,0.405001,-0.170384,0.795088,1.515436,-0.552438,-0.825049,0.157239,0.776569,-0.871365,-0.706997,-0.121268,0.929368,0.161725,-0.883574,-1.133642,-0.432326,-0.230134,0.068845,-0.484609,-0.800838,0.663967,0.342282,-0.041498,-1.348034,-0.102434,-0.373703,-0.769661,0.251266,0.133952,0.038725,-0.422237,1.670164
CFPAC1,1.172311,0.146071,0.62743,0.807301,-0.757515,-0.377555,1.21244,0.643811,-0.422713,0.7861,-0.480468,-0.204189,0.264697,-2.825877,-2.126846,-0.61225,-1.577904,0.601871,-0.10699,-0.74746,1.30137,0.528453,0.13921,-1.53734,-0.829706,-0.044668,-1.299881,0.446152,-0.496764,-0.278716,-0.359608,2.374861
CHAGOK1,0.935861,-0.870795,-0.675732,1.88094,-0.900796,-0.329725,0.880876,-0.188605,-0.165067,0.883219,-0.718431,-1.727843,-0.048516,-1.580135,-2.340642,-0.430273,-0.947833,0.581351,-0.783099,-1.797531,1.9588,-0.288846,0.049032,-1.789182,-0.726974,-0.339435,-1.154903,1.204603,-1.243504,-1.077551,0.17704,1.614748
CHP126,0.009648,0.424146,0.14599,1.968346,0.176713,-0.406194,2.172925,0.228915,0.045739,0.525598,0.329758,0.458041,0.183663,-1.702463,-0.965247,-0.728479,0.304881,0.286017,-0.811851,-0.886276,0.342017,-0.642252,0.646999,-1.315686,-0.90067,0.345187,-0.204697,0.619806,0.081828,-0.580519,-1.127841,2.034151
CHP212,0.116778,-0.202833,1.026748,1.130883,0.096838,0.951404,0.562467,0.893619,-0.23436,0.438084,0.504759,-0.006852,0.404627,-0.535022,-1.148285,-0.734438,-1.089505,-0.807226,0.519687,-1.342375,0.710013,-0.264822,0.191513,-0.38987,0.125428,-0.229431,-0.72802,0.351649,-0.460653,0.640349,-0.091418,1.404559
COLO668,0.7578,0.468056,0.646461,0.658893,-0.001144,-0.526652,1.091226,0.951918,0.216163,0.476348,-0.243363,0.451343,0.328067,-0.341443,-1.197847,-1.363027,-0.492704,0.460317,-0.134536,-0.875675,1.188827,-0.805947,-0.046548,-1.648208,-0.757538,0.389501,-0.153015,0.51982,-1.113506,-0.028077,0.081834,1.285031
COLO679,0.385448,-0.118601,0.19753,1.711467,-0.273764,-0.003509,0.994758,0.480327,-0.066453,0.307801,0.441355,-0.624051,0.332746,-1.27651,-2.280409,-1.392592,-1.685415,0.91754,-1.103047,-0.007367,1.052934,-0.113384,0.832566,-0.294756,0.534874,0.705222,-0.536408,0.638486,-0.157941,-0.541296,-0.957194,1.685551
COLO680N,0.554048,-0.404524,1.181598,2.43739,-0.25709,0.437493,1.461185,0.890656,-0.962501,-0.235137,-0.637637,-0.660145,1.068066,-2.146481,-2.731607,0.203531,-0.692729,0.695402,-1.281629,-2.296982,1.6998,0.25386,1.029184,-1.061653,-0.944902,-0.417081,-1.410582,-0.400796,-0.61128,-0.449134,-1.007256,1.586041
COLO684,0.693375,-0.387874,-0.015688,-0.097501,-0.219561,0.680337,2.21864,0.44597,-0.713739,0.711257,-0.906502,-0.258446,0.595707,-1.068165,-1.566152,-0.596046,-1.329195,-0.13724,-0.911325,-1.057627,1.744989,-0.60003,0.805697,-1.38781,-0.489156,-0.276113,-2.223758,0.772233,-0.159495,-0.397041,-0.49536,1.885985
COLO792,-0.384268,-0.375036,0.914805,0.590154,-0.040371,-0.865428,1.495419,0.59556,-1.182799,1.016017,-0.737688,-0.777366,0.293676,-0.954892,-1.886571,-0.418575,-0.595109,0.597719,-0.637528,-1.312314,0.757641,-0.137382,-0.482097,-2.599421,-0.216824,0.540624,-2.101411,-0.204584,-0.17049,0.795608,-0.470524,1.116453
CORL311,0.242243,0.594553,0.112133,0.623571,-0.398675,-0.633957,1.122246,1.3279,-0.153852,0.238314,-0.457228,-1.094471,0.604104,-1.324255,-1.249035,1.218811,-0.531041,-0.164785,-0.823187,-0.374559,1.041254,-0.870815,0.50498,-1.291214,0.570934,0.614542,-0.996895,0.892901,-0.36958,0.230428,-0.161858,0.821177
CORL88,0.166549,0.379051,0.469361,1.295481,-0.70776,-0.018383,2.583802,0.220706,-0.449435,1.239506,-0.495411,-0.231677,-0.293321,-1.66681,-1.789355,-0.059925,-0.402031,1.603721,-0.60287,-1.225551,1.538085,-0.398546,0.23563,-1.548384,-0.450957,0.767848,-1.634824,0.939292,0.068064,-0.345801,-1.652471,1.517081
CORL95,1.129158,-0.14523,0.127105,1.22142,0.193724,0.046797,1.408708,0.55922,-0.650181,0.06382,0.359247,-0.611838,0.842722,-1.090787,-1.170015,-0.759925,-0.778232,0.291993,-1.330529,-1.20448,0.828761,0.37536,-0.166963,-1.278122,-0.385145,-0.022115,-0.820448,0.126104,-0.145578,-0.955256,-0.51907,2.761879
D283MED,-0.272338,-0.40229,0.554029,0.788359,0.067916,0.137202,1.041699,0.906849,-0.010425,0.128227,0.123731,0.736325,0.044664,-1.364829,-0.237628,-0.318095,-1.55089,0.567847,-0.684148,-0.693048,0.83824,-0.008307,0.385699,-0.871233,0.006861,-0.078896,-0.158521,0.480005,-0.743214,0.4092,-0.543967,1.253614
DB,0.465481,0.84064,0.255767,0.689513,-0.142569,-0.28444,1.296021,-0.372711,-0.793222,-0.226051,0.212209,0.59105,0.085066,-1.170012,-0.943697,0.261896,-1.03836,0.297489,-0.027617,-0.550798,0.926404,0.372417,-1.3133,-0.469469,-0.635922,-0.852379,-0.397476,0.900001,-0.409528,0.310929,0.464729,1.708445
DEL,0.936797,0.338547,0.190037,-0.442805,-0.178098,-0.476686,1.456862,0.092538,-0.048806,0.403339,-0.087183,0.737998,-0.254421,-0.352651,-0.776892,-0.792247,-0.544077,0.055385,-0.428195,-0.678348,-0.358475,-0.09465,-0.736479,0.044963,-0.086805,-0.70269,-0.425289,-0.287724,0.018332,0.601626,-1.079092,0.493122
DMS273,0.253033,0.242949,0.540942,0.645369,-0.316552,-0.555027,1.597034,0.525302,0.635763,0.333514,-0.664974,-1.069178,-0.739308,-2.075126,-1.023177,-0.122711,-1.469806,0.658255,-0.850457,-0.873703,1.788984,0.297013,-0.08898,-1.401041,-1.440974,-0.285191,-0.877429,-0.241644,-0.468421,-0.157186,-0.515936,0.917148
DMS53,0.587347,0.080951,0.110711,2.24783,-0.28642,-0.227684,1.953367,0.893785,0.001134,0.693009,-0.775519,-0.29089,-0.326829,-1.883288,-1.763429,-0.673484,-1.089957,-0.622688,-1.193913,-1.383809,1.564182,-0.74248,0.701239,-1.875922,-0.066565,0.325928,-1.488718,1.268123,-1.205082,0.164181,-0.109054,1.540481
DMS79,1.136194,-0.24749,0.718032,1.479174,-0.274554,0.198019,1.795521,-0.194516,0.236337,-0.350677,0.105804,0.150836,-0.331167,-1.900082,-2.080686,-0.605503,-1.051125,0.668173,-0.149121,-0.553096,1.017104,-0.304591,-0.781906,-1.664896,0.000243,0.90604,-1.636659,0.03654,-0.545214,-0.118285,-0.937759,1.852673
DOHH2,-0.169764,-0.025919,0.360709,0.209124,-0.24985,-0.08646,0.169327,-0.081249,-0.192871,0.872677,0.217806,-0.210707,0.38119,-0.425584,0.353354,0.1088,-0.190585,0.266345,-0.908202,-0.754326,-0.398808,0.040947,0.875387,0.923025,0.245425,0.265419,-1.056143,-0.220543,-0.475098,-0.349861,-0.165422,0.014382
DU4475,-0.802268,0.321796,-0.292035,0.694176,0.948709,-0.548019,-0.669396,0.146508,0.373374,1.183851,-0.789596,0.072656,-0.141377,-0.774746,0.671458,-0.963604,-0.255214,0.352394,0.200347,-0.483791,0.706931,-0.280997,0.160038,-0.709073,0.105421,-0.14296,-0.245654,0.127098,0.336438,-0.135736,-1.113506,1.32972
EBC1,-0.054999,-0.437633,0.220967,1.907163,-1.255394,1.381331,1.792975,0.726333,-0.403495,0.577367,-0.110636,-0.050441,0.471614,-1.487744,-1.480325,-0.526028,-0.90873,0.818597,-0.430547,-2.601447,1.501932,-0.083478,0.044736,-1.33548,0.126007,0.562612,-1.308383,0.50446,-0.966939,-0.923455,-0.795325,1.914868
ECC10,0.803627,0.165502,0.789023,1.260938,-0.474921,0.061792,1.440048,0.882468,0.285328,0.711404,-0.129416,0.228412,0.146061,-1.700749,-1.217317,-0.742693,-1.004494,0.134659,-0.994104,-1.083921,0.018259,-0.042017,0.045067,-1.346679,-0.02883,0.541823,-1.561659,-0.133982,-0.780066,-0.662019,0.01854,1.122732
ECC12,0.291629,-1.119923,0.870435,0.680097,-0.169856,-0.06112,2.028001,0.000505,-1.910397,0.554936,0.504783,0.222028,0.311316,-1.878577,-1.068452,-0.966619,-0.626153,0.520908,-0.244786,0.174596,1.446966,-0.447155,0.04484,-2.100392,-0.811923,-0.109982,-1.244281,0.396791,-0.923784,0.311589,-0.513382,1.57605
EFM19,0.292298,-0.049404,1.007468,0.965378,-0.544134,-0.366924,0.777613,0.29528,-0.669335,0.93555,-0.294381,-0.33099,0.647698,-1.826085,-1.38915,-0.568087,-0.797631,-0.002735,-2.053453,-1.364378,2.057611,0.255726,0.544725,-0.690604,-0.455701,0.200543,-1.366044,0.187052,-0.243817,0.334014,-0.622407,1.476272
EFO21,0.71138,0.102659,0.205329,1.03234,-0.610492,-0.945556,2.006794,1.0248,-0.898743,1.502984,-0.500075,-0.51652,0.657506,-3.308545,-1.949906,-0.842876,-1.114769,-0.08604,-2.076843,-1.612966,2.286486,-0.774256,-0.338155,-1.477009,-1.374066,0.980138,-2.098119,0.85706,-1.024208,-0.116007,-1.133484,2.570399
EJM,0.399734,-0.606668,0.864966,0.906328,-0.293092,-0.675954,-0.075332,0.490474,0.847833,0.806583,-0.363481,-0.487061,0.195987,-1.187358,-1.907497,0.127817,-0.415674,0.599042,-0.474099,-1.06858,1.455552,0.123512,-0.125458,-1.374691,-0.364744,0.859207,-1.498414,-0.446892,-0.376247,-0.197284,-0.372772,1.536315
EKVX,0.518361,0.569577,0.020985,1.517348,-0.348595,-1.118541,1.914924,1.804041,-0.584972,0.803457,-1.217816,-0.898847,0.119273,-2.585393,-1.546821,-0.434281,-1.840262,0.5218,-0.902499,-1.221093,2.649093,-0.79389,-0.319785,-2.435739,-0.807428,0.373858,-0.966091,0.438507,-0.921689,-0.294064,-1.180692,3.393939
EM2,-0.559433,0.02434,1.330484,0.752773,-0.21023,-0.293925,0.686821,1.064024,-1.336926,1.033672,-0.939993,-0.362478,-0.09557,-0.647111,-1.64777,-0.045575,0.513813,-0.526968,-0.35192,-1.025884,0.934084,-0.101514,-0.287518,-0.45708,0.634322,-0.040875,-0.206442,-0.461783,-0.773749,0.092682,0.446001,1.08918
EN,0.353405,-0.142298,0.039722,1.865822,0.200781,-0.466414,1.386221,0.920799,-0.700329,0.523934,0.57411,-0.601638,0.069232,-2.287972,-1.398729,-0.667864,-1.364473,0.983263,-0.222389,-1.750103,0.571386,0.271972,-0.272989,-1.067354,-1.543923,0.560173,-1.787212,0.751079,-0.609488,-0.776427,-0.821239,2.244734
EPLC272H,0.401166,0.195277,1.442279,0.285592,0.644454,-0.111963,0.657708,-0.12715,-0.423683,0.841184,-0.388651,0.42908,-0.555961,-1.34734,-1.835442,-0.212373,-0.266597,0.009921,-1.938673,-0.890615,1.245855,0.043868,0.665231,-1.53434,-0.041529,0.674016,-1.696192,0.423207,-0.673165,-0.245252,-0.247985,1.054916
ESO26,0.14107,-0.116236,0.080868,0.925568,0.11392,-0.800148,1.855808,0.971244,-1.315563,0.184345,0.150235,-0.939632,0.001094,-1.613724,-1.271443,-0.667918,-1.275311,1.014177,-0.006052,-0.872292,1.455814,-0.621823,-0.350113,-1.112462,-0.315686,0.807749,-0.784545,-0.389298,-0.053152,-0.780277,-0.772142,1.911037
ESS1,1.270634,1.479023,0.659078,0.744864,0.138654,0.315238,0.706984,1.319088,-0.142804,0.546851,0.078449,-0.04499,0.552358,-1.359418,-1.226492,-0.858891,-0.336506,0.562056,-0.269809,0.061596,0.80215,0.210372,-0.508763,-0.976035,0.048789,0.485471,-0.77912,0.170537,-1.088813,-0.338715,0.114729,1.304891
FADU,0.626616,-0.079855,0.494185,0.823603,0.172032,0.033117,1.442335,0.318349,-1.43232,0.95959,-0.590479,-0.784199,0.530037,-1.645403,-0.776735,-0.117455,-0.425481,-0.444921,-0.081897,-0.939259,0.925657,-0.099342,-0.836962,-0.874985,-0.92708,-0.592306,-1.633109,0.840952,-0.769643,0.545893,-0.723721,0.549505
FLO1,-0.194716,0.51671,0.396095,0.840564,-0.091368,0.079526,1.714528,1.285936,-0.523493,-0.265923,-0.545909,-0.210728,-0.304787,-1.878908,-1.090576,-0.435865,-0.724894,-0.14925,-0.779785,-1.495784,1.51781,0.352379,-0.87367,-1.507531,-1.146699,-0.243828,-0.884133,-0.449849,-0.900538,-0.71547,-0.336756,1.390357
G361,0.018528,-0.017198,0.221373,1.027484,0.657876,0.491393,0.556434,1.001044,0.047107,-0.159717,0.055424,0.413235,-0.376458,-1.920142,-0.808686,-0.293735,-0.497876,0.410321,-0.498213,-1.741973,1.643142,0.412344,-0.063116,-1.109981,-1.181361,0.341852,-0.593116,0.255868,0.1034,-0.389838,-0.177289,0.904964
G401,0.270681,-0.165801,0.480963,0.681309,-0.198888,0.279881,0.679639,-0.366886,0.607825,0.999254,-0.909654,0.080016,-0.113895,-0.956245,-0.833764,-0.436949,-0.96783,-0.166573,-0.974445,-1.219019,0.799854,-0.486268,0.379426,-0.066561,-0.59959,0.182778,-0.404671,0.449642,-0.303576,0.205469,-0.101037,0.434469
G402,0.753936,0.35475,0.034782,0.998187,0.191118,-0.255193,1.551829,1.675351,-0.694837,-0.341688,-0.146041,0.061345,0.040134,-0.503496,-1.778323,-0.015058,-0.954121,1.061731,0.412452,-1.291356,0.667547,0.284633,-0.150149,-0.938734,-0.337312,-0.88852,-0.74694,-0.103312,-0.632737,0.534274,-1.015115,1.597508
GA10,0.04907,-0.192365,0.641046,0.748163,0.196423,0.395215,0.43381,-0.014803,-0.720786,-0.206751,1.298635,0.44555,-0.583689,-1.387504,-0.41384,0.06019,-0.110025,-0.008191,-0.40741,-0.372166,0.599302,-1.195354,-0.089266,-0.966533,-0.11904,1.534735,-0.253172,-0.014151,0.2329,0.130618,-0.018359,1.006544
GB1,1.561277,-0.71381,0.931826,1.171115,0.026495,-0.710587,1.48591,0.67596,-0.015867,1.041428,-1.120135,-0.47229,-0.095149,-2.682321,-1.959453,-0.757611,0.126527,0.553687,-1.663175,-1.797877,2.083424,0.801949,-0.72053,-2.468806,0.351326,0.313834,-1.669234,0.670462,-1.962397,-0.311318,-0.481758,
GCT,-0.045191,-0.08569,0.139394,1.543536,-0.665348,-0.42171,0.970166,1.038994,-0.007209,0.387066,-0.411685,-1.157249,0.075096,-1.803733,-0.293128,-1.078699,-0.209463,0.790561,-0.703802,-0.433601,1.548554,-0.015307,0.036215,-0.712695,0.042164,-0.209722,-1.729614,0.247767,-0.958387,-0.302928,0.059358,1.493271
GDM1,0.161057,-0.02178,0.662145,-0.563957,-0.389367,0.019631,1.180166,0.035967,-1.110739,0.509166,-0.487918,-0.76592,-0.223287,-0.79511,-0.936024,-1.30934,0.076468,0.752877,-0.007803,-1.087655,0.437663,-0.0862,0.324204,-0.189213,-0.567067,0.081745,-0.194179,0.865924,0.131608,0.287374,-0.179125,1.385667
GIMEN,0.732059,-0.577288,1.389096,1.965388,-0.470036,-0.488243,1.824353,1.046094,-0.399621,0.731489,0.35814,0.041479,0.352119,-1.559965,-2.346968,-0.397809,-0.170294,0.224497,-1.38753,-1.824964,1.01072,-0.632004,-0.113584,-2.214911,-0.56996,0.568864,-1.675462,1.158381,-0.38208,0.205707,-0.967526,2.39314
GRANTA519,-0.090691,0.318394,0.679575,1.672597,-0.802416,-0.662139,1.746081,0.229238,-0.198705,-0.186272,-0.00067,-1.043138,0.497927,-1.44085,-1.929403,-0.224366,-0.798115,0.01861,-1.33655,-2.275795,1.518202,-0.989342,0.109567,-1.437613,-0.159396,-0.049354,-1.219696,0.710291,-0.383002,-0.109281,-0.316876,0.929966
H4,0.648141,0.231148,-0.156606,0.70506,-0.146814,-0.194399,1.024541,1.132448,0.28593,-0.361466,0.05937,0.411546,0.324805,-0.49354,0.069397,0.206498,-0.425376,0.6932,-0.42067,-0.755017,0.620231,0.659096,-0.372542,-0.007543,-0.045702,-0.639415,-0.441237,-0.845986,-0.01343,0.284208,-0.622942,1.067676
HCC1143,1.485088,-0.394282,0.132963,2.298495,0.741816,-0.237613,2.120855,1.455624,-0.851392,0.312245,0.141481,0.366187,0.528905,-2.396695,-0.770612,-0.840559,-1.203432,0.492562,-0.151592,-1.017431,1.70641,0.000734,0.090821,-1.178077,-1.821542,-0.034859,-1.056506,-0.191266,-0.421135,-0.400562,0.262348,2.680909
HCC1187,0.230882,-0.204517,0.567777,1.196232,-0.121118,-0.597756,0.909213,1.027914,-0.123586,0.104434,0.014982,-0.750643,0.352504,-1.376269,-1.627372,-0.297641,-1.203901,0.195181,-0.950757,-1.691965,1.280098,-0.985118,-0.182525,-1.472733,-0.636383,-0.01718,-1.105572,0.590512,-0.123561,-0.597239,-1.163417,1.208461
HCC1395,0.14237,-0.283399,0.118288,0.53541,-0.410009,-0.091223,1.52464,0.317623,-0.571303,-0.041754,-0.375818,-0.786109,0.47458,-2.379645,-1.52016,-0.286371,-0.695102,1.590702,-0.530679,-1.599456,1.091148,-1.063562,0.012173,-1.523627,0.034683,-0.188578,-0.952761,-0.025843,0.4027,-0.387282,0.448723,1.846386
HCC1428,0.919853,-0.004588,1.082043,1.117566,-0.45944,0.102603,2.133735,0.346196,-0.667795,1.593526,-0.00987,-0.667477,0.806395,-2.79798,-3.209242,-1.230666,-0.602711,0.29246,-1.362616,-2.080001,2.955053,0.504429,1.201675,-2.026611,-0.596152,-0.606732,-0.834503,-0.070453,-0.712457,-0.947286,-1.116737,2.112729
HCC15,0.165656,-0.400276,0.33819,1.856539,-0.7738,-0.111082,2.101967,0.468935,-0.802801,0.397674,0.151747,-0.343247,-0.036856,-1.566877,-2.181884,-0.190907,-0.753227,0.143185,-1.277739,-1.778532,1.653033,0.401041,-0.254813,-1.117764,-1.558173,-0.187443,-1.103679,-0.099657,-1.036097,-0.609657,-0.422757,1.657479
HCC1500,-0.643748,-1.192672,0.316422,1.686421,-1.597843,-0.47394,1.248222,1.428623,-0.64181,0.710738,-0.372874,-1.510998,0.615668,-1.723359,-1.396655,1.424996,-2.011361,1.163091,-1.012726,-1.207946,1.379907,-0.428192,-0.22029,-1.198765,-1.279575,0.481445,-1.309627,-0.205482,-0.799833,0.349416,-0.843516,1.951903
HCC1599,0.063858,0.259452,0.902585,2.240739,-0.290173,0.13195,1.414031,1.31127,-0.765208,0.841466,-0.497905,-0.434649,0.255017,-1.527629,-1.549052,-0.378658,-0.086384,0.764345,-0.350276,-1.448498,0.822217,0.2825,0.496392,-0.49515,-0.772529,-0.018898,-1.814607,0.1285,-0.020878,-0.485374,-0.199847,1.50577
HCC1806,0.488077,-0.664604,0.467754,-0.495835,-0.247149,-0.968927,1.639609,0.892456,-0.074832,1.116645,-0.77865,0.567972,0.624922,-1.374175,-0.564444,-0.922238,-1.07709,-0.09802,-0.860525,-1.45533,1.573609,-0.277629,0.220579,-1.220395,-1.26764,0.207839,-1.711652,0.212295,-1.078423,0.802167,0.060715,1.268731
HCC1954,1.041225,-0.53711,0.805538,1.355124,-0.06097,0.443211,1.667769,0.77685,-1.214365,-0.032867,-0.443284,-0.337149,-0.365686,-0.371009,-0.66341,-0.162355,-0.798715,0.152885,-1.224315,-1.125223,1.336804,-0.806956,0.222742,-1.251849,-1.402562,-0.338775,-1.155404,1.253479,-0.216745,-0.908143,-0.252884,0.75292
HCC202,0.797468,-0.306856,0.287152,1.448223,-0.764319,-0.819288,0.522495,0.914904,-1.00175,-1.136316,-0.464533,0.035725,0.724895,-1.218132,-1.095139,0.287016,-1.45712,-0.032224,-0.372996,-0.503622,0.500834,-0.099197,-1.209344,-1.063772,-0.053948,-0.433952,-0.563999,0.417159,-0.480984,-0.065175,-0.791626,0.851791
HCC2157,0.597713,-0.002962,0.088275,1.009295,0.21937,-1.162896,1.509821,0.283953,-0.063813,0.918235,-0.958827,-0.629073,-0.001739,-1.518953,-0.148647,-0.759619,-0.874412,0.287312,-1.135974,-1.029801,1.022112,-0.299431,-0.006914,-1.103957,-1.07792,0.226139,0.199439,0.230517,-0.241193,0.17453,-0.989119,1.942398
HCC38,0.636914,0.666798,0.332072,2.551752,0.135023,0.023983,1.820331,0.703481,0.093897,0.655378,-1.483371,-1.060923,0.168055,-1.90864,-1.888769,0.003009,-2.067978,0.410737,-1.888373,-1.143437,1.533601,-0.033714,-0.359106,-0.896983,-0.066302,0.411412,-1.306206,0.695152,-1.001288,0.113161,0.175747,2.533149
HCC70,0.050207,0.065188,-0.105422,1.558698,0.029665,-1.130531,0.738552,0.499628,-0.542679,-0.151426,-0.192699,-0.263384,0.105027,-1.976455,-0.916828,0.357908,-1.088009,-0.043528,-0.513057,-1.359005,1.154862,0.181189,-0.898258,-0.531236,-0.418495,-0.11307,-1.006281,0.295113,-1.367439,0.503757,-0.482067,1.769093
HCC78,0.875619,-0.621881,0.758111,1.092186,0.234897,-1.252089,1.221685,0.316358,-0.161785,0.671771,-0.726854,-0.730989,0.139442,-1.988471,-0.96753,-0.637233,-2.268801,0.065551,-1.250212,-1.952512,0.561102,-0.127041,0.718679,-0.990299,-0.741468,0.317242,-1.15607,-0.044871,-1.060683,-1.110722,-0.679323,1.570071
HCC827,0.461044,-0.349767,0.191299,1.865914,-0.898679,0.147918,1.118295,0.410748,-1.214815,0.305667,0.012445,-0.219768,0.737331,-1.700902,-2.320652,-0.741992,-1.428707,0.987532,-1.529528,-1.001398,1.949426,0.683288,-0.135597,-1.104847,0.582589,-0.195075,-1.947806,-0.554746,-0.259569,-1.240692,-0.80318,2.118075
HCT116,0.417962,0.122152,0.535416,1.6371,-0.629541,-0.49187,0.64814,0.917807,0.142668,0.581019,0.288183,-0.894099,0.99211,-0.491683,-0.762104,0.522571,-1.491771,-0.056375,-0.962457,-0.564396,0.435009,0.230852,0.729503,-0.585686,-0.214725,-0.421276,-1.177389,0.870912,-0.003776,-0.210585,-0.603105,0.200439
HDLM2,-0.13587,0.84449,-0.119228,1.319862,0.315369,-0.815801,1.362671,1.086281,-0.371395,1.870636,-1.207072,0.154732,0.108233,-1.153079,-1.166867,-0.818881,-0.700221,-0.676171,-0.428789,-0.986975,1.498295,0.347445,0.238129,-1.07202,-0.878435,-0.266884,-0.33249,1.020378,-0.602208,-0.211636,-0.936319,2.076347
HDQP1,0.73129,0.85966,0.080568,1.033131,-0.07217,0.135365,1.159385,0.179337,0.06398,0.795938,-0.83,0.304003,0.779259,-1.468138,-1.344339,-0.174171,-1.243584,0.267179,-1.804824,-0.695057,0.395344,0.570539,-0.110873,-1.249104,-0.7507,-0.055011,-0.214334,-0.94243,0.156508,-0.065054,-1.086342,0.94868
HEL,1.100329,-0.54572,-0.234869,1.37241,0.045706,-0.592525,0.941715,-0.107876,0.302654,0.817012,0.021442,-0.06495,1.008285,-1.009857,-1.501233,-0.072001,0.508519,-0.341541,-0.659925,-0.537096,0.746518,-0.610301,0.596566,0.408134,-0.189223,-0.393497,-1.381897,0.327256,0.234962,0.083648,-0.318742,0.682872
HEP3B217,-0.277845,0.34271,0.806653,0.049607,0.668471,0.160596,1.552609,-0.256631,-0.936439,0.21851,0.001136,0.646676,0.483705,-1.154556,-1.44468,0.311352,-1.029305,0.983935,-0.632546,0.032614,1.13095,-0.190422,-0.223231,-0.939851,-0.079821,0.098479,-0.918469,0.12007,-0.28507,-1.221888,-0.095851,0.510413
HL60,-0.329212,-0.912553,-0.574279,0.081023,-0.471162,0.859987,0.523796,0.471198,-0.033643,0.335827,-0.269588,-0.829665,0.846005,-0.049565,-1.700653,-0.792136,-0.64448,-0.325716,-0.199379,-1.067721,1.812689,0.482796,0.139928,-0.196292,0.281748,-0.226714,-0.981514,0.226238,0.13159,-0.075787,-1.088258,0.521361
HOP62,0.496718,-0.186394,1.682193,0.943455,0.001204,0.492983,2.832541,0.622387,-0.258721,0.867844,-0.400187,-0.549835,0.477969,-3.321885,-1.512337,-0.541072,-1.199494,1.36108,-1.313111,-1.719016,2.570572,-0.65862,-0.202501,-1.604361,-0.164555,0.223084,-1.88302,0.137592,-0.949045,-0.352027,-0.433594,2.19932
HOP92,-0.375634,0.389348,0.794389,2.263305,-0.019435,0.309144,1.862265,1.464739,-0.223148,0.510705,0.658192,-0.035892,0.536462,-2.611743,-2.423444,-0.433654,-0.971997,0.017092,-0.866155,-0.662509,1.85955,-0.803397,0.013902,-1.872142,-0.755393,-0.092389,-1.426098,-0.240027,-0.683399,-0.581192,-2.085398,2.937152
HPAC,1.111409,-0.345986,0.748778,1.152787,0.580564,0.681365,1.881097,1.38783,-0.448285,-0.049004,-0.734926,-0.46569,0.048938,-2.293431,-2.014779,-0.682318,-1.130068,-0.171574,-1.395063,-2.254507,2.162018,-1.310558,0.653882,-0.933246,-0.77253,-1.174945,-1.494571,0.396786,-1.190958,-0.590592,0.07822,2.446931
HPAFII,0.06736,-0.94623,0.527116,1.517265,-0.001576,-0.517317,1.939651,1.785886,-0.092846,0.554483,-0.585714,-0.67494,0.848323,-2.353771,-1.816654,-0.573963,-1.330865,-0.351154,-0.806731,-1.536429,1.812929,-0.507544,0.682415,-1.957584,0.275549,-0.755542,-1.00991,0.638319,-1.038234,-0.098834,-0.001835,0.866659
HS578T,0.600878,-1.343923,-0.027096,1.886241,-0.45565,-0.751687,1.012221,1.573947,-1.24618,-0.143891,0.422639,0.601147,0.118538,-1.965778,-0.165791,0.401576,-0.37319,-0.185086,-0.663432,-1.073927,1.196708,0.566637,0.487224,-1.541191,0.305201,0.234615,-0.466347,0.997625,-0.978421,-0.223159,-0.689109,0.519398
HS683,0.544142,1.152567,-0.436553,1.12077,0.145481,-0.113239,1.122286,-0.076734,-0.23406,0.026628,-1.440893,0.249639,0.659813,-1.402394,-1.173078,0.117423,-0.643888,0.686588,-0.826562,-0.398264,1.254469,-0.071511,-0.584622,-0.920067,-0.822348,-0.23634,-1.266881,-0.252667,0.614021,0.447926,0.511022,0.77124
HS746T,0.51079,-0.779019,0.271739,0.997886,0.395798,-0.422093,2.044884,1.036198,0.702714,-0.220702,0.186306,0.127698,-0.255225,-1.326701,-1.482005,-0.651629,-1.380854,-0.058942,0.156279,-1.350686,1.793123,-0.61143,-0.325328,-0.821939,-1.195551,-0.101497,-1.084041,0.415084,-0.664125,-0.081128,-0.229172,2.139231
HS766T,0.10628,-0.308864,1.378682,2.28454,-0.968887,-0.106697,0.915876,0.949217,0.382561,0.180539,-0.976178,-0.17979,-0.479524,-2.624349,-1.782531,-0.995425,-1.339753,0.751166,-0.884568,-1.570239,1.598437,-0.087321,0.019592,-1.489757,-0.90515,0.04252,-1.883411,0.435697,-1.130045,-0.908891,-0.596502,2.340755
HS940T,0.787507,-0.325812,0.720481,1.489834,0.035677,-0.599523,1.333916,0.794008,-0.370761,-0.610612,-0.289276,0.734901,0.012917,-1.889652,-1.188743,-0.292168,-0.211245,-0.378359,-0.358351,-0.830933,1.097607,-0.010686,0.568574,-0.69991,-1.00559,0.498527,-0.950125,0.336012,-0.442339,-0.307713,0.116064,1.435113
HT1080,-0.053871,-0.337587,0.749017,2.16581,0.063063,-0.663736,2.85102,0.914018,0.159537,0.476739,-0.20531,-0.05461,0.855535,-1.419987,-1.320726,-0.730232,-1.317439,0.486364,-0.458256,-1.549788,2.025346,0.496356,-0.389383,-1.869563,-0.62464,0.266781,-1.434568,1.058749,-0.399716,-0.277366,-1.330792,1.228633
HT1197,0.659201,-1.210681,1.182671,1.511356,1.37703,0.909459,1.558378,0.74823,0.007539,1.418158,-1.302941,-1.379529,-0.058347,-1.706586,-1.552819,-0.052286,-1.657504,-0.829917,-0.519202,-1.888905,0.521269,-0.163236,0.467105,-1.54883,-0.797399,0.03615,-1.387223,-0.281699,-0.984561,-0.043963,-0.467496,2.018282
HT29,-0.120005,-0.195851,-0.596203,1.246944,0.536441,-0.915041,0.907448,0.747906,0.269558,0.188306,-0.698384,-1.338478,0.235643,-0.43331,-1.172488,-0.438553,-0.608845,0.233324,-1.096726,-0.661899,1.226969,-0.162813,-0.436353,-0.431244,-0.081452,-0.192144,-0.373996,0.036795,-0.847567,-0.601578,-1.342911,1.643749
HUH1,-0.404545,-0.75647,-0.371442,1.523882,-0.316061,-0.404232,1.10343,0.203432,-0.250818,0.282918,-0.318592,-0.921774,0.339466,-1.316773,-1.481539,-0.784697,-0.913417,0.20297,-0.930249,-1.615805,1.425715,-0.126235,-0.427205,-1.973742,-1.254341,-0.686017,-1.792801,0.466255,-1.06434,-0.043292,-0.601688,0.9214
HUH7,0.888065,0.249358,0.234032,1.928944,-0.692508,-0.215405,1.150006,-0.030448,-0.721244,0.550453,-0.72184,-1.117625,0.073122,-2.024627,-1.96914,-0.543331,-1.47811,0.94051,-1.612857,-1.350106,2.245035,-0.014351,-0.025052,-1.872079,-0.096331,-0.586303,-1.784041,0.225223,-0.059037,-0.139314,-1.163092,1.935275
HUPT3,0.272807,-0.516333,1.245692,1.092433,0.530991,0.140734,2.389335,0.664594,-0.623133,-0.083078,-0.803422,-0.296963,0.930549,-2.787543,-2.196784,-0.732182,-1.880486,0.662593,-1.422213,-1.746715,1.485331,-0.658288,0.075324,-1.771355,-0.821555,-0.234717,-1.184149,1.265477,-0.631368,0.157475,-1.397669,2.241619
HUPT4,-0.042657,-0.879319,0.290146,2.147535,0.236464,-0.117024,0.842471,0.683683,-0.327427,0.640501,-1.394003,-0.919621,0.21446,-1.681007,-2.855322,-0.653892,-0.960296,0.744945,-0.57862,-1.147497,1.093158,-1.18401,-0.127732,-0.950645,0.142138,0.468277,-0.957903,0.572562,-0.889959,-0.362193,0.221547,1.415728
IALM,1.404314,-0.327173,1.441073,1.126888,0.011559,-0.649758,1.19018,1.031529,-0.059453,0.229549,-1.306418,-0.605611,0.24706,-2.025118,-1.598116,-0.705435,-0.289414,0.489763,-1.264428,-2.503014,1.630008,-0.439519,0.561304,-1.480944,-1.243894,0.219428,-1.047437,1.215509,-0.278063,0.029881,-0.693056,2.420124
IGR1,1.056365,-0.786531,0.38808,0.93713,-0.013888,0.411661,1.073747,-0.528301,-0.614053,0.928186,-0.133865,-0.190596,0.070253,-2.302032,-1.241195,-0.905732,0.211964,0.558314,-1.079338,-1.532893,1.227082,-0.315936,0.617095,-1.144806,-0.838849,1.041605,-0.975485,0.710877,-0.826029,-0.071905,-0.367289,0.664685
IGR37,1.385801,0.540057,0.294507,0.608393,-0.004487,-0.134907,1.380136,0.68006,-0.104304,1.13672,-0.068762,-0.879402,0.865495,-0.63633,0.262797,-0.989833,-0.649657,-0.801803,-0.414731,-1.349329,2.077565,-0.559198,-0.79318,-1.320335,-1.402199,0.459998,-1.908827,0.300259,-1.49619,-0.382224,0.363592,1.590519
IGROV1,-0.125117,-0.100955,0.408837,1.176507,-0.827976,0.151747,-0.377322,0.158808,-0.533951,0.651595,-0.27476,-0.990284,-0.343129,-1.08176,-1.104354,-0.636671,-0.865654,0.542074,-0.819385,-0.915884,1.989738,-0.851217,-0.884235,-0.487726,-0.675378,-0.090644,-1.101106,0.102025,0.428485,0.220997,0.059668,0.435329
IM95,-0.178529,-1.530061,0.113039,1.695784,0.071303,-0.297914,1.251192,0.269005,-0.272894,0.816634,-1.178376,-0.222457,0.65963,-1.736929,-1.028461,0.957863,-0.861777,0.447847,-1.094857,-1.038298,1.401701,-0.083053,-0.455869,-1.03569,0.295946,0.312984,-0.439052,0.181808,-0.10517,-0.093531,-0.956429,1.639877
J82,0.100215,-0.482359,0.871899,1.976278,-0.875603,0.246025,2.181079,0.568567,-1.332168,0.578627,-0.779079,-0.502312,0.1088,-3.29969,-2.264097,-0.827562,-0.89858,0.028001,-0.250303,-2.650603,2.414381,-0.383094,0.510827,-1.669816,-0.083489,-0.060572,-1.930518,1.161095,-0.777515,-0.239257,-0.10468,1.70678
JEKO1,0.501052,-0.351539,0.199016,0.65952,-0.845951,-0.485251,1.321912,0.757209,-0.223477,0.343633,-0.336799,0.487667,-0.001141,-0.66719,-0.132998,-0.618831,0.36484,-0.636608,0.443164,-0.764397,0.478544,-1.037416,-0.199758,-1.103056,-0.52664,-0.023255,0.007791,0.257576,-0.092005,-0.667151,-0.686657,1.657505
JHH1,0.114865,0.693806,0.507578,1.480484,0.307746,0.408526,1.478505,0.551298,-0.483967,0.695975,-0.004472,-0.450255,0.544464,-1.039216,-1.484782,-0.390331,-1.743232,-1.010132,-0.687789,-1.419202,1.166214,-0.097535,0.035389,-0.819988,-0.485711,-0.265721,-0.622893,0.256355,-0.32014,-0.522032,-0.909359,1.841228
JHH6,0.557343,0.086558,0.584058,0.771082,-0.476097,0.137217,1.602889,0.728005,-0.027527,0.245792,-1.285399,-0.596878,0.026284,-2.60523,-2.000875,-0.377906,-1.128022,0.502037,-0.100427,-1.73789,1.764793,-0.505026,-0.348281,-1.872707,-0.843179,0.302767,-0.102082,0.058682,-0.874509,-0.355092,-0.469481,2.186222
JHOS2,1.03523,-1.322641,-0.680776,0.957641,0.363302,-0.968159,-0.253763,0.893066,-0.249792,-0.115632,-0.859596,-0.853528,0.246797,-1.827647,-1.118356,-1.872402,-1.23015,-0.314279,-0.846932,-1.386957,1.559081,-1.108385,0.076199,-0.848615,0.497408,-0.15308,-0.748859,-0.604541,-1.671424,0.191492,-0.479071,2.055459
JURLMK1,-0.518428,0.213111,1.153829,0.725816,0.058966,-0.075041,-0.250445,0.937773,-0.464474,0.436047,-0.938511,-0.747507,0.799514,-0.821821,0.142281,-0.229604,-1.26407,0.552493,-0.602561,-0.129107,0.509129,-0.848046,0.105024,0.615444,0.062071,0.008819,0.147745,0.232611,-0.098714,-0.644631,-0.086918,1.145225
JVM2,-0.244515,0.663948,0.180403,0.088153,0.41702,-0.225188,0.931421,0.122208,-0.193914,0.436312,-0.016436,-1.160459,-0.476098,-0.203658,-0.668631,-0.458289,-1.033098,-0.430093,-1.328098,-0.543998,0.212774,-0.562164,-0.010472,-0.31572,0.856431,-0.717193,0.177616,0.617793,-0.599367,-0.000279,-0.43901,0.739898
JVM3,0.885396,0.266385,0.424901,0.186,-0.803703,-0.165904,1.019257,-0.561447,-0.651201,0.20604,-0.614388,-0.518932,-0.148068,-1.186753,-0.941392,0.203611,-0.920457,-0.716166,-0.554179,-0.006013,0.28758,-0.291758,0.039966,-1.248122,0.103966,0.220934,-0.507818,0.601918,-0.721952,0.487124,-0.081238,0.3196
K562,0.372863,-0.160188,1.109291,0.635404,-0.561713,0.337711,0.919274,1.0417,0.487911,0.217234,-0.016458,-0.935767,0.563838,-1.374783,-1.092812,-0.75612,-1.611093,0.493805,-1.731482,-1.247086,1.600113,-0.078049,1.026213,-0.585447,-0.746485,0.099141,-0.910714,-0.501552,-0.93309,-0.505178,-1.481823,1.45123
KALS1,0.364711,-0.972633,0.840058,1.858069,-0.117116,-0.392651,1.851192,1.096007,-0.308715,0.122097,-0.31815,0.139012,-0.05999,-0.835547,-1.961801,-0.537631,-1.333847,0.421158,-1.765484,-1.664092,0.897554,-0.154713,0.563737,-1.080326,-1.722028,1.13029,-0.98605,-0.0182,-0.513045,-0.199214,-0.926085,1.92339
KARPAS299,-0.049906,-0.272837,-0.012159,0.06196,-0.046738,0.173002,1.064448,0.802135,-0.07774,0.010895,0.183017,-0.916755,-0.326689,-1.45982,-0.341436,0.184055,-0.273922,0.696551,-0.903658,-0.547415,0.686385,0.308065,-0.023104,-0.920543,-0.007735,0.494768,-0.922351,0.161451,-0.836157,-1.398091,-0.207253,1.251
KARPAS422,0.445977,-1.062448,0.235244,-0.143492,0.536385,-0.691483,1.629007,0.959529,-0.747967,-0.22238,-0.118646,-0.71746,0.204659,-1.454536,-1.984269,-1.471754,-0.528847,-0.081529,-0.852281,-0.547544,1.516021,-0.279427,-0.127483,-0.653295,-1.023636,0.181907,-0.453848,0.578328,-1.349213,-0.565627,-0.820646,1.224387
KASUMI1,0.348239,0.71833,-0.106831,0.081955,0.523987,0.097443,0.976767,0.31102,-0.680509,-0.548742,-0.876392,0.229888,0.646843,0.509193,0.04697,0.459313,-0.509954,-0.509966,0.227853,-0.097855,0.372002,0.144656,0.176257,0.33251,0.529275,0.296198,0.172952,0.338618,-0.36102,0.314938,-0.827914,0.929186
KCL22,-0.358592,0.076466,-0.111364,1.008507,-0.129473,-0.90988,0.969158,0.07979,0.214992,0.261362,-0.024961,-0.702567,-0.178404,-1.148646,-0.400468,0.568511,-0.889249,0.689419,-1.521142,-1.275703,0.224851,-0.784739,-0.759347,-0.478089,-0.368608,0.243001,-0.207813,0.31333,0.040276,-0.174924,-0.882615,1.418922
KE37,-0.154432,-0.506803,0.093756,-0.026755,-0.27477,0.105976,0.619671,-0.23242,-0.376293,0.690224,0.117469,0.906149,0.658322,0.032405,-1.180538,0.223307,-0.312276,-0.186841,-0.172148,0.074191,0.663879,-0.502929,0.390279,-0.720719,-0.04523,-0.120383,-0.434132,0.489107,-0.689539,0.89031,-1.080286,0.223699
KG1,0.531249,0.195806,0.401114,1.032651,0.042102,-0.278697,1.797089,0.954473,0.109252,-0.104987,-0.362634,-0.474784,-0.334186,-1.153216,-1.470858,-0.064137,-1.240902,1.078508,-1.080937,-0.874534,1.417289,-0.442656,0.473292,-1.607449,0.346698,0.084373,-1.100293,0.11222,-0.014104,-0.495499,-0.793987,1.18002
KLE,0.020633,0.74072,0.511055,2.283481,-0.182404,-0.779386,1.933592,1.333097,-0.669841,1.261891,-0.057526,-0.111661,0.066887,-2.886153,-2.422039,-0.591406,-0.969129,-0.700428,-1.117555,-1.652846,1.658535,0.36877,0.293699,-1.092055,-0.77555,0.604762,-0.593916,1.116561,-1.282627,-0.484538,-0.910448,2.516053
KM12,0.697338,-0.51803,0.495727,0.075969,0.554019,-0.423129,1.153924,0.392363,0.238275,-1.031903,-0.338726,-0.384979,-0.054297,-0.501072,-1.673546,-0.015018,-0.544031,0.854821,-0.981023,-1.373469,1.593055,0.05168,-0.72432,-1.28551,-0.194958,0.497971,-1.160283,-1.189252,-0.166649,-0.81814,-1.437691,-0.095473
KMH2,0.723242,-0.023722,0.299547,1.664207,0.16958,0.659078,,0.471341,-1.107265,0.23075,-0.41936,0.016782,0.176836,-0.906459,-0.746514,0.719463,-0.802506,-0.270434,-0.455086,-1.300337,1.674141,-0.285358,-0.239794,-1.142778,0.012607,-0.00825,-1.053657,1.071878,-0.810504,-0.167935,-0.056946,0.363655
KMRC20,0.701364,-0.655942,1.012815,0.932914,0.128957,0.335504,1.897128,0.838275,-0.55159,0.215595,0.305202,-0.78221,-0.293854,-1.44393,-1.999775,-0.997155,-1.662286,0.050346,-0.884521,-1.189877,1.83661,0.0538,-0.032731,-1.422076,-0.250419,0.739284,-1.005621,0.114296,-1.054168,-0.993461,-0.225592,2.008959
KMS11,0.539524,-0.134154,1.030552,0.527074,0.359387,-0.137611,0.493331,0.683822,-0.032268,0.45248,-0.193388,-0.254141,1.316378,-0.374083,-0.509674,-0.228057,-0.007904,0.417693,-0.445452,-0.864999,0.699697,-1.69923,0.139402,-0.963739,0.52142,0.065688,-1.175736,0.164788,-0.826384,0.089398,-0.15839,1.414325
KP3,0.145252,-0.133502,0.022524,2.008626,0.00455,-0.006965,1.719845,1.042769,0.291128,0.448051,-0.435126,-1.050028,-0.170745,-2.033774,-1.325674,-0.740213,-1.220465,0.138628,-1.255798,-1.389863,0.846788,0.394703,-0.259204,-1.189943,-1.227581,0.455164,-0.91693,0.601063,-1.151033,-0.192746,-1.246509,1.889896
KP4,0.888766,0.294228,0.495345,0.659543,0.14646,-0.166631,0.029098,0.969246,-0.365663,1.009811,-0.896621,-1.939078,0.321756,-1.29505,-2.144317,-0.912691,0.614878,0.083845,-0.318325,-1.388892,0.058583,-0.255154,-0.081949,-1.272872,-0.467278,0.215666,-0.941836,-0.349077,-0.20923,-1.194351,-1.478305,1.764483
KPNYN,0.717131,-0.15775,-0.093188,1.067603,-0.349926,-1.016485,1.104484,1.04247,0.275457,0.296695,-0.054298,-1.391731,0.555567,-2.187783,-1.456323,-0.648701,-0.285144,-0.143907,-0.533724,-1.457963,1.288848,-0.302661,-0.359807,-1.336874,-0.539437,0.224153,-1.032056,0.749665,-0.098867,-0.797571,-0.127232,1.135702
KS1,0.744422,0.184471,-0.368238,1.4278,-0.446613,-0.591733,2.107692,0.369185,-0.828978,0.529922,-0.077501,-0.493217,0.802633,-1.46976,-2.653518,-0.7747,-1.199507,0.524687,-2.13594,-0.006383,1.594782,-0.130329,0.652029,-0.120347,-0.058354,0.575008,-0.978548,0.269976,-0.782646,-0.677607,-0.889224,1.004644
KU812,0.1329,-0.889887,0.318218,0.505652,-0.007065,-0.341593,2.08157,0.944002,-0.783738,0.303037,-0.463387,-0.667419,-0.586818,-0.441928,-0.933943,0.290525,0.148547,0.795037,-0.738491,-0.248052,0.820309,-0.314741,-0.362661,0.314745,-0.073482,0.356134,-0.8069,-0.480428,-0.491303,-0.162333,-0.739056,0.632133
KURAMOCHI,-0.253138,-0.724565,1.106237,2.114376,-0.474592,-0.787517,1.365639,0.726651,-0.236438,1.109796,-0.799756,-1.130987,0.421869,-2.688665,-2.311863,-0.006512,-0.791761,0.452957,-1.716553,-1.575012,2.275523,-0.456502,0.755919,-1.049148,0.184024,0.284625,-1.076043,1.154193,-0.491093,-0.597747,-0.940332,2.323579
KYM1,-0.387766,-0.143311,0.884059,-0.306033,0.645847,0.439802,0.588839,0.669561,-0.241819,0.896278,0.251089,-0.941487,0.419073,-1.094728,-0.852844,-0.655596,0.34898,0.682948,-0.840638,-1.399495,0.567009,0.100201,0.155112,-0.112075,0.112732,0.542291,-0.433289,-0.499874,-0.409242,0.37882,-0.337708,1.211833
KYSE180,0.197702,-0.614301,0.403936,1.249395,-0.496171,-0.286171,0.665528,1.111314,-0.484722,1.116412,0.431234,-0.375325,-0.330283,-2.418362,-1.976022,-1.091133,-0.038866,0.283817,-0.457955,-2.125483,0.454638,0.281235,0.191932,-1.097821,-0.108923,0.897639,-0.937944,0.304766,-0.335487,0.986363,-1.482231,1.673172
KYSE270,0.333123,0.17468,0.180536,1.172947,0.17161,1.372373,1.645619,0.179336,-0.580988,0.199862,-1.262168,-0.531209,0.556649,-2.141366,-0.831915,-0.198192,-1.16342,0.176301,0.085259,-0.743601,1.156707,-0.29635,0.091396,-1.376041,-1.480377,1.108298,-0.827266,0.494453,-0.501185,-0.596892,-0.566033,0.656592
KYSE410,1.721174,-0.779436,0.243736,1.566338,0.369383,-0.267381,1.234301,1.527347,-0.185179,0.905624,-0.185708,0.650894,1.376362,-2.587578,-1.211334,-0.467962,-0.938472,-0.477533,-1.150278,-2.063001,2.133191,0.270711,-0.958035,-1.682204,-0.077614,0.036769,-0.985549,0.616265,-0.533701,-0.477805,-1.314074,1.611901
KYSE450,0.781725,-0.109143,0.487592,1.097475,-0.353907,0.322157,1.190101,-0.010733,-0.031803,0.364026,-0.382724,0.40338,0.197746,-1.500344,-2.072454,-0.59326,-0.566015,-0.507514,-0.680248,-1.163828,1.28073,0.324469,0.225276,-0.485886,-0.964826,0.163328,-0.947329,-0.211622,-0.03825,0.911554,-0.525818,1.845
L540,0.305939,-0.43019,-0.566556,0.455612,-0.820279,0.72776,0.780768,0.234432,0.195357,-0.272858,-0.629437,-0.213196,0.64283,-0.76482,-0.791508,-0.259431,-0.337542,0.267644,-0.997009,-0.72668,0.241193,-0.079312,-0.204477,0.513365,-0.308932,-0.643237,-0.678093,0.459118,0.517834,-0.449571,-1.110629,1.391698
LAMA84,-0.504814,-0.269709,0.113053,0.533921,0.257143,-0.42925,0.452854,0.279444,-0.100515,0.251519,0.044951,0.248004,0.286672,-0.487675,-1.43524,-0.184859,-0.138463,0.481819,-0.685255,-0.85691,0.26026,0.183896,0.542157,-0.735767,0.250695,0.103161,-0.491953,0.034603,0.149012,0.053863,0.91322,0.265575
LCLC103H,0.725557,-0.394456,0.173655,1.424972,-0.151237,1.239189,1.391099,0.155673,-0.304418,-0.527756,-0.481213,-0.429393,0.624547,-1.310111,-1.8718,-0.603399,-1.334295,-0.268895,-0.697854,-1.963206,1.169201,-0.709633,0.338263,-0.437386,-1.16207,-0.822332,-1.143438,0.360699,-0.454781,-0.497114,-0.665433,1.923386
LCLC97TM1,0.930323,-1.091681,0.350289,1.36438,-0.652315,0.672272,0.986158,0.612979,-0.109606,0.152317,-1.305903,-0.598853,0.714494,-1.74813,-1.84738,-0.001412,-1.001622,0.004375,-0.674974,-0.780681,2.400957,0.227208,0.635674,-1.429314,-0.962399,0.122748,-0.896723,-0.229065,-0.583559,-0.041176,-0.316597,1.781461
LK2,0.583841,-0.375525,0.314646,0.744623,0.685743,-0.199905,1.281255,0.212878,1.05351,-0.057846,-0.623398,-0.203096,0.513642,-1.209536,-0.618464,-0.243149,-1.421856,0.148856,-0.64743,-0.212268,0.594557,0.402037,0.149552,-0.838449,-0.531424,-0.323325,-0.640335,0.658775,-0.044045,-0.264077,-0.830927,0.855273
LN18,0.833547,0.09396,0.0698,1.030359,-0.433189,-0.941288,0.938748,0.087959,-0.606856,0.093634,-1.20895,0.613874,0.832744,-2.022168,-1.335712,-0.271084,-0.268736,-0.141146,-0.22879,-1.479113,0.58275,0.169407,0.703003,0.078175,-1.0644,0.444113,-1.187077,0.712274,-1.247787,-0.880296,-0.901391,1.620085
LN229,0.230416,0.176164,1.231865,1.989137,0.54967,-0.051792,1.143218,1.532929,-0.82332,1.057018,0.272843,-0.288245,-0.479694,-2.581321,-1.251911,-0.708252,-1.083648,0.727976,-0.659021,-1.427131,1.521367,-0.406766,0.503852,-1.303549,-0.732481,0.664092,-1.341202,-0.009106,-1.045715,-0.812918,-0.803619,2.671413
LOUCY,-0.175691,0.031091,-0.032536,0.565435,-0.861962,-0.217203,0.624397,0.620642,-0.102775,-0.351401,0.33045,-0.107554,0.209704,-0.878414,-1.046674,-0.147904,-0.22478,-0.729927,-0.684088,-0.772493,0.797468,0.49354,-0.355029,-0.899684,-0.504895,-0.350104,-0.699269,0.556988,-0.801238,0.080686,-1.125759,0.565293
LOXIMVI,0.111913,0.76042,0.223345,-0.252332,-1.129862,-0.113394,1.186467,0.61517,-0.1777,0.883322,-0.527908,0.188055,-0.681241,-1.518123,-1.864257,-0.450603,-0.587252,0.232079,-0.474805,-1.250394,0.721209,-0.874475,0.719226,-0.945362,-0.547651,0.856251,-1.262198,-0.353539,-0.882651,-0.196402,-0.11932,1.40151
LP1,1.719383,-1.245352,0.869479,1.050285,-0.497507,-0.514172,0.923486,1.511853,0.01153,0.484984,0.271174,-1.162616,-0.454239,-2.75833,-1.854706,-0.409749,-0.832271,0.348853,-1.497784,-0.830664,1.398599,0.169536,-0.887462,-1.087354,-1.068859,-0.101881,-0.737065,0.373345,-0.94983,-0.251368,-1.290759,2.191255
LS1034,0.409044,0.416843,0.403945,1.307147,-0.623304,0.196893,1.272096,1.112864,-0.674851,-0.429068,-0.762543,-1.069321,0.266207,-2.566152,-1.313921,-0.624773,-1.132157,0.651665,-0.453439,-1.464921,1.124225,-1.119566,-0.273461,-1.776297,-0.507262,-0.058308,-0.841719,0.08053,-0.647263,0.291508,-0.44893,1.878089
LS123,0.295358,-0.482609,0.352275,1.557969,0.09672,-0.392037,1.221036,1.805428,-0.403644,-0.052102,-0.77728,-0.503688,1.142784,-2.851043,-1.582828,0.024689,-1.530281,0.238513,-1.608282,-1.797271,1.741288,0.058769,0.626163,-2.084528,-1.637221,0.122546,-1.235056,0.575753,-0.884433,-0.287817,0.035344,2.414618
LU65,0.220758,-0.363514,0.446356,2.067672,-0.28372,-0.201954,1.054231,1.178999,0.594821,0.670355,-0.338743,-0.363635,-0.993678,-1.196839,-1.347823,-0.247059,-1.186531,0.065541,-0.950341,-0.647665,1.012854,0.856132,0.270823,-1.806526,-0.510816,-0.234851,-2.041322,1.107911,-0.141117,0.027335,-0.410863,0.828368
LXF289,0.127337,0.318136,-0.044264,-0.134008,-0.28757,-0.244883,1.241413,0.934597,-0.030099,0.532602,0.253365,-1.105603,0.432111,-1.108632,-1.901696,-1.169313,-1.125681,-0.09723,-0.298111,-1.356858,0.661059,-0.473608,0.609501,-1.052315,-0.494197,0.027432,-0.209359,-0.095377,0.211375,-0.111531,-0.527383,2.627016
MC116,-0.353194,-0.225451,-0.388513,1.01167,0.762275,0.752648,1.167165,0.17099,-0.34767,-0.644842,0.855017,0.070756,-0.160914,-0.008608,-1.092797,0.005632,-0.442387,0.429816,-0.351013,-1.221976,0.553054,0.445058,0.009132,-0.113329,-0.714149,0.025866,-0.7169,0.505571,-0.195416,0.242488,0.332318,0.996999
MCF7,0.627394,-0.635734,0.638629,1.238456,-0.403414,-0.418633,1.070557,-0.220319,-0.797989,0.632827,-1.132021,-0.452376,1.189232,-1.379104,-0.882729,-0.360068,-0.417087,-0.051455,-1.219446,-2.765156,2.041372,0.547058,-0.20986,-1.534859,-0.91487,0.300936,-0.574903,-0.500135,-0.38881,-0.426577,-0.537887,2.05985
MDAMB157,0.372046,-0.181549,0.500894,1.914464,-0.010364,-0.109437,0.846556,0.530919,0.008751,0.52802,-0.105134,0.446186,0.746376,-1.748962,-1.874265,-1.80446,-1.034696,0.131903,-0.656963,-1.402347,1.215264,-1.101582,-0.406611,-1.098747,0.347071,0.055334,-0.916259,0.828818,-0.969124,-0.090337,-0.934924,2.170706
MDAMB361,0.467399,0.040194,0.119453,1.554543,0.857708,-0.688591,1.075451,0.720985,0.022986,0.148077,-1.781956,0.312331,0.571059,-2.380243,-1.664015,0.340684,-0.074797,0.717128,-0.804103,-1.072217,1.090314,0.386078,-0.38467,-1.526424,0.07585,0.06529,-0.218413,-0.039489,-0.501039,-0.691229,-0.470811,0.721391
MDAMB436,0.329015,-0.877579,1.093904,2.114718,-1.135167,0.396926,3.069923,0.908042,-0.861975,2.037869,-1.193917,-0.527046,0.368852,-1.533903,-1.809379,-0.897771,-1.643632,0.191493,-1.550636,-1.604816,1.408151,-1.007394,0.705449,-1.891917,-1.261874,0.043791,-1.293189,-0.439962,-0.526858,-0.859972,0.161601,2.398107
MDAMB453,0.120596,-0.46181,0.365491,1.289257,-0.163854,-0.259676,1.048304,0.193322,-0.47457,-0.692764,0.187804,-0.151152,-0.230582,-0.285336,-1.069639,-0.880935,-0.225245,0.401818,-0.388688,-1.124284,1.17108,-0.27658,0.321549,-1.87191,-0.568245,0.93266,-1.126308,-0.059469,-0.611593,-0.795643,-1.492442,1.080044
MDST8,0.396073,-0.117594,0.355441,1.027675,0.356733,-0.2499,0.75623,0.366426,-0.020474,1.064443,-0.620218,-0.258207,0.329026,-1.760254,-1.129319,-1.104299,-1.553629,0.390974,-0.791803,-0.831866,0.9593,-0.637354,0.021984,-1.557778,0.335852,-0.604707,-0.85827,-0.272939,-0.111588,-0.358417,-0.656837,1.650266
ME1,0.44871,0.137516,0.075242,0.628309,-0.150983,-0.363996,1.693024,0.630577,-0.307656,-0.33764,0.539316,-0.489043,0.560203,-2.089737,-1.353108,-1.14271,-0.658908,0.09658,-0.778773,-0.884986,0.664312,-0.539514,0.287664,-0.195735,-0.544685,0.392485,-1.059144,1.299382,-1.398407,-0.207551,-1.338501,0.365106
MEG01,0.407855,-0.00238,0.195465,0.74143,1.426998,-0.251231,1.078899,0.075669,-0.097297,0.163923,-0.447013,0.66649,0.714818,-0.929738,-2.051953,-0.473836,0.823145,0.048604,0.077915,-0.015793,0.874075,-0.538693,-1.182428,-0.401174,-0.691369,0.145941,-1.225355,0.063374,-0.296479,-0.017873,-0.871307,1.564743
MELJUSO,0.212325,-0.979412,0.611509,1.583324,-0.160486,0.440302,1.505685,0.729346,-1.034354,0.968193,-0.384379,-0.688925,-0.703527,-1.245226,-2.387579,-0.873841,-0.862325,-0.275137,-1.680479,-2.51425,1.86763,-0.50476,1.533075,-1.962251,-1.020516,-0.168634,-1.062003,0.15123,-0.311473,-0.789244,-1.309533,1.005596
MESSA,-0.760918,-0.356702,0.307024,0.76012,0.456302,0.448625,0.948124,-0.35486,-0.61498,0.083343,-0.655917,-0.677842,-0.155814,-1.544775,-1.536219,-0.293028,-0.53526,-0.233344,-0.005878,-1.487655,0.226405,0.030905,-0.361003,-0.845769,-1.586376,0.774582,-0.476893,-0.484853,-1.163668,0.630086,-0.793724,0.891321
MEWO,-0.622662,-0.317453,0.551627,1.922629,-0.940127,-1.000714,1.848091,1.291889,-1.267952,1.098227,-0.457382,0.067375,0.213501,-3.226996,-1.848302,-0.047667,-1.487537,0.1289,-1.021043,-2.900871,2.341599,-0.682668,0.322252,-1.507251,0.069467,0.316999,-1.300085,-0.060735,-0.218219,-1.23643,-0.295296,1.353657
MFE280,1.13432,-0.060806,0.984699,1.599176,-1.115746,-0.669905,1.951856,0.868475,0.110185,0.75672,-0.957464,-0.874511,0.299005,-3.114461,-0.928008,-0.354392,-0.42269,-0.468802,-0.306699,-0.32915,0.839037,0.154714,0.069642,-2.229848,-0.310505,0.530284,-1.478122,0.967327,-1.447883,-1.045804,-0.547295,1.907721
MFE296,0.146331,0.264333,0.923442,1.976335,-0.299448,0.063427,1.381517,1.806556,-0.883218,1.603842,-0.453348,-1.160896,0.929852,-1.880775,-1.326804,0.040693,-0.85997,0.023127,-0.434616,-1.434399,1.8319,-1.306234,0.292094,-1.766712,0.27361,0.424231,-1.04938,0.624831,-1.109417,0.515293,0.384404,2.078209
MG63,1.217204,-0.402042,0.151712,1.314411,0.018536,-0.395913,1.610565,0.805199,-0.898013,0.720349,0.03805,-0.309944,0.781892,-2.234203,-1.231495,-1.062853,-1.41753,-0.048484,-1.242477,-1.473875,1.138123,0.22676,-0.103208,-2.003263,0.107533,-0.324306,-1.007231,0.542457,-0.410491,0.29927,-0.271702,1.14302
MHHCALL2,1.30401,0.037395,0.206325,1.140368,0.023501,0.098397,1.928785,0.194201,-0.361834,0.292838,0.335423,-0.954602,-0.878178,-1.120668,-1.562642,-0.455492,-0.186596,-0.309525,-1.105952,-0.575869,1.064871,-0.94509,0.439309,-0.207265,0.241706,0.657192,0.603433,-0.015632,-0.20487,-0.334318,-0.259129,1.567175
MHHNB11,-0.380176,-0.511897,1.069774,1.406366,-0.319372,0.289404,1.100021,1.201795,-0.239045,0.832129,1.048271,0.024954,0.167066,-0.764798,-1.197805,0.863061,-0.506045,0.048477,-0.952243,-0.282572,1.296171,-0.381553,0.327968,-1.592784,-0.2279,0.291659,0.176271,-0.1643,-0.99267,-0.619384,-1.022406,1.758449
MKN45,1.220544,0.035898,1.192501,1.435198,-0.257908,-0.376857,1.263496,-0.084473,-0.289626,0.467244,-0.043632,-0.371628,0.136016,-2.154398,-1.513509,-0.136014,-1.48155,0.326042,-0.699205,-1.62778,1.022742,-0.087521,-0.506046,-1.104965,-0.936725,0.631075,0.134915,-0.092869,-0.272482,-0.625415,-0.020068,1.031371
MKN7,0.781493,-0.587142,0.602202,1.143918,0.156051,-0.673596,1.996627,0.664116,-0.568756,0.665029,-0.885833,-0.402256,1.028799,-2.473678,-1.293494,0.136404,-1.511616,-0.385136,-0.838365,-1.812491,2.531212,-0.228593,-0.327524,-2.125926,-0.048184,-0.164735,-1.23216,0.887246,-0.89656,-0.340782,-0.663879,2.359828
MM1S,0.511677,-0.170267,0.313874,0.477346,-0.840773,0.026841,1.633797,-0.107664,-0.590957,-0.199095,0.160491,0.021431,0.026099,-1.292187,-0.704963,-1.027171,-0.369345,0.572608,-1.021018,-1.381276,1.427966,-0.404199,0.59738,-0.697435,-0.31804,0.26751,-0.943224,0.229854,-0.452305,-0.787271,-0.093285,0.674959
MOLM16,0.089992,-0.651985,1.015421,0.955027,0.402644,-0.232151,-0.328862,1.236802,-0.189812,-0.190343,0.051192,0.425567,0.070558,-0.00977,-0.043658,-0.72894,-0.680486,0.585373,-1.664343,-0.553835,-0.218212,-0.314869,-0.126502,-0.662451,-0.460806,-0.510943,0.755495,1.061182,-0.784792,0.692105,-0.403855,0.692957
MOLP8,0.20755,-0.396454,0.803813,0.796339,-0.351029,-0.76504,0.313653,-0.451141,-0.219958,-0.33707,-0.355933,0.460785,0.716164,-0.937455,-0.874155,0.669175,-0.227338,-0.012581,-1.150257,-0.483141,1.120427,-0.424546,0.178119,-0.867856,-0.354157,-1.190498,-0.665137,0.665597,-0.604931,-0.114198,-0.66772,1.072162
MOLT13,0.116079,-0.532068,0.958804,1.152341,-0.408209,0.143146,0.981956,0.667762,-1.059166,0.74835,-0.494152,-0.38926,1.428223,-0.713195,-0.972219,-1.356604,0.237438,-0.530675,-0.911828,-0.803542,1.370165,0.284648,-0.04842,-0.48934,-0.546063,0.119925,-0.483177,0.654069,0.212311,0.115245,-0.452934,1.207491
MV411,-0.022552,-0.54748,-0.171089,0.114113,0.444062,-0.10281,-0.530099,0.064575,0.03458,0.118514,0.438074,0.487491,-0.285691,-0.398332,-0.601473,0.322882,0.676629,-0.142716,-0.163552,0.666765,0.321922,0.207467,-0.592273,0.272151,-0.49025,-0.561777,-0.227684,-0.275173,-0.139135,-0.734252,0.451022,0.651225
NCIH1092,-0.392618,0.327488,0.352398,2.210119,-0.308134,-0.259504,1.754805,1.503805,-1.168982,0.938604,0.008562,-0.186638,1.445396,-2.502617,-1.539146,-0.710806,-0.568101,0.36376,-1.256139,-0.999069,1.468726,-0.970475,-0.179429,-1.357146,0.059204,0.185321,-0.687327,-0.239598,-0.924255,-0.485509,-0.761153,2.208831
NCIH1105,0.803774,-0.34998,0.667137,1.38274,-0.678999,-0.272872,1.385312,0.625573,-0.417305,0.538458,-0.643744,0.206628,-0.361481,-2.125871,-0.201602,-1.037819,-1.611418,0.657195,-1.876395,-1.420771,2.425268,-0.980792,-0.928674,-2.064207,-0.053123,0.664737,-1.318317,0.688263,0.140918,0.624527,-0.678363,0.558363
NCIH1155,-0.073849,-0.307095,0.309426,0.938126,0.400777,0.478555,0.984291,1.069282,-0.139301,0.39991,0.139245,-0.279468,1.192867,-2.015708,-1.426447,-0.444284,-0.466602,0.846925,-0.627507,-1.668139,1.41443,0.224486,-0.92517,-0.967359,-1.163963,-0.257161,-1.231356,0.659218,-0.348598,-0.840457,0.032296,0.538263
NCIH1341,0.536372,-0.510364,0.301337,1.390667,0.085685,0.493457,1.139404,0.726916,-0.569821,0.496582,-0.126682,-0.397308,-0.720998,-1.264525,-1.107171,-0.760421,-1.399329,0.972853,-0.433065,-1.170299,0.52712,-0.579685,0.701775,-0.99623,-0.682243,0.337764,-1.267617,1.031272,0.227397,-0.451341,-0.764137,0.075592
NCIH1355,-0.179586,-0.82595,0.799375,1.557653,-0.937222,-0.405118,2.036915,1.130993,-1.480263,0.548871,-1.215255,-0.075333,0.66545,-2.610701,-2.331892,-0.865925,-2.270727,0.523031,-1.162338,-1.11058,1.106734,-0.564651,-0.676967,-2.111873,-1.206053,0.623311,-1.649561,0.486564,-0.869003,-0.964298,-0.763978,2.392317
NCIH1435,-0.10819,0.266577,0.221492,1.278395,0.031671,-0.565372,1.594742,0.608506,-0.403822,-0.648929,-1.377302,-0.156785,0.760054,-2.364576,-1.843373,-0.413768,-0.664132,-0.70024,-1.349171,-1.575679,1.814195,1.023905,-0.046614,-2.125297,-0.342125,0.771192,-1.094612,-0.078401,-0.120402,0.040681,-1.113506,2.039169
NCIH1436,0.919993,0.473656,0.516206,1.112939,0.415006,-0.803697,1.558928,-0.034002,0.134435,0.331228,0.241177,-0.14937,-0.406355,-0.910712,-0.687617,-0.035842,-1.239974,0.113567,-0.697559,-1.549905,2.089476,-0.119362,-1.29439,-1.038929,-0.635876,0.056632,-1.160692,0.722226,0.050325,-0.105916,-0.68008,1.55061
NCIH146,0.38456,-0.505533,0.778132,1.379116,0.593557,0.451023,0.848646,0.989163,-0.829685,0.757316,-0.607946,-0.86301,0.322578,-2.780814,-2.176902,-0.51298,-0.722939,0.052434,-1.474803,-1.4745,1.301406,0.120547,0.042837,-0.496526,-0.212027,-0.290039,-1.008652,-0.417977,-0.507239,0.335973,-0.11133,2.09851
NCIH1568,0.41616,0.515053,0.643471,2.476182,-0.278499,0.086064,2.542146,0.780245,-0.427281,1.264423,-0.596056,-1.192643,1.347997,-2.421216,-1.891711,-0.064531,-1.461624,-0.144839,-0.910744,-2.510399,1.530866,-0.135479,-0.05781,-2.399807,0.175015,0.178522,-0.599682,0.299298,-1.126365,-0.198732,-0.795473,1.527745
NCIH1573,1.266345,-0.459069,-0.227147,2.29363,-0.502678,-0.554424,0.806965,1.691578,-1.147049,0.60973,-0.039518,-0.287443,0.229057,-2.897923,-2.250417,-0.507712,-1.477253,0.437905,-0.630657,-1.029825,0.955063,0.856756,0.455991,-1.525249,-0.037687,1.301384,-1.950851,0.289342,-1.831862,-0.215768,-0.461091,1.962241
NCIH1623,0.077343,-1.137384,0.714357,1.968337,-0.486244,0.029308,0.502313,0.853739,-0.579113,0.060746,-0.75767,-0.576177,0.388313,-2.214589,-1.60363,-0.47876,-1.374545,1.15431,-1.1664,-1.485144,0.704725,0.715329,0.331459,-1.628858,0.109676,0.190704,-0.808942,0.133795,-0.863972,-0.068723,-0.762678,2.417195
NCIH1648,-0.313863,0.678786,0.362623,1.133129,0.265361,-0.466332,1.451993,-0.858156,-0.663185,-0.111641,-0.926032,-0.40825,0.349136,-0.884283,-0.993528,-0.695977,-0.469587,0.265086,-0.118382,-0.52361,0.961767,-0.594435,-0.282865,-1.195009,-0.5092,0.20566,-0.385734,0.21707,-0.379835,-0.116725,-0.64654,0.733521
NCIH1651,-0.463585,-0.462852,0.776581,0.918365,-0.314128,0.038005,1.577008,0.10008,0.107107,1.016033,-0.951298,-0.800219,0.797281,-1.668618,-2.548033,-1.168646,-0.969129,-0.319519,-0.963774,-1.161305,1.953107,-0.333467,0.592572,-0.473499,0.263278,0.234859,-1.941281,0.543649,0.02342,-0.283732,0.370621,1.974247
NCIH1666,0.817841,0.39463,0.862607,0.390044,-0.50116,0.347011,1.293021,0.712849,-1.026854,1.474926,0.342818,-0.942347,0.33363,-2.396009,-1.5459,-0.349319,-0.682404,0.503609,0.492059,-2.03144,0.719494,-0.439135,-0.711437,-2.27708,-1.08558,-0.341911,-1.714017,0.662786,-0.898463,-0.403173,-0.199399,1.607056
NCIH1694,0.29091,0.065084,-0.418976,0.105114,-0.026432,0.046531,2.377543,0.732874,0.009894,0.364505,-0.246202,0.436843,-0.855853,-1.423238,-0.401775,-0.338032,-0.037609,-0.046879,-0.789628,-1.18647,0.139885,-0.776442,-0.490906,-0.802802,-0.027718,0.25652,-0.568554,0.238007,0.089243,-0.244118,-0.483701,1.445279
NCIH1734,0.662254,-0.299682,0.905515,0.415199,-0.700321,0.192861,0.9732,0.267505,0.142551,0.045936,-0.398676,0.399549,0.925465,-0.446509,-1.252411,0.253075,-1.127034,-0.250985,-1.760259,-0.0735,0.512314,-0.208732,-0.411654,-0.570369,-0.538558,-0.580942,-0.520743,-0.474806,-0.805689,-1.24138,-1.099653,1.28267
NCIH1755,-0.580116,-0.852515,0.523201,0.96128,0.806442,0.727385,0.84461,0.899904,-0.005457,0.140531,-1.122966,-0.383216,0.109476,-1.766923,-1.175379,-0.830607,-1.396013,0.308964,-0.542174,-1.73176,1.650672,-1.068035,-0.234384,-1.282517,-0.758858,-0.192724,0.003663,-0.121267,0.734318,-0.017599,-0.441129,1.737772
NCIH1781,1.693235,-0.616009,-0.001767,0.935736,-0.185817,-1.06476,1.37278,1.508462,-0.329081,0.321457,-0.708643,0.0477,-0.204295,-0.726448,-0.520558,-0.356434,-0.879029,0.786277,-0.235507,-1.620696,1.000417,-0.85584,0.262756,-0.895116,-1.144334,-0.131961,-1.666023,-0.12547,-0.242367,-0.618242,-0.669209,0.783394
NCIH1792,0.416797,-0.11213,0.057088,0.896803,-0.062258,-0.559829,0.289747,1.402295,-0.622208,0.304762,0.20379,1.461393,-0.464755,-1.020403,-1.476491,-0.635377,-1.019338,-0.35829,-0.611661,-1.656492,1.427366,-0.119452,0.25517,-1.160435,-0.53793,0.215979,-1.331185,0.065539,-0.820751,-0.635142,-1.446558,1.875275
NCIH1836,0.297113,0.403433,1.36942,1.320547,-0.846085,0.978393,2.911443,0.973646,-0.476577,0.384066,-0.381279,-0.959027,-0.70423,-3.12745,-2.213282,-1.290456,-1.339419,-0.132191,-1.561836,-1.394212,2.01331,-0.295911,0.526542,-1.596534,0.021443,-0.086924,-1.698722,-0.166191,-0.988856,0.106322,-0.125749,2.868179
NCIH1869,-0.370995,0.395128,-0.233252,2.062194,-0.431899,0.103278,1.006418,1.398421,-1.229737,0.240431,-0.989882,-1.370426,0.303541,-1.123429,-0.493515,-0.546976,-0.514411,0.448886,-0.712303,-1.666932,1.649898,0.029606,-0.217707,-1.547786,-0.605804,0.530687,-1.752105,0.372154,0.319829,0.273079,0.037285,1.974078
NCIH1915,0.657809,0.362688,1.428593,0.549056,-0.892155,0.420304,1.442663,0.432495,-1.097118,0.265703,-1.165158,0.579259,0.231035,-1.944551,-1.432949,-0.08179,-0.541102,0.851435,-1.224536,-1.562931,1.851923,-0.489742,0.065056,-1.227076,-0.152443,-0.777785,-0.795002,0.259287,-0.24763,0.096422,0.201529,2.531227
NCIH196,1.246982,0.562142,0.893759,1.775166,0.165965,0.095616,1.669431,1.088786,-0.559783,0.199681,0.109991,-0.51031,1.303816,-3.022552,-2.27064,-0.633113,-0.601112,0.562685,-0.893516,-2.194819,1.114329,-0.099515,-0.604059,-1.911499,-0.378294,-0.363048,-0.5267,1.045893,-1.479437,-0.803087,-1.83785,1.748054
NCIH1963,0.719245,-0.30049,0.668591,0.269234,0.240572,-0.435959,1.074497,0.472769,-0.953396,-0.209475,0.170373,-0.115592,0.688723,-1.132095,-1.095493,-1.243419,-0.820411,0.198911,0.362232,-0.612012,1.759611,0.146021,-0.309966,-0.905347,-0.250189,-0.394533,-0.970895,0.151294,0.396449,-1.237715,0.195826,0.784756
NCIH1975,-0.289644,0.479631,0.882827,1.84269,0.213488,0.843073,1.539629,0.534201,-0.203194,1.054716,-0.759511,-0.697613,0.038614,-2.579155,-1.307505,-1.391789,-0.781745,0.683425,-0.963073,-0.288509,0.439388,0.415453,0.391458,-1.995015,0.920961,0.056647,-1.357275,-0.403724,-0.58934,-0.296485,-0.42886,1.329284
NCIH2009,0.709192,-0.303092,-0.45558,1.129049,-1.368802,-0.008165,0.758484,0.688224,0.285987,-0.045561,0.164365,-0.584785,1.067833,-1.694741,-1.783539,-0.100786,-1.018388,-0.172359,-0.956579,-1.13852,1.829469,-1.145487,0.064911,-0.813601,-0.33353,0.7426,-0.946863,0.204658,-0.178551,-0.180884,-0.670764,1.722024
NCIH2023,0.106588,-0.426076,0.300419,2.003749,-1.814557,-0.006235,1.39331,-0.171669,-0.254251,0.710679,-0.109017,-1.731765,0.894048,-2.036159,-1.159862,-0.119458,-1.32096,0.604075,-0.984027,-2.266413,1.861082,-0.584271,-0.368401,-1.443102,-0.338273,0.068026,-0.728977,-0.34235,-0.894608,-0.312189,0.424598,1.557225
NCIH2029,1.03444,-0.117627,0.399489,1.384688,-0.31606,0.069989,2.250986,0.939727,0.128682,0.054829,-0.666175,-0.8233,0.396805,-2.073941,-1.343066,-1.022258,-0.981354,0.654585,-1.931744,-0.337597,1.309657,-1.236076,0.145911,-1.394013,-0.579976,0.605427,-0.76595,0.520941,-0.369653,-0.341004,0.291957,1.094462
NCIH2066,0.694841,-0.141466,1.221626,1.4945,-1.166471,-0.216203,2.127737,1.710462,-1.22592,1.26005,0.600589,-0.77491,-0.34101,-2.610966,-2.16346,-0.425632,-1.570142,1.173016,-1.699832,-2.646703,2.39758,-1.421405,-0.017094,-0.233919,-0.691018,-0.42081,-1.476993,0.44734,-0.675458,-0.035906,-1.276682,3.174494
NCIH2085,0.630311,0.22206,0.348008,2.20007,-0.367884,-0.100564,1.147757,0.286025,-0.135806,0.332815,-0.900628,-0.797672,0.596816,-2.270321,-1.822081,-0.56727,-1.994015,-0.414332,-0.760066,-1.812206,2.026585,0.252609,0.428613,-0.546527,-0.598026,0.437829,-1.468774,1.610233,0.377829,-0.292236,-0.421786,2.573093
NCIH2087,0.492484,-0.485878,1.175099,1.77486,-0.175343,-0.683958,0.940831,0.992638,-0.082531,0.505397,0.190105,-0.882703,-0.251613,-2.213984,-2.007008,-0.255797,-1.541701,1.042163,-0.051323,-1.629029,2.295105,-0.785543,0.614566,-1.100001,-0.188658,0.118626,-2.788794,0.107281,-0.997444,-0.821541,-0.624582,1.901369
NCIH209,-0.122712,-0.610011,0.019858,1.448705,-0.467028,-0.393976,0.692362,0.616926,-0.045588,-1.206005,0.240636,0.446655,-0.384025,-1.601628,-1.230787,-0.705826,-0.478536,-0.79005,-1.088359,-0.053801,0.390391,0.490082,0.217039,-1.735289,0.000279,0.005836,-0.898785,0.341518,-0.112867,0.183733,0.23832,1.283981
NCIH211,-0.458728,-0.300592,1.770245,1.064682,1.07665,0.589731,0.84925,0.504652,-0.234816,-0.618668,-0.204709,0.390538,-0.188225,-0.676447,-0.369754,-0.714173,-0.692779,-0.364022,-0.829873,-1.295171,0.225748,0.605598,-0.426594,-0.593878,-0.502509,0.640592,0.124731,0.605311,-0.123953,-0.250062,-0.87345,1.826054
NCIH2170,-0.035579,0.235997,0.978675,0.777924,0.356722,0.219834,1.958485,0.297212,-0.96831,0.123286,-0.216754,-0.293676,-0.029022,-2.280633,-0.960245,0.596468,-0.469836,0.522363,-0.3431,-0.7803,1.481628,0.041208,-0.109537,-1.385443,-0.501781,0.233942,-0.955759,0.417554,-0.196709,0.214426,0.224373,1.32276
NCIH2196,-0.184925,-0.303092,0.633534,0.520054,0.473261,-0.149867,1.681659,1.407322,-0.758316,0.799268,-0.492459,-0.531753,-0.157652,-0.973584,-1.816297,-0.181141,-1.893748,0.886685,-0.331187,-1.284682,1.270292,-0.013162,1.208151,-2.226766,-0.122954,-0.351083,-1.096647,0.230768,-0.78124,-0.280629,-1.135175,2.263382
NCIH2227,-0.444903,0.144018,0.426335,0.800981,-0.111963,-0.991615,1.457444,-0.012828,-0.196735,0.031724,-0.647355,-0.276988,-0.166008,-1.770677,-2.327141,-0.196423,-0.039542,1.68217,-0.781007,-0.891545,0.443895,0.545839,0.449586,-1.538942,0.123028,-0.026263,-1.276784,0.579672,-1.07845,0.245278,-1.07574,1.161137
NCIH2228,0.063375,0.2355,0.367343,0.914972,-0.547131,-0.260295,1.057099,0.224821,0.565848,0.135768,-0.645003,-0.669512,0.04176,-1.685443,-1.325527,-0.739609,-1.674921,0.965073,-0.995008,-0.608289,0.406312,-0.13785,1.029755,-1.663065,-0.680699,0.263481,-1.480224,0.235928,-0.795551,-0.618033,-0.013329,2.163012
NCIH226,0.907178,0.186648,0.88733,2.010256,-0.669886,-0.367657,1.956188,0.957867,-0.997045,1.916307,-2.11636,-0.822902,1.243713,-2.950718,-2.338436,-0.835168,-1.927936,-0.62631,-1.326567,-2.610871,1.906869,-0.604882,0.978725,-1.040237,-0.748293,-0.057783,-2.40036,0.825646,-0.053996,-0.582817,-2.136627,3.250644
NCIH2291,1.107632,-0.964094,0.890081,2.111124,-0.326436,-0.685247,2.463034,0.748395,-1.323802,-0.353048,0.056714,-0.268242,0.343536,-2.588779,-2.399948,-1.23398,-1.469613,-0.671005,-1.492166,-1.903901,2.119414,-0.299474,0.481061,-1.089271,-0.144861,0.372577,-1.418999,-0.02528,-0.373619,0.478757,-0.57386,3.25175
NCIH2347,-0.063379,-0.771767,1.33959,2.276673,0.327187,-0.337416,1.78965,0.973803,-1.427393,0.199666,-0.166301,-0.219385,0.522201,-3.554566,-2.608002,-1.404238,-0.837867,0.15062,-1.821433,-1.97372,1.743654,0.423964,-0.272321,-2.705755,-1.842984,0.140793,-1.901641,-0.185444,-0.251126,-0.077102,-0.861352,3.290295
NCIH2405,1.088365,-0.622172,0.467604,2.73041,-0.158716,-0.272,1.983805,1.473707,-1.093328,0.775983,0.017126,-1.040288,-0.417693,-3.442517,-2.13199,-0.72968,-1.608207,0.224432,-1.141341,-2.577202,2.386791,-0.709758,-0.345902,-2.490361,-1.017458,0.144655,-1.63663,-1.271539,-1.319326,-0.640388,-0.164597,2.283262
NCIH2444,0.803926,0.546394,0.285653,2.412409,-0.741739,-0.592896,1.89559,0.750393,0.678052,1.211444,-0.123225,-0.43146,-0.451167,-2.585606,-1.972626,-1.244611,-0.990615,0.809277,-0.394805,-2.263249,1.583148,-0.509232,0.816013,-2.986662,-1.826055,0.206047,-1.895547,0.55036,-0.401042,-0.700587,-1.811754,3.716591
NCIH3122,-0.065028,-0.650211,1.117232,1.13722,-0.236089,0.037015,1.920299,0.503169,0.350168,-0.594295,-0.024627,-0.826303,0.897346,-1.599095,-1.842147,-0.159405,-0.437514,0.595256,-1.307469,-1.47482,1.27734,-0.217712,0.433819,-2.251124,-0.308032,-0.048165,-1.423962,-0.043294,-0.631571,-2.055164,-0.875879,1.178961
NCIH358,0.762295,-0.540802,0.539075,2.291683,0.263404,0.217381,1.3267,1.037699,-0.585657,0.443628,-0.257819,-0.763467,0.988069,-1.990224,-1.412923,0.16643,-0.495352,-0.390725,-0.684095,-0.98464,1.909189,-0.782055,-0.2611,-0.925145,-0.924375,-0.039106,-0.361178,0.351185,-0.963046,-0.730027,-0.434365,1.182682
NCIH446,0.186198,0.080362,1.053623,1.283887,-0.503105,0.443148,0.835404,-0.139102,-0.378893,1.05755,-0.206474,-0.284276,0.969549,-1.909241,-1.718857,-1.158696,-0.445511,0.279284,0.204915,-0.759301,0.712239,-0.139949,0.10098,-1.724683,1.015563,0.329132,-0.613021,0.541954,-0.019992,-0.252244,-0.690984,1.455234
NCIH520,0.63058,-0.526789,1.280287,1.488832,0.158564,0.489629,1.402611,0.834771,-0.008706,0.115695,-0.381357,-0.347646,-0.264802,-0.527242,-2.223715,-1.144563,-0.235435,0.633561,-1.31317,-0.940935,2.025515,-0.214095,1.35892,-2.117577,-0.13282,0.681014,-0.56863,0.228903,-0.674528,-0.03498,-0.122371,1.93354
NCIH522,0.987091,-0.639445,0.495138,0.962102,-0.413232,0.287451,1.538931,2.025051,-0.344745,0.540017,-0.382662,-0.756832,0.1986,-1.23517,-1.56496,-0.925451,-1.414911,0.070387,-0.816886,-0.7312,0.70791,-0.372211,0.135652,-2.256548,-0.928684,-0.235643,-1.480268,0.449215,-0.645062,-0.551924,-0.351805,2.60324
NCIH526,1.141791,-1.051062,0.708619,0.898807,-0.074291,-0.351,1.083052,0.573452,-0.593971,-0.096286,-0.524915,-0.184937,0.456432,-0.814255,-1.365855,-0.22277,-0.175658,0.786614,-0.61835,-1.026469,1.046164,-0.721289,-0.053007,-0.551781,-0.032106,-0.063191,-0.637661,-0.168652,-0.037821,-0.2281,-0.528235,1.020503
NCIH596,0.487836,-0.368485,1.006188,1.394587,0.55169,0.48783,1.205193,0.837155,-0.816133,0.403888,0.516741,-0.640676,0.433069,-1.72955,-2.303604,-1.015383,-1.66186,-0.11446,-2.374295,-1.204181,2.559338,-0.162124,-0.637538,-1.81087,-0.798555,-0.39283,-0.773198,0.797898,-1.205655,0.057594,0.134361,2.887716
NCIH650,1.919976,-0.58666,2.047615,1.317276,-0.525981,-0.066196,1.258475,0.95252,-1.120681,0.412977,0.188091,-0.485499,0.308208,-1.639659,-1.107139,-1.379322,-0.701516,0.174266,-0.807624,-0.855761,0.840984,-0.727851,-0.901457,-1.672526,0.131074,0.048542,-1.799404,0.125791,-1.333271,-0.8488,-0.395978,1.230497
NCIH69,0.898153,-0.130713,0.488533,0.908955,0.225281,0.230448,1.254333,0.810539,-0.429135,0.644489,-0.487861,-0.319397,0.029195,-1.545319,-1.531636,-0.153118,-0.041722,0.801814,-1.25318,-0.327339,0.849573,0.144988,-0.406635,-0.909515,-0.21778,-0.665966,-0.487974,0.931521,-0.50068,0.479342,-0.508938,1.699521
NCIH810,-0.65437,1.08276,1.340913,1.252551,-1.200493,-0.07042,0.724356,0.92528,-0.224184,0.026201,0.136063,-0.02375,0.709512,-1.747845,-2.287524,-0.026034,-1.062785,-0.407087,-0.155592,-0.243751,1.321687,0.872784,0.107503,-1.49508,-0.813801,0.920129,-1.444207,0.711717,-0.829676,-0.4973,-0.035947,1.506386
NCIH838,0.121853,0.476145,1.221504,1.316566,-0.480238,-0.408147,1.070855,0.66144,-0.800402,0.715698,-0.259759,-1.161879,-0.306512,-1.501038,-1.162441,0.577583,-0.542082,-0.215248,-0.482435,-1.097984,1.119143,0.142899,0.648697,-0.942207,0.464112,0.526421,-1.105079,1.35018,-0.228595,-0.607978,0.433667,2.248041
NMCG1,0.834521,-0.488717,1.023515,2.966814,0.237747,-0.11591,2.75657,2.063873,-0.960781,1.445043,-0.938018,-0.582436,0.357779,-3.306001,-3.144042,-0.290956,-2.101774,0.168292,-0.495246,-1.930815,1.318579,-0.669458,-0.790297,-2.916405,-2.501963,0.121552,-2.543,0.673646,-1.841651,-0.458311,-1.238378,3.924535
NOMO1,0.990701,0.313334,0.208348,1.86663,-0.910879,-0.836131,0.864287,1.567386,-0.370562,0.219707,-0.986872,0.205721,0.61543,-0.703335,-1.304397,-0.676003,-1.227741,0.222257,-1.061243,-1.399112,0.629169,-0.374132,-0.23024,-0.584322,-0.272852,-0.080429,-0.568953,-0.280182,-0.292017,-0.092078,-1.096793,1.560715
NUGC3,-0.042599,-0.065664,1.10133,1.683551,-0.170508,-0.368911,1.7395,0.952449,-0.685468,0.037417,-1.407608,-0.296268,0.152585,-0.965404,-1.202999,0.216439,-1.160469,0.820945,-0.992242,-0.743168,0.445343,-0.063393,-0.93822,-1.275509,-0.216147,-0.171579,-1.447744,0.724182,-0.533145,-0.478579,-0.461322,2.802941
OACM51,0.969891,0.471853,0.730406,1.288691,-1.383369,-0.524805,1.009629,-0.330036,-0.950288,-0.560993,-0.385948,0.040767,0.744896,-1.306932,-1.846937,-1.411072,-1.68007,-0.385771,-1.163113,-1.197685,0.65295,-0.00921,-0.062689,-1.122388,0.139257,-0.502323,-0.701637,0.290371,-0.642137,0.211758,-0.036732,0.992797
OAW42,0.399482,0.004054,0.503164,1.796678,-0.090657,0.685043,0.794515,0.696712,-0.917911,0.837894,-1.266264,-0.286805,-0.076059,-2.256665,-2.426804,-0.787862,-0.458037,0.297761,-0.582938,-0.562492,1.579375,-0.50238,0.300318,-1.679251,-0.789852,-0.650398,-0.67361,0.178044,-0.502151,-0.806062,-0.376281,1.448367
OC314,0.220483,0.357817,0.775268,0.882287,-1.021403,1.359077,1.799185,0.811461,-0.651963,0.261432,-0.543519,0.358764,0.27317,-1.514278,-1.247093,0.230796,0.205993,0.948481,-0.154067,-0.954671,-0.76111,0.016155,0.038693,-0.765666,-0.292348,-0.598072,-0.396388,0.536466,-0.011123,0.302201,-0.050893,0.881402
OCIAML2,0.097937,0.008442,0.227738,0.908005,0.25897,0.975812,1.527215,0.245862,-2.04437,0.76408,-0.394605,-0.525779,-0.134262,-0.736991,-0.156964,-0.930678,-0.810781,0.255947,0.06769,-0.058398,-2.7e-05,-0.549748,-0.235188,-0.262574,0.596585,-0.993939,-0.419378,-0.565473,-0.987378,0.405166,0.110769,0.722009
OCIAML3,0.638759,-0.289476,0.016105,1.639405,-0.207312,0.283546,0.569892,-0.648735,-1.190786,-0.094794,0.361753,0.227019,0.543867,-1.180104,0.188949,-0.684224,-0.257043,0.107592,-0.412782,0.16249,0.173393,-0.755823,0.03423,-0.711185,1.49334,0.378058,-0.617705,-0.393236,-1.155684,-0.617284,-0.158452,1.378355
OCIAML5,0.848582,0.034453,0.21361,1.01667,-0.39496,0.723551,0.820215,0.401392,-1.379869,0.216578,0.149793,-0.80365,-0.235196,-0.711973,-1.737543,0.203177,-0.852787,-0.012246,-1.087941,-0.629099,2.07896,0.25996,-0.393025,-0.257521,-0.473691,0.751498,-0.263412,-1.253936,-0.849979,0.30322,-0.272729,0.561113
OCILY19,-0.1323,-1.004474,0.196385,1.671045,0.315495,1.008243,1.027767,0.798789,0.812662,0.390155,-0.265741,0.343342,0.816792,-0.950634,-1.001472,-0.139423,0.039553,0.515767,-1.049352,0.43123,0.223805,-0.216393,-0.426245,0.819969,-0.081165,-0.384287,0.004447,0.524114,-0.316959,0.311959,-0.636138,0.441534
OCIM1,-0.810162,-0.71624,1.158015,1.418461,-0.059004,0.739573,0.53976,0.179492,-0.156,0.150479,-0.289477,0.388913,0.170031,-0.394668,-0.161292,-0.026589,-0.882644,-0.5531,-0.281984,-0.639918,0.618922,-0.096638,1.31829,-1.224287,-1.208628,0.209722,-0.639944,0.305485,0.056208,0.527571,-0.989766,0.448609
OE21,0.626654,0.270472,1.634307,1.741968,-0.222742,-0.639552,1.028603,0.34062,-0.062047,0.578824,-1.046462,-0.604507,0.639603,-1.412193,-1.147361,-0.275238,-0.027435,0.378847,-0.946672,-1.630091,1.341295,-1.407747,-0.036096,-1.285462,-1.134074,-0.372067,-0.550497,0.427186,-0.447637,-0.088932,-0.453103,2.158824
OE33,0.478227,-0.845046,1.358175,1.462285,-0.490973,-0.823033,1.522184,0.584936,0.393402,0.282002,-0.807283,0.057367,0.665535,-1.520028,-1.108227,-0.490342,-0.732363,0.846003,-0.448752,-1.268904,1.90518,-1.371749,1.082661,-2.047682,-0.770031,0.072554,-1.03839,0.818242,-1.032575,-0.114212,-0.793659,1.700772
OPM2,0.205527,-0.019757,0.035263,0.474458,0.031483,0.359712,0.457261,-0.066803,0.081864,0.24362,0.193284,-0.675971,-0.773826,-1.182912,-1.209366,-0.308715,-0.803541,0.521025,-0.578994,-0.601218,0.780824,-0.010663,0.02028,-0.427116,-0.658572,0.752838,-0.669564,-0.475825,-0.193653,-0.565304,0.044466,1.991994
OV17R,-0.004738,0.058031,-0.371107,1.418322,-0.62602,-0.495568,0.684675,0.966391,0.136412,0.436103,-0.794716,0.430451,-0.185933,-2.577654,-1.120099,-0.992229,-0.297969,0.055247,-0.408433,-0.404005,0.542054,-0.459579,0.014987,-0.345714,-0.755027,-0.210484,-0.661279,0.00527,-0.393579,-1.003942,0.636488,0.775065
OV56,0.393307,-0.170502,1.678969,1.03682,0.730607,0.117362,1.970474,0.363909,-0.238221,0.24359,0.116296,-1.005145,0.213378,-2.412281,-2.41825,-0.256684,-0.862285,0.955111,-1.903019,-1.04362,2.887947,-0.477719,1.022915,-1.721171,-1.293572,-0.02906,-0.76006,7.8e-05,-0.970301,-0.028673,-0.669793,2.358896
OVCAR4,0.661161,0.088874,0.49091,1.778507,-0.719304,0.388617,1.406837,1.402207,-0.629313,0.693294,-0.75338,-1.01642,-0.608238,-2.616327,-2.04499,-0.507891,-0.600485,0.120175,-1.43224,-2.263123,1.840032,0.445125,0.706883,-1.200384,-0.275013,0.969902,-1.090461,0.733202,-0.816089,-0.999454,-0.998788,2.017492
PA1,0.27189,0.89592,0.355538,1.329903,-0.331381,-0.269673,0.103293,0.001955,0.035237,0.267567,0.246161,-0.135806,-0.058587,0.143932,-0.885588,0.308122,-0.693032,0.507583,0.022536,-0.582401,-0.464659,-0.100644,0.648062,-0.428957,-0.041754,-0.807199,-0.919828,0.388339,-0.086832,0.465515,-0.364977,1.10347
PANC0203,0.509838,-0.63311,-0.47377,1.753673,-0.149507,-0.545552,0.785323,1.089932,-0.607101,0.82639,0.464001,-1.541074,-0.105433,-2.036985,-1.014649,-1.386078,-0.054967,0.385299,-0.96505,-1.525371,1.262085,0.296038,-0.466061,-1.266202,-0.741884,-0.269042,0.130554,0.588958,-0.299976,0.274295,-1.318362,2.746834
PANC0327,-0.828361,-0.502996,0.326118,1.597427,-0.091515,-0.284267,1.348765,0.16935,-1.151365,0.828703,-0.0507,0.39271,-0.187436,-1.294943,-1.621613,0.112866,-0.357899,0.375189,-0.948734,-0.731111,1.580792,-0.535908,-0.605969,-1.366519,0.290696,0.668401,-1.54357,-0.261578,0.12207,-0.818054,-0.26154,1.280983
PANC0403,1.560059,-0.594408,1.551644,2.396797,-0.22818,-1.339407,1.287917,1.050858,-0.586869,0.258303,-1.245505,-0.42392,0.64752,-2.963693,-2.219726,-1.437851,-1.710397,1.2994,-1.339693,-2.073681,3.370523,-1.041274,0.500386,-1.323673,-0.986088,0.597643,-2.232481,0.225071,-0.716292,-0.042054,-0.349923,3.58734
PANC0813,0.590519,0.423043,0.642825,2.365102,-0.190526,-0.071411,2.196418,0.162115,-1.152069,0.733129,-1.426036,-0.169697,0.739862,-2.240916,-2.728345,-0.016581,-0.254263,0.468466,-0.885885,-1.674033,2.107128,-0.343522,0.067583,-1.337683,0.488663,-0.560634,-1.498409,-0.118075,0.041164,-0.660453,-1.477791,2.646931
PATU8902,1.487821,0.160424,0.905193,2.092329,0.417193,-0.727307,1.901472,0.724872,-1.165835,0.508302,-0.020534,-0.29396,0.622062,-2.298227,-1.876332,-1.097237,-1.410135,0.485504,-0.986716,-1.590422,1.747468,-0.468556,1.662585,-1.312547,-0.468175,0.020882,-1.652238,0.400268,-0.598063,-1.301765,-1.530496,1.977413
PC14,0.508683,-0.232403,1.267306,0.500963,-0.566645,0.569087,1.353543,1.06833,0.642727,0.095602,-0.427614,-0.516056,-0.779955,-1.715643,-0.966288,-0.188299,-0.516509,0.068541,-1.06862,-0.517227,0.946704,-0.037099,0.136742,-0.431146,0.041715,-0.557162,-1.532511,0.595869,-0.522041,-0.465487,0.017071,1.604422
PF382,0.284868,0.31792,0.149697,1.577301,-0.515947,0.206549,1.539213,-0.289044,-0.416123,0.853615,0.337321,-0.328253,-0.241346,-0.518277,-0.30639,-0.875115,-1.129338,0.276257,-0.158128,-0.884921,1.10281,-0.47263,-1.022185,-0.953817,-0.251844,-0.080163,-1.178624,-0.712199,-0.569797,0.296943,0.31479,1.558338
PL21,-0.169147,-0.643327,0.55971,1.049784,0.08751,-1.119599,0.325803,0.354119,0.017898,0.644503,-0.150673,-0.058519,0.158762,-0.577047,-0.672864,-0.237465,-0.621128,0.191728,-0.194259,-0.545262,0.89506,0.562813,0.165048,-1.009482,0.180078,-0.62977,-1.094075,0.34855,-0.030574,-0.762765,-0.480694,0.587487
PSN1,0.206923,0.346465,0.940369,1.371033,-0.485236,-0.887065,2.141615,0.99172,-0.778903,0.851619,-0.45519,-0.565729,0.436939,-2.105097,-1.73548,-0.448971,-1.167835,0.619401,0.111429,-1.657372,0.496017,-1.205531,-0.014021,-1.623086,-0.389541,0.166848,-1.84496,-0.56688,-0.3965,-0.1967,-0.758343,0.850479
QGP1,0.80085,0.478635,0.875922,1.309145,-0.24414,-0.949455,2.325786,0.914098,-1.41824,0.46698,-0.295619,-0.696424,0.137353,-2.789104,-1.679316,-0.963997,-2.230607,0.171917,-0.542562,-1.800364,2.536587,-0.042401,0.246212,-1.685257,-0.653534,-0.005506,-1.460719,0.692897,-1.151314,-0.869832,-1.246211,3.130323
RAJI,0.548901,0.073268,-0.15879,1.181644,-0.192037,-0.026657,0.413755,0.518502,-0.480086,-0.072889,0.102343,-1.034884,0.4206,-0.750646,-1.425116,-0.73135,-0.690054,0.32052,-0.595102,-0.589944,1.718686,-0.382825,-0.819017,-0.400872,0.530699,0.259744,-1.201336,0.152657,-0.902354,0.154809,-1.019347,0.907979
RCC10RGB,0.098759,-0.103861,0.600406,1.930951,-0.272105,-0.77659,2.223979,0.904064,-1.062237,1.776855,-0.32243,-0.640073,1.00033,-1.393789,-2.15949,-0.50656,-1.71933,0.306582,-1.198064,-1.616199,1.93953,0.006769,0.200517,-2.32904,-1.127831,-0.139009,-1.533599,0.979909,-1.308126,-0.5316,-0.251443,2.090958
RCM1,0.750853,-0.214697,0.807285,1.482172,0.088098,-1.017946,1.473642,0.952695,-0.225246,1.315176,-0.681257,0.251573,-0.075892,-1.341137,-1.399289,-1.046107,-0.908109,0.30377,-0.638979,-1.591983,1.382639,0.447893,0.021421,-1.08018,-0.683286,0.949598,-1.545615,0.086727,0.132682,-0.52822,0.169841,2.387439
RD,0.394335,-1.037937,0.60536,1.497022,0.361266,0.571897,1.157063,1.129316,-0.063093,1.051899,-0.190698,-1.413487,0.152046,-2.394627,-1.739215,-0.043923,-0.809168,0.872442,-0.691346,-1.990229,0.131297,-0.139984,-0.042841,-1.841356,-1.367237,-0.262044,-1.190182,0.689686,-0.476027,0.527053,-1.089158,2.199378
REH,0.302333,0.269761,0.145131,1.390342,0.01624,-0.471086,0.880011,0.310794,-0.018811,-0.285483,-0.274678,-0.063646,0.152265,-0.399982,-0.58076,-0.319214,-0.459908,0.324142,-0.3078,-1.705207,0.671544,-0.868892,0.677027,-0.829785,-0.402098,0.510632,-0.434607,-0.353531,-0.372443,-0.331239,-1.209856,0.694089
RERFLCKJ,0.338772,-0.17732,-0.179712,1.895965,-0.254011,-0.184169,1.569151,0.271159,-0.178753,0.286743,-0.849974,-0.116962,0.955565,-1.295979,-1.033636,-0.747695,-1.676712,1.017452,0.2402,-0.452754,1.102503,-0.773016,-0.474309,-2.07681,-0.52555,0.898985,-1.06849,0.476809,0.167177,-0.454882,0.496218,2.601566
RERFLCMS,0.212317,-0.366115,0.71095,0.678253,-0.709268,0.509638,1.491669,0.507075,-0.894066,-0.311244,-0.205631,-0.510475,-0.035188,-0.559348,-0.598366,0.374516,-1.061911,0.004201,-0.128477,-0.566033,1.586105,0.083964,0.961831,-0.527025,0.226545,-0.099705,-0.636747,0.665646,0.470479,0.201439,-0.378193,1.724871
RERFLCSQ1,-0.667231,-0.830466,0.899895,1.321717,0.100638,-0.169901,1.648633,0.25524,-0.120002,0.965539,0.210258,0.604764,0.330908,-1.514568,-2.250517,-0.751066,-0.970806,0.796415,-1.089297,-0.820916,1.264322,-0.283472,0.182737,-1.425406,-0.684424,-0.756646,-1.117503,0.084314,-0.776455,-0.04335,-0.190071,1.714964
RH41,0.757858,0.215366,0.191694,0.566247,0.033775,0.164256,1.526022,0.997524,-0.51662,0.233158,0.092798,0.290077,0.596211,-1.034004,-1.530423,-0.793962,-0.394145,0.335697,-1.02491,-0.717398,1.083234,-0.693862,0.587866,-0.934966,0.34369,-0.208631,-1.116136,-0.0323,-0.362154,-0.347012,-0.42314,1.137098
RKO,0.249604,-0.12636,-0.417538,1.223624,-0.202614,0.647146,0.595906,-0.386266,-0.007778,0.539395,-0.816941,-1.079159,0.93198,-0.584069,-2.407742,-0.608556,0.148615,-0.02597,-0.858061,-1.094434,0.428604,-1.004747,0.571843,-1.88292,-0.243726,0.518143,-1.502329,-0.208605,0.201265,0.069604,-0.714688,1.851083
RL,0.829438,0.07157,-0.155166,0.486762,0.036576,-0.200908,1.188546,-0.415449,-0.960899,0.337481,-0.456782,-0.525586,-0.773855,-0.861407,-0.81179,0.070711,-0.426722,0.076785,0.175047,-1.299302,0.935553,-0.938377,-0.388433,-1.255064,0.143096,0.017802,-0.530837,-0.382299,-0.423337,-0.51455,-0.082249,0.347858
RPMI7951,0.955509,-0.918684,-0.024318,1.729677,-0.354565,-0.794425,1.033483,0.211306,-0.69261,-0.230501,1.113056,-0.39826,-0.821219,-0.372545,-0.703659,-0.71221,-1.059135,0.520593,-0.654715,-1.789283,1.751125,-0.34909,0.787294,-0.194357,-0.819006,0.581492,-0.999131,-0.713541,-0.563714,0.028158,-0.583408,0.930185
RPMI8402,0.684599,0.021844,-0.274543,0.696933,0.045656,-1.313981,0.572855,0.370218,-0.096569,0.569079,-0.44145,0.062471,-0.728524,-0.231008,0.584758,-0.625138,-0.60994,-0.283634,-0.141236,-0.852287,0.543509,0.372141,0.282511,-1.207803,0.373941,0.493877,0.153662,0.271751,-0.026325,0.449944,0.825094,-0.055822
RT112,0.919598,-0.149034,0.431362,0.398537,-0.321781,-0.678006,0.977917,0.038843,-0.584121,0.212603,-0.30665,-1.164173,-0.53739,-1.284818,-1.720189,0.106493,-0.663301,0.544128,0.009703,-1.23683,0.835599,0.262883,0.306491,-1.185173,0.278674,-0.021144,-0.865396,0.298436,-0.92745,-0.184676,0.237409,1.641526
RVH421,0.568079,-0.234689,0.885925,2.069109,0.044146,-0.426387,1.919114,1.093668,-1.025843,0.687662,-1.59616,-0.276813,0.599331,-1.754569,-2.11633,-0.470968,-0.414701,1.056455,-1.024677,-1.501393,2.18585,-1.001556,-0.086419,-0.917111,-0.117974,0.308023,-2.033287,0.392973,-0.963111,-0.158962,-1.074015,1.547621
SBC5,-0.698426,0.517929,0.235641,1.102707,-0.158571,-0.691158,0.432381,0.01339,-0.677274,0.548138,-0.709476,0.560074,0.676279,-0.882372,-1.21972,0.37904,-0.790063,0.195679,-0.525597,-0.598767,1.304004,-0.389382,-0.221089,-0.638095,-0.008442,-0.122088,-1.567559,0.148973,-0.092126,0.706564,-1.003586,1.032246
SCC15,0.2853,0.54429,0.608425,1.018122,0.053073,-0.428578,0.913884,0.295227,0.413343,0.716409,-0.393945,-0.575007,0.379896,-1.708787,-1.520796,-0.485946,-0.544354,0.315226,-1.366442,-1.670996,0.426826,0.795229,0.496633,-1.791846,-0.666989,-0.211248,-0.340993,-0.346881,-0.523191,-0.336143,-0.168042,1.737951
SCC25,-0.348269,-0.273321,0.2061,1.667443,0.46685,-1.119933,1.287584,0.543806,-0.69254,0.949894,-0.582024,-0.289821,-0.054303,-1.929749,-1.454511,-0.967063,-0.691727,0.362021,-0.44767,-1.61003,1.756952,-0.261589,0.024061,-1.393155,-0.313375,-0.50624,-0.513243,-0.528325,-0.984305,-0.358866,-0.436862,2.767605
SF126,-0.59091,-0.347998,-0.622375,1.052914,-0.023604,0.635963,1.135678,1.044595,-0.027769,0.151831,-1.020043,-0.179636,-0.581288,-0.655239,-1.255609,0.214701,-0.929791,0.348411,-0.513642,-0.984226,0.781699,0.042486,-0.417099,-1.574896,0.250718,0.439116,-0.75082,1.088402,-0.542886,0.462724,-0.321943,0.748928
SF539,1.223676,0.411944,0.330225,1.282395,-0.343111,0.273325,-0.242836,-0.046925,0.206407,0.202486,-0.175798,-0.954357,1.069904,-0.558973,-1.140946,-0.541563,-0.096216,1.180813,-0.07091,0.233891,0.423017,-0.545899,-0.553732,-0.638638,-0.240612,-0.009059,-0.289739,0.842814,-1.125183,-0.474458,0.047076,0.883568
SIGM5,-0.231269,0.462551,-0.425904,0.363824,0.085204,-0.366022,0.925175,-0.025131,0.54568,0.120451,0.179052,0.215647,-0.232014,-1.673218,-0.402451,-0.153846,-0.064311,-0.007083,-0.522024,0.527036,-0.240952,0.290688,-0.264484,-0.649295,-0.342492,-0.364238,-0.103295,0.822266,0.032058,-0.046869,-0.69653,0.884275
SIMA,1.414282,-0.283905,0.250273,0.750029,-0.403149,-1.531081,1.271109,0.096517,-1.122806,0.743724,-0.854585,-0.484475,0.896947,-1.999249,-1.933483,-0.245825,-0.110599,-0.574532,-0.410579,-0.66515,-0.037834,0.246477,0.483997,-1.119964,0.257811,0.643285,-0.727273,0.028497,-0.892842,-0.216159,-0.122272,1.091275
SKCO1,-0.773338,0.543776,0.519432,0.807971,0.275178,0.608929,-0.366365,0.719902,-1.020892,0.605003,-0.239635,0.01275,-0.091107,-2.190068,-1.35523,-0.164948,-0.15584,-0.380043,-0.081344,-1.249179,1.141416,-0.40286,0.135325,-0.487457,-0.970149,-0.267284,-0.66157,1.446923,-0.825092,0.828969,0.608015,1.164828
SKES1,0.090552,-0.412735,0.278362,0.031392,-0.151082,0.635486,0.456313,0.24987,-1.077058,0.448777,-0.091325,-0.19283,0.008316,-1.069398,-0.581198,-0.285671,-0.331132,0.259093,0.123658,-0.342837,0.8035,0.65029,0.242712,-0.034857,0.040846,-0.867447,0.097146,0.248835,-0.315742,-4.7e-05,-0.462771,1.007105
SKGT4,0.337221,0.460891,0.768811,1.750106,-0.760937,-0.164065,2.106568,1.172457,-1.112062,-0.108992,-0.27792,0.148658,-0.204749,-1.644128,-2.056788,-0.720276,-1.489825,-0.29169,-0.663589,-2.188059,1.478351,0.208167,-0.855414,-2.577918,-0.702989,0.288035,-1.224798,0.328001,0.499554,-0.485767,-0.882385,1.962596
SKHEP1,0.51371,0.18173,1.190856,0.64054,-0.335958,0.010406,1.729809,0.701249,-0.155771,0.088971,0.357479,0.072737,-0.452401,-2.277663,-2.092258,-0.17241,-1.563525,0.120293,-0.598487,-1.31756,1.462438,-0.738243,0.358843,-1.602402,-0.657421,0.219749,-0.995279,0.353684,-0.921589,-0.415068,-0.546155,0.997088
SKLU1,0.397888,0.01871,0.181666,2.507412,0.33822,-0.919141,2.679094,0.900268,-0.385395,0.438899,-0.125458,-0.386862,-0.100599,-3.006026,-2.91499,-0.618241,-0.99665,0.723519,-1.209124,-2.36737,1.515403,0.290198,-0.156781,-1.732925,-1.227359,0.30879,-1.68673,0.999228,-0.37401,-0.617322,-0.825474,2.0706
SKM1,-0.530944,-0.478484,0.332219,0.710785,-0.01,-0.235135,1.034909,0.307979,0.182658,-0.691614,-2.127989,-0.025727,-0.625298,-0.794836,-0.771865,0.591327,-0.16453,0.19603,0.091688,-0.324054,0.298664,0.454479,-0.530571,-0.351159,-0.969714,0.141894,-0.31776,0.973445,-0.998663,-0.405427,0.194781,0.834313
SKMEL1,0.599606,-0.619878,0.368891,2.184612,-0.265913,-0.052462,1.562121,0.195574,-0.01461,0.808091,0.677515,-0.985465,0.659454,-2.618122,-1.690484,-0.088455,-2.074875,0.219841,-1.212917,-1.799504,1.695845,0.328776,0.002621,-1.358546,-0.50119,0.114669,-1.725185,0.939556,-0.468446,-0.101734,-1.020393,1.670174
SKMEL24,0.389773,-0.900073,-0.22094,1.164783,0.036005,-0.551809,1.009802,0.33093,-0.679306,0.345014,0.636952,0.079278,0.745155,-1.256288,-2.158784,-1.152104,-1.52778,0.969559,-1.147116,-1.984316,1.194458,-0.3365,0.199169,-1.245134,-0.937787,0.449536,-1.426854,0.283284,-0.234428,-0.60152,-0.863518,2.077728
SKMEL3,-0.033561,-0.302433,0.793329,2.239137,0.116353,0.049984,1.522204,0.074162,-0.315829,0.416909,-0.208015,-0.312393,0.382414,-1.678402,-1.343457,-1.061406,-0.966007,0.945508,-0.563239,-1.134431,2.114486,-0.8601,-0.500986,-0.277519,-0.410262,-0.033015,-1.515611,0.522844,-0.205783,-0.779389,-0.549001,1.306363
SKMEL30,0.523415,-0.669695,1.141589,1.670373,-0.367994,-0.294602,1.188977,0.221789,-0.595456,0.296789,0.437514,0.102549,0.65995,-1.338171,-1.931845,-0.468374,-0.321056,-0.378965,-0.404588,0.036991,1.697689,0.527277,0.162928,-0.650255,-0.792302,0.486236,-0.589095,0.444043,0.179844,-0.501605,-0.572538,1.522302
SKMEL5,-0.033035,-0.020639,-0.231262,2.000687,-0.20379,-0.487539,1.114516,0.627057,-0.111221,0.800107,-0.802245,-0.874738,0.563132,-2.216894,-1.64307,-0.483494,-0.826329,0.733929,-1.512188,-2.325395,1.137832,0.68178,1.076584,-0.466297,-0.624496,-0.783472,-2.287886,0.057376,-0.681606,0.367394,-0.149702,1.910256
SKMES1,0.026189,-0.611527,0.741368,1.793052,-0.026143,-0.739367,1.823147,0.940833,-0.980609,0.122434,-0.095283,-0.558978,1.024064,-1.564097,-1.879324,-0.538408,-0.928934,-0.066146,-1.317515,-0.988812,1.812739,0.087752,0.821707,-1.622197,0.320813,-0.345255,-1.598009,-0.523647,-0.792577,-0.52852,-0.307723,1.878749
SKMM2,-0.149201,-0.320869,0.397506,0.483481,-0.701326,-0.596245,2.138877,0.786792,-0.091672,-0.260748,0.179805,0.231166,-0.781288,-2.075547,-1.305387,-0.18414,-1.251291,0.130227,-1.116356,-1.216555,1.91839,-0.58883,0.561219,-1.673807,-0.914024,0.509182,-0.575489,0.764017,-1.198767,-0.495643,-0.130336,1.688728
SKNAS,-0.083444,0.102951,0.233809,2.287489,0.558685,0.088328,2.122014,0.732913,-0.045819,1.234111,-0.30026,-0.552713,-0.631447,-1.788016,-1.1628,-0.040441,-0.672333,0.016197,-1.817258,-1.536763,1.185677,-0.362554,0.370918,-0.307677,-0.43515,-0.007115,-1.180242,0.405131,-0.962412,-0.20616,-0.323834,1.795609
SKNDZ,0.553349,0.126525,-0.462716,1.31366,-0.488515,-0.700916,0.479711,0.718251,-0.418066,-0.486448,-0.063802,-1.024135,0.228021,-1.130984,-0.68436,0.523415,-1.344173,0.179108,-0.731516,-0.705996,1.065563,-0.323807,-0.176325,-1.489228,0.138204,0.302085,-0.293233,0.090302,-0.720905,-0.729765,-0.213727,0.690475
SKNFI,1.332414,-0.767414,0.668948,2.034694,0.107173,-0.104522,0.813183,-0.060388,-0.000678,1.198822,-0.600152,-0.952158,-1.030297,-2.062265,-1.473959,0.337606,-0.495539,0.410717,-0.94606,-1.451881,1.906948,-0.08512,-0.995822,-1.507292,-0.876353,-0.182002,-0.66416,0.254938,-0.531896,0.417091,-0.842571,2.453865
SKNSH,0.013414,-0.052567,0.314563,1.132023,0.057744,0.052377,0.733238,-0.02214,0.921661,0.139293,0.023938,-1.131114,0.030233,-1.408163,-0.975783,-1.756376,-0.6287,-0.354033,-0.475944,-1.510665,0.602248,-0.295479,-0.478709,-1.239013,-0.979254,-0.838634,-0.299886,-0.384001,-0.511441,0.171457,-0.730323,0.889111
SKOV3,0.711618,0.39237,0.195753,1.760051,-1.148383,-0.478716,1.919923,0.497383,-0.794174,-0.050374,-0.519841,-0.033319,-0.257027,-2.61668,-1.82711,-0.071465,-1.966972,0.29425,-0.952528,-1.752737,0.527589,-0.021497,0.841034,-1.658373,-1.171489,-0.122911,-0.501895,0.907666,-0.403707,-0.17326,-1.055575,2.131556
SKPNDW,0.242385,0.196472,1.12132,1.421836,-0.84232,-0.020621,1.262871,0.744117,-0.580534,1.764369,-0.901029,-0.80539,0.253849,-0.025309,-1.395116,-0.451402,-0.035036,0.169063,-0.68162,-0.517133,0.966424,0.387336,0.683983,-0.653497,-0.16248,0.169884,-0.407375,0.240386,-0.340515,0.433094,0.417243,0.295381
SKUT1,0.417647,-0.459208,0.38257,1.466488,0.1402,-0.250568,0.355233,0.15501,0.058242,-0.919491,0.208738,-0.126282,0.859094,-1.688708,-2.463648,-0.251929,-0.204065,0.723416,-1.085671,-1.129866,0.951143,-0.597193,0.533792,-1.78235,-0.899144,-0.459866,-1.701291,0.385312,0.081782,-0.334758,-1.252731,1.958719
SNGM,1.238297,-0.433197,0.276364,1.470352,0.624522,-0.446319,0.591026,0.926683,0.025774,0.435011,-0.648005,0.12641,0.45665,-1.907428,-1.348702,-1.123505,-0.463395,0.119063,-0.940756,-1.140807,1.186993,0.267719,0.349306,-1.212482,-0.051562,0.288677,-1.129634,0.236743,-0.552295,0.020406,-0.662545,1.27944
SNU175,1.289704,0.384878,0.017827,1.221661,-0.084757,0.051854,1.039396,1.066555,-0.115771,0.302461,0.236237,-0.169637,0.209471,-1.019061,-1.107093,-0.341019,-0.915924,-0.182419,-1.057438,-1.56412,0.46106,-0.225916,0.093068,-1.011426,-1.512478,0.855476,-0.164263,0.453817,0.584539,-0.667983,0.57395,0.655968
SNU398,0.479446,-0.737149,0.476869,1.297156,-0.247087,0.187208,1.194308,0.29512,-0.623737,0.798769,-0.662811,0.120085,0.786759,-2.22133,-0.683962,0.622599,-0.608218,0.527346,-0.139741,-1.161547,1.153616,-0.820769,0.11827,-0.783771,-0.136552,0.613122,-1.221778,0.006047,0.512339,-0.286618,-0.336172,1.309246
SNU423,0.06007,0.680683,0.350191,0.880266,-0.447359,-1.222827,1.17153,0.243503,-0.136371,0.177667,0.004559,0.257707,0.61998,-1.92158,-1.564752,-1.295569,-1.027105,-0.132297,-0.513689,-0.052559,1.63942,-1.209617,-0.116595,-1.289488,-0.472424,-0.260246,-0.968554,-0.26507,-1.04189,0.046358,-1.07828,2.025159
SNU61,-0.115667,0.724009,0.354895,1.633038,-0.102953,-0.550916,1.880941,1.166896,-0.057551,1.017337,-0.616823,-0.606883,1.45176,-1.717021,-2.437078,-0.594195,-1.32793,0.292353,-1.655033,-1.823979,2.58491,0.030876,-1.168216,-1.023913,-0.078862,-0.052563,-0.960013,0.000722,-0.923254,0.415092,-0.825215,1.187212
SNU81,0.432251,-0.168425,1.204088,1.42959,-0.429477,0.303858,1.535289,0.341728,0.139037,0.603551,-0.431342,-0.34601,-0.309355,-2.05072,-1.609182,-0.622476,-0.309712,0.402192,-0.42059,-1.314312,1.896975,-0.012098,0.069778,-1.337274,-0.985641,0.357053,-1.095064,0.099884,-0.007731,-0.897533,-0.773207,2.24378
SNUC1,0.671866,-0.167035,0.795867,1.666061,-1.000683,-0.416965,2.442765,0.464642,-0.645062,0.290746,-0.52315,-0.773597,0.493805,-1.881611,-1.398536,-1.107445,-1.218462,0.212388,-0.711992,-1.858362,1.974791,0.359527,-0.424544,-1.720068,-0.829408,1.430999,-1.406242,1.227665,-1.254984,-0.796732,-0.966076,1.494285
ST486,0.088717,-0.41637,-0.119326,1.261978,0.506931,0.36969,0.969927,0.390396,-0.458971,-0.233361,-0.026243,-0.795592,-0.388494,-0.281227,0.17708,-0.055414,0.099198,0.017946,-1.075885,-0.32702,0.941664,-0.065376,-0.090916,-0.157579,-0.736902,-0.337166,-1.020019,0.210904,-0.8132,-0.472881,-0.62261,0.700033
SU8686,-0.089051,-0.138621,1.477262,2.074998,0.462062,0.358422,2.470165,1.048771,-0.607486,1.096958,-0.806589,-1.555061,0.564892,-3.08711,-2.754398,-0.740946,-1.382407,-0.291881,-1.11397,-1.378253,1.367457,0.338684,-0.691088,-0.819061,-0.92309,0.218997,-2.46295,0.464077,-0.677361,-0.427514,-1.07455,1.967897
SUDHL4,0.773681,-0.042611,1.042142,0.375812,-0.315646,0.309555,-0.148861,-0.284721,0.351754,-0.358313,-1.103972,0.738847,-0.595383,-0.710739,-0.689221,-1.641246,-0.558635,0.356063,-0.203846,-0.140832,0.42123,0.261518,-0.31633,-1.303048,-0.877283,-0.684513,0.021844,-0.599646,-0.115004,-0.255355,-0.303796,1.459007
SUIT2,0.372171,0.141184,0.789915,1.7373,0.871203,-0.999433,2.524766,1.241906,-0.798716,1.460628,-1.475797,-0.815378,-0.316162,-2.071897,-2.610207,-0.452924,-1.299088,0.134464,-0.886764,-1.81579,1.200674,1.131879,-0.163185,-2.8051,-1.069188,-0.501575,-0.957292,0.60813,-0.51576,-0.5323,-0.856063,2.019844
SUPT1,0.236186,0.340622,0.528947,1.098729,0.119303,0.311754,1.024055,0.607059,0.332799,-0.030194,-0.6861,-0.852478,0.226285,-1.992997,-0.730093,-0.367918,0.002943,-0.160852,-0.607635,-0.225872,1.508267,-0.465885,0.128519,-0.646698,-0.116518,-0.069479,-0.000673,-0.735503,-0.545257,0.061426,-0.106675,1.708519
SW1088,1.086883,-0.278546,1.285962,1.138586,0.235506,0.67534,2.15825,0.806502,-0.626911,-0.231505,-0.299804,-1.014953,-0.158962,-2.474203,-1.924055,-0.566148,-0.857787,0.008336,-0.357033,-1.490977,1.045397,-0.108565,1.048089,-1.231514,-0.716008,-0.654805,-1.239975,0.486397,-0.783614,-1.119134,-1.016155,2.546196
SW1116,1.29974,-0.60553,1.096239,1.197515,0.427452,-0.152069,2.327535,0.042799,-0.211964,0.632688,-0.117712,-0.088955,0.31676,-2.545054,-1.633806,-0.689747,-1.624635,-0.091405,-1.803866,-1.912044,2.270829,-0.175963,-0.185661,-1.269071,-1.054902,0.177808,-1.440148,0.83033,-1.493277,-0.767311,-1.525038,2.043274
SW1271,1.22407,-0.424848,0.550961,2.331872,0.242779,-0.335761,2.308309,0.416897,0.104542,1.749783,-0.316298,-1.62195,0.022102,-2.075417,-2.35808,-0.063889,-0.966788,0.037967,-1.114261,-2.205084,1.733284,-0.558364,0.671446,-0.715654,-1.393293,-0.823521,-1.555451,-0.291504,-0.724625,0.01134,-0.00199,2.406586
SW1573,0.571248,-1.175087,0.883901,2.083337,0.004662,-0.669038,1.905704,0.292805,-1.776848,0.175216,-1.408222,-0.457811,0.066248,-2.841498,-2.811335,-2.372271,-0.607583,-0.077634,-1.427036,-2.62627,2.45651,-0.231839,-0.322392,-2.11167,0.107175,0.112649,-1.638362,0.03443,-1.754841,-0.472198,-0.646244,3.040155
SW1710,-0.632369,-0.699467,0.351014,1.506465,-0.304391,-0.292702,1.76789,0.308318,0.002166,0.754005,-0.618823,0.339257,1.017815,-1.42821,-3.217407,0.232658,-0.605594,1.314393,-0.280454,-0.609386,1.89071,0.450768,1.063933,-1.302603,-1.325199,-0.043888,-0.944818,0.409485,-1.218073,-1.104388,-0.966431,2.238119
SW1990,1.343478,0.304266,1.250198,1.656152,-1.131873,-0.488424,1.629762,0.606348,-0.495618,0.825088,-0.089711,-0.657854,-0.682349,-2.372713,-1.899595,-0.014949,-1.412134,0.606324,-0.866438,-1.551268,2.097908,-0.581921,-0.212371,-1.593031,-0.926482,0.377567,-1.638731,0.531656,-0.71916,-0.217466,-0.900134,1.893778
SW620,0.54891,-0.038394,0.651052,2.388562,-0.731497,-0.268214,0.805723,0.959951,-1.031059,0.407983,-0.65336,-0.329214,-0.032392,-2.227076,-1.021544,-0.424748,-1.301902,0.191482,-0.093008,-1.541802,1.133377,-0.570179,-0.206465,-1.734018,-1.1888,-0.450242,-1.575365,0.674653,-0.796325,-0.397736,0.028261,2.51541
SW626,0.403529,-0.467023,0.277902,2.016219,-0.359076,-0.449952,1.324597,0.456573,-0.354697,-0.062863,-0.010651,-0.777543,0.190466,-2.766186,-1.897361,-0.780645,-1.135496,1.080391,-0.906697,-1.945762,1.251259,0.050027,0.723384,-1.421117,-0.252498,0.426483,-0.552403,-0.562884,-0.324923,0.172059,-1.329065,1.587981
SW780,0.083148,-0.505951,0.422249,1.68059,0.19311,0.300948,1.197897,0.363353,0.17726,0.878849,-0.433018,-0.240149,0.232821,-1.696537,-1.934016,-0.441271,-1.792216,-0.022164,-1.268147,-1.633121,1.037284,-0.497923,-0.688071,-1.184316,-0.598599,-0.739041,-1.59581,0.552943,-0.886449,-0.647109,,2.068173
SW837,-0.188629,0.127661,0.290354,1.614739,-0.267341,-0.513147,1.17177,0.675319,0.312158,-0.102414,0.352107,-0.626375,0.275642,-2.583104,-2.22457,-0.85091,-1.602627,0.23056,-1.171553,-0.580267,0.979542,-0.189355,0.195915,-2.054085,-0.236953,-0.080909,-2.47327,0.730457,-1.198812,-0.834862,-0.297529,1.801134
SW982,0.794548,0.511649,0.115221,1.425841,-0.535963,0.958336,0.720698,1.031649,0.104641,0.524687,-0.648433,-0.390423,-0.913284,-1.180717,-0.990831,-0.313224,-2.171089,-0.420461,-0.987656,-0.808556,1.135103,-0.237684,0.363256,-1.475916,-0.062757,0.312329,-0.589024,0.162863,0.509481,0.049481,-0.89078,1.375857
T24,0.910607,-0.442799,1.24142,1.829493,-1.423142,-0.102049,1.495903,1.094197,-0.032953,0.681267,0.334081,-0.590386,0.572712,-1.655837,-1.904341,-0.215522,-1.386941,0.126783,-1.633097,-1.398653,1.739372,0.346741,0.468217,-1.675143,-1.174737,0.335756,-0.682863,0.781769,-0.103929,-0.419749,-0.880626,1.624231
T47D,0.41155,-0.161633,0.67642,1.282944,-0.273995,-0.595514,1.868113,0.717293,-0.502618,0.106348,-1.075993,0.2419,0.49141,-2.504849,-1.144654,-0.036277,-0.833975,1.077105,-0.695069,-1.958033,1.479406,-0.077321,-0.241899,-0.973852,-1.315508,0.593429,-1.457472,-0.160052,-0.588364,-0.041607,-0.450434,1.267585
T84,0.202341,-0.693281,0.481458,1.933817,-0.216802,0.215051,2.175516,0.409571,-0.523699,1.583013,0.297312,-1.263181,0.415404,-1.753807,-1.16817,-0.887992,-1.348363,-0.049935,-1.118437,-0.887132,0.7531,-0.518298,-0.832597,-0.802644,0.136427,-0.061843,-1.2042,0.571049,0.186578,-0.063118,-0.900413,0.888749
TC71,-0.251614,-0.048554,0.071277,1.035588,-0.420688,-0.673289,0.384194,1.253876,0.155323,1.199447,-0.015465,-0.50186,0.810706,-1.195011,-0.952035,-0.367751,-2.097301,0.995927,-0.313792,-0.704991,0.871872,-0.057352,-0.257046,-0.569278,-0.98886,0.161357,-0.428163,0.132075,-0.184527,-0.675335,-0.853532,1.259262
TE11,0.606055,-1.011693,0.608878,0.546404,-0.222165,-0.795512,0.422372,0.895245,-0.235719,0.100015,-0.307142,-0.005533,0.350203,-1.065119,-0.379958,0.183232,-0.337296,0.196085,-0.159031,-0.601401,1.317586,0.328518,-0.472858,-1.308201,-0.643008,0.547645,-1.406342,0.399163,-0.141326,0.424658,-0.233002,0.323237
TE4,-0.085087,-0.700835,0.245553,1.118446,-0.768733,0.549332,0.591888,1.282703,0.21963,0.880162,-0.715023,-0.198751,-0.44647,-1.064459,-1.407269,-0.651342,-1.416467,-0.989115,-1.240606,-0.565537,0.962897,-0.264021,0.381422,-0.228987,0.230044,-0.39805,-1.885636,1.478262,0.657348,-0.137495,-1.113241,1.953066
TE441T,0.300314,-0.155114,0.909225,1.253562,-0.759929,-0.32938,1.457027,0.802536,-0.203867,0.853719,-0.511414,-0.242869,-1.515198,-1.589565,-0.84843,-0.596276,-0.955565,-0.296574,-0.146009,-0.733162,1.458152,-1.024153,-0.032057,-1.156326,-0.528593,-0.228893,-0.994054,0.692807,-1.38486,0.680583,-0.187276,1.300061
TE5,0.957146,-0.866134,0.324485,1.484002,0.44532,-0.260692,1.826543,0.483484,-0.232684,1.388842,0.027801,-0.513035,0.583125,-1.651543,-1.495985,-0.014252,-0.474896,0.255106,-0.599908,-1.623797,1.024812,-0.363712,0.030343,-2.27566,-0.121905,-1.271174,0.19016,1.131943,-0.739626,-0.2911,-0.458718,1.583857
TE6,0.522067,-0.190513,0.508028,1.396192,-0.857468,-0.180905,1.435342,0.722229,-0.510324,1.033983,-0.574044,-0.285536,0.856046,-1.679651,-1.371277,-0.530156,-0.249461,0.140494,-0.136633,-1.262346,0.826547,0.146163,-0.094452,-0.910969,-1.831318,0.09768,-1.216374,-0.209601,-0.791456,-0.536876,-0.539744,0.904012
TE8,0.581401,0.565289,0.692378,1.70231,0.347753,0.41873,2.28076,0.404351,-0.759294,0.854063,-0.040758,-0.009024,1.150824,-1.624674,-1.256772,-0.969335,0.204599,0.099506,-0.92786,-1.376838,0.926472,-0.557109,-0.204309,-1.896965,-0.856543,1.069002,-0.612966,0.783095,0.076784,0.668507,-1.398442,0.963436
TOV112D,-0.050428,-0.332689,0.307966,0.854081,-0.056013,-0.148008,0.755903,-0.544801,-0.828596,0.109251,-0.451416,-0.894346,-0.074211,-1.919173,-1.283319,-0.934374,-1.141048,-0.432007,-0.719193,-1.432453,1.490364,0.043184,0.012851,-1.406777,-0.1949,0.42383,-0.743004,1.067664,-0.195144,0.250425,-0.358935,1.648351
TYKNU,0.065125,-0.358222,0.779081,1.592285,0.035303,0.331709,0.761177,0.228915,-0.32331,0.144115,1.25644,-0.176742,0.186625,-2.043137,-1.84971,-0.509635,-0.889145,0.064894,-0.98391,-0.645767,2.059941,-0.084669,-0.607615,-1.06027,0.269143,0.788399,-0.706852,1.061799,-0.533802,0.041854,-0.901878,1.87461
U2OS,1.155418,-0.431288,0.209061,1.553183,-0.344626,0.093295,1.333306,1.617287,-1.108582,1.162804,-0.840185,-1.358036,0.357946,-2.017229,-2.258667,-1.396112,-1.004648,0.79833,-0.604463,-1.366711,1.687182,-0.236627,-0.648158,-2.117803,-0.639322,0.029242,-0.711452,0.749764,-0.29074,-0.428274,-1.284688,2.035703
U87MG,0.735623,-1.32594,0.199647,1.104907,-0.163817,-0.624657,1.484872,0.625587,-0.526671,0.158502,-0.760821,-0.983664,0.420463,-1.536532,-2.028008,0.224834,-1.121855,1.064361,-1.185806,-2.358274,1.596887,-0.090742,0.081506,-1.677953,-0.535721,-0.149994,-1.247306,0.778606,-0.4799,0.027186,-0.68896,1.59298
UACC257,-0.005393,-0.344058,-0.91555,1.456763,-0.310273,0.012519,1.68216,1.056583,-1.62991,0.595664,-1.3728,-1.13986,0.184736,-1.56263,-1.798494,-0.637659,-1.17478,0.00465,-1.316452,-1.410823,0.993191,0.036826,-0.116579,-1.226047,-0.145633,-0.708953,-1.614728,0.004385,-1.597252,-0.851789,0.528511,2.435349
UACC812,1.467358,0.272945,0.292414,1.368938,0.054408,-0.02104,1.328693,0.030978,1.163064,0.485093,-0.637483,-0.420314,0.126443,-1.898138,-1.123115,-0.638146,-1.618655,0.241017,-1.162161,-0.734473,2.086616,-0.177468,-0.570208,-2.072114,-0.549973,0.281764,-1.366111,0.144689,-0.911549,-0.310438,-1.807624,1.346363
UMUC3,0.150131,0.474689,0.197676,1.511902,-0.105298,0.430404,2.1054,0.687608,-0.675972,0.174534,-0.553107,-0.651751,0.502673,-1.575791,-1.314219,0.104776,-0.01399,0.355665,-0.29786,-1.494141,1.960609,0.320004,0.567242,-1.282892,-0.842331,-0.593724,-1.09441,1.1172,-0.715587,0.120283,-0.139686,1.58716
VMRCRCZ,1.46572,-1.679118,0.441623,2.018294,-0.790539,-0.212523,2.71247,1.444674,-0.465221,0.40703,-1.362503,-0.559014,0.078261,-3.895808,-2.318663,-0.216604,-0.868059,0.604401,-1.16328,-1.611159,2.062113,0.188277,0.247484,-1.85947,-0.791999,0.828464,-1.759499,-0.131188,-0.250542,-0.947995,-0.351713,2.966273
WSUDLCL2,0.710218,0.533366,0.374429,0.628996,0.153703,-1.06452,0.447716,-0.369212,-0.029916,-0.437979,-0.706496,0.687879,0.594256,-0.472817,-0.332016,-0.262304,0.03574,-0.260709,0.273459,-0.474028,0.150686,-0.044694,-0.278959,-0.186205,-0.402622,0.261553,0.324812,-0.267224,-0.21307,0.158897,-0.365973,0.687897
YH13,0.671503,0.432012,0.210504,0.736098,-0.33943,-0.669504,1.534277,0.02756,0.794301,1.078115,-0.361118,0.064458,-0.626569,-0.255196,-1.662653,-0.50604,-1.730957,0.492285,-1.27307,-1.068872,0.889855,-0.717871,-0.348643,-1.016672,-1.072342,-0.286464,-0.580891,1.5991,-0.237403,-0.689891,-0.660601,1.484314
ZR7530,0.524651,0.256856,1.020669,2.598321,-0.486905,0.33309,2.140256,0.594937,0.42765,-0.148576,-1.021852,-0.969252,1.594831,-1.79043,-1.681685,-0.957019,-0.212956,0.62663,-0.789847,-1.898647,2.03887,-0.443778,-0.009742,-1.70177,-0.58288,0.140441,-0.865813,-0.954401,-0.590743,-0.051829,-0.273709,2.575534
