sample_id,cell_line_id,drug_id,response,cell_emb_0,cell_emb_1,cell_emb_2,cell_emb_3,cell_emb_4,cell_emb_5,cell_emb_6,cell_emb_7,cell_emb_8,cell_emb_9,cell_emb_10,cell_emb_11,cell_emb_12,cell_emb_13,cell_emb_14,cell_emb_15,cell_emb_16,cell_emb_17,cell_emb_18,cell_emb_19,cell_emb_20,cell_emb_21,cell_emb_22,cell_emb_23,cell_emb_24,cell_emb_25,cell_emb_26,cell_emb_27,cell_emb_28,cell_emb_29,cell_emb_30,cell_emb_31,drug_emb_0,drug_emb_1,drug_emb_2,drug_emb_3,drug_emb_4,drug_emb_5,drug_emb_6,drug_emb_7,drug_emb_8,drug_emb_9,drug_emb_10,drug_emb_11,drug_emb_12,drug_emb_13,drug_emb_14,drug_emb_15,drug_emb_16,drug_emb_17,drug_emb_18,drug_emb_19,drug_emb_20,drug_emb_21,drug_emb_22,drug_emb_23,drug_emb_24,drug_emb_25,drug_emb_26,drug_emb_27,drug_emb_28,drug_emb_29,drug_emb_30,drug_emb_31
TRAIN_0001,DMS273,Bromosporine,1.802728,0.253033,0.242949,0.540942,0.645369,-0.316552,-0.555027,1.597034,0.525302,0.635763,0.333514,-0.664974,-1.069178,-0.739308,-2.075126,-1.023177,-0.122711,-1.469806,0.658255,-0.850457,-0.873703,1.788984,0.297013,-0.08898,-1.401041,-1.440974,-0.285191,-0.877429,-0.241644,-0.468421,-0.157186,-0.515936,0.917148,0.787592,-1.274868,0.482616,-0.837624,-0.328696,-2.298819,-1.068458,-0.017764,0.341374,0.235644,0.630885,-0.369925,-0.98709,-0.158638,-0.057011,0.459476,0.297401,-1.004891,-0.329131,0.352485,0.224851,0.082234,0.844577,0.996558,-0.881457,0.016548,0.32188,-0.026436,-0.117945,-0.684722,-0.332778,-1.203165
TRAIN_0002,UMUC3,JQ1,5.157468,0.150131,0.474689,0.197676,1.511902,-0.105298,0.430404,2.1054,0.687608,-0.675972,0.174534,-0.553107,-0.651751,0.502673,-1.575791,-1.314219,0.104776,-0.01399,0.355665,-0.29786,-1.494141,1.960609,0.320004,0.567242,-1.282892,-0.842331,-0.593724,-1.09441,1.1172,-0.715587,0.120283,-0.139686,1.58716,-0.334863,0.48765,0.8136,-0.436563,0.718969,-1.234859,-0.444381,0.483938,0.738071,-0.052274,0.012652,-0.485228,-0.931702,-1.04098,-0.687583,0.529579,-0.25383,-1.371143,0.123666,-0.0432,0.045127,0.156211,1.321713,1.060195,-0.280429,-0.119368,0.369744,1.212501,0.307758,0.549674,-0.681297,-0.481499
TRAIN_0003,ME1,JNK Inhibitor VIII,5.040891,0.44871,0.137516,0.075242,0.628309,-0.150983,-0.363996,1.693024,0.630577,-0.307656,-0.33764,0.539316,-0.489043,0.560203,-2.089737,-1.353108,-1.14271,-0.658908,0.09658,-0.778773,-0.884986,0.664312,-0.539514,0.287664,-0.195735,-0.544685,0.392485,-1.059144,1.299382,-1.398407,-0.207551,-1.338501,0.365106,0.890215,-2.120391,2.168326,-1.885118,-0.592558,-3.141058,-1.588407,0.124011,0.412498,0.184585,-0.608665,-0.22295,-1.915548,-1.649025,-1.070175,2.024396,0.105635,-3.286358,-0.084705,-0.423603,-0.899475,0.610435,1.607941,2.213688,-1.793799,-1.457354,0.743357,1.463848,-1.101148,0.036945,-1.303092,-2.966786
TRAIN_0004,BT549,CCT007093,6.255264,0.612591,0.35646,1.464598,1.992997,-1.148869,-0.868204,1.228213,0.761727,-0.199172,0.16643,-0.35871,-0.83204,-0.069709,-2.569856,-2.144383,-1.224389,-1.476017,0.833389,-1.360534,-0.061601,1.676492,-0.127841,-0.363301,-1.039777,-0.818899,0.169217,0.157175,0.318487,-0.011324,-0.636154,-0.604497,2.692415,-0.116483,-1.517228,1.456729,-1.842065,0.575633,-3.64622,-1.989465,0.366381,1.276841,0.305595,-0.818427,-1.13229,-3.431641,-0.722959,-0.31038,2.083765,0.693626,-3.838381,-0.003836,-0.520212,-0.996486,0.850293,1.805378,1.469969,-1.259018,-0.805671,1.011812,1.31835,-1.418674,-0.677389,-1.913594,-1.383654
TRAIN_0005,HCC38,LCL161,5.906965,0.636914,0.666798,0.332072,2.551752,0.135023,0.023983,1.820331,0.703481,0.093897,0.655378,-1.483371,-1.060923,0.168055,-1.90864,-1.888769,0.003009,-2.067978,0.410737,-1.888373,-1.143437,1.533601,-0.033714,-0.359106,-0.896983,-0.066302,0.411412,-1.306206,0.695152,-1.001288,0.113161,0.175747,2.533149,0.591685,-1.498266,0.249593,-2.663727,0.383041,-2.402313,-2.729249,0.5095,1.732929,1.191713,-0.001606,-0.181968,-3.204403,0.009046,-0.953788,1.061769,0.369238,-1.793362,1.57262,-0.49409,-0.479727,0.906031,0.971836,2.08492,-1.524498,0.320672,1.128248,1.717569,0.221644,0.847727,-1.687283,-2.134005
TRAIN_0006,HCC70,ZM447439,1.530664,0.050207,0.065188,-0.105422,1.558698,0.029665,-1.130531,0.738552,0.499628,-0.542679,-0.151426,-0.192699,-0.263384,0.105027,-1.976455,-0.916828,0.357908,-1.088009,-0.043528,-0.513057,-1.359005,1.154862,0.181189,-0.898258,-0.531236,-0.418495,-0.11307,-1.006281,0.295113,-1.367439,0.503757,-0.482067,1.769093,1.044849,-0.597338,1.130443,-0.313717,-0.155667,-0.966083,-1.329259,-0.112486,0.463537,-0.171904,0.317187,-0.110851,-1.445977,-0.247166,-0.511569,0.694209,0.303315,-1.199626,0.458037,-0.494261,-0.126016,0.385403,0.509543,0.022066,-0.189745,-0.244845,0.374378,1.314915,-0.627729,-0.83793,-0.863308,-0.817181
TRAIN_0007,SKMEL1,Crizotinib,2.293735,0.599606,-0.619878,0.368891,2.184612,-0.265913,-0.052462,1.562121,0.195574,-0.01461,0.808091,0.677515,-0.985465,0.659454,-2.618122,-1.690484,-0.088455,-2.074875,0.219841,-1.212917,-1.799504,1.695845,0.328776,0.002621,-1.358546,-0.50119,0.114669,-1.725185,0.939556,-0.468446,-0.101734,-1.020393,1.670174,0.05611,-0.313137,1.058992,-0.99243,-0.126817,-1.397791,-0.804813,-0.129202,0.672449,0.754851,0.942689,0.186911,-0.248448,-0.889107,-0.016638,1.51282,-0.173967,-1.649662,1.127564,-0.794836,-1.210734,1.252095,1.421096,0.959201,-0.692532,-0.466007,0.405315,1.568367,-0.263087,0.935328,-1.331801,-0.964386
TRAIN_0008,NCIH522,ZM447439,4.506295,0.987091,-0.639445,0.495138,0.962102,-0.413232,0.287451,1.538931,2.025051,-0.344745,0.540017,-0.382662,-0.756832,0.1986,-1.23517,-1.56496,-0.925451,-1.414911,0.070387,-0.816886,-0.7312,0.70791,-0.372211,0.135652,-2.256548,-0.928684,-0.235643,-1.480268,0.449215,-0.645062,-0.551924,-0.351805,2.60324,1.044849,-0.597338,1.130443,-0.313717,-0.155667,-0.966083,-1.329259,-0.112486,0.463537,-0.171904,0.317187,-0.110851,-1.445977,-0.247166,-0.511569,0.694209,0.303315,-1.199626,0.458037,-0.494261,-0.126016,0.385403,0.509543,0.022066,-0.189745,-0.244845,0.374378,1.314915,-0.627729,-0.83793,-0.863308,-0.817181
TRAIN_0009,SKHEP1,JNK Inhibitor VIII,3.892612,0.51371,0.18173,1.190856,0.64054,-0.335958,0.010406,1.729809,0.701249,-0.155771,0.088971,0.357479,0.072737,-0.452401,-2.277663,-2.092258,-0.17241,-1.563525,0.120293,-0.598487,-1.31756,1.462438,-0.738243,0.358843,-1.602402,-0.657421,0.219749,-0.995279,0.353684,-0.921589,-0.415068,-0.546155,0.997088,0.890215,-2.120391,2.168326,-1.885118,-0.592558,-3.141058,-1.588407,0.124011,0.412498,0.184585,-0.608665,-0.22295,-1.915548,-1.649025,-1.070175,2.024396,0.105635,-3.286358,-0.084705,-0.423603,-0.899475,0.610435,1.607941,2.213688,-1.793799,-1.457354,0.743357,1.463848,-1.101148,0.036945,-1.303092,-2.966786
TRAIN_0010,NCIH2085,Dactinomycin,-2.315408,0.630311,0.22206,0.348008,2.20007,-0.367884,-0.100564,1.147757,0.286025,-0.135806,0.332815,-0.900628,-0.797672,0.596816,-2.270321,-1.822081,-0.56727,-1.994015,-0.414332,-0.760066,-1.812206,2.026585,0.252609,0.428613,-0.546527,-0.598026,0.437829,-1.468774,1.610233,0.377829,-0.292236,-0.421786,2.573093,-0.201461,2.364545,-1.309025,1.910249,0.202311,2.112765,1.004041,-0.597064,-1.057753,-1.078233,-0.376641,-0.415547,2.272195,1.087858,0.891241,-0.84903,-0.288194,2.637349,-0.65593,0.469863,1.105729,-1.32223,0.433104,-0.993045,0.978742,0.962902,0.099163,-1.036169,0.583368,-0.551254,0.918445,1.552493
TRAIN_0011,HCC1500,P22077,3.43445,-0.643748,-1.192672,0.316422,1.686421,-1.597843,-0.47394,1.248222,1.428623,-0.64181,0.710738,-0.372874,-1.510998,0.615668,-1.723359,-1.396655,1.424996,-2.011361,1.163091,-1.012726,-1.207946,1.379907,-0.428192,-0.22029,-1.198765,-1.279575,0.481445,-1.309627,-0.205482,-0.799833,0.349416,-0.843516,1.951903,0.425315,-1.419809,0.219072,-0.785308,0.018791,-2.864107,-1.676799,0.580026,1.983954,-0.597185,0.255837,-0.037624,-2.077544,-0.584461,-0.158762,0.745398,1.341779,-3.174936,-0.127305,-0.65413,0.042693,0.676995,1.384918,1.981429,-1.290457,-1.009365,0.241491,2.010931,-0.615652,0.713062,-1.13428,-1.947767
TRAIN_0012,EFO21,Sinularin,5.130055,0.71138,0.102659,0.205329,1.03234,-0.610492,-0.945556,2.006794,1.0248,-0.898743,1.502984,-0.500075,-0.51652,0.657506,-3.308545,-1.949906,-0.842876,-1.114769,-0.08604,-2.076843,-1.612966,2.286486,-0.774256,-0.338155,-1.477009,-1.374066,0.980138,-2.098119,0.85706,-1.024208,-0.116007,-1.133484,2.570399,0.380129,-1.312002,0.869918,-1.757268,0.670262,-1.86935,-1.716081,-0.304857,0.150508,0.681486,-0.066841,-0.223237,-2.03547,-1.522422,-0.024655,1.182154,0.831045,-2.129475,0.237562,-0.066322,-0.377351,1.070643,0.98484,1.330184,-0.36724,-0.392022,0.107113,1.742904,-0.853544,0.110812,-1.2444,-2.234686
TRAIN_0013,HCT116,Dactinomycin,-3.644615,0.417962,0.122152,0.535416,1.6371,-0.629541,-0.49187,0.64814,0.917807,0.142668,0.581019,0.288183,-0.894099,0.99211,-0.491683,-0.762104,0.522571,-1.491771,-0.056375,-0.962457,-0.564396,0.435009,0.230852,0.729503,-0.585686,-0.214725,-0.421276,-1.177389,0.870912,-0.003776,-0.210585,-0.603105,0.200439,-0.201461,2.364545,-1.309025,1.910249,0.202311,2.112765,1.004041,-0.597064,-1.057753,-1.078233,-0.376641,-0.415547,2.272195,1.087858,0.891241,-0.84903,-0.288194,2.637349,-0.65593,0.469863,1.105729,-1.32223,0.433104,-0.993045,0.978742,0.962902,0.099163,-1.036169,0.583368,-0.551254,0.918445,1.552493
TRAIN_0014,HCC1954,POMHEX,2.402711,1.041225,-0.53711,0.805538,1.355124,-0.06097,0.443211,1.667769,0.77685,-1.214365,-0.032867,-0.443284,-0.337149,-0.365686,-0.371009,-0.66341,-0.162355,-0.798715,0.152885,-1.224315,-1.125223,1.336804,-0.806956,0.222742,-1.251849,-1.402562,-0.338775,-1.155404,1.253479,-0.216745,-0.908143,-0.252884,0.75292,0.539801,-0.322645,0.810167,-0.792016,-0.795722,-0.537266,-1.032698,-0.610817,-0.346615,0.372996,0.020773,0.263779,-0.291307,-0.51517,-0.230221,0.191751,0.040287,-1.229906,0.332424,0.374559,-0.694841,0.899552,0.493173,0.514742,-1.204948,-1.034518,0.212279,0.807805,-0.53852,0.756459,-0.100833,-0.960514
TRAIN_0015,U87MG,Savolitinib,2.324788,0.735623,-1.32594,0.199647,1.104907,-0.163817,-0.624657,1.484872,0.625587,-0.526671,0.158502,-0.760821,-0.983664,0.420463,-1.536532,-2.028008,0.224834,-1.121855,1.064361,-1.185806,-2.358274,1.596887,-0.090742,0.081506,-1.677953,-0.535721,-0.149994,-1.247306,0.778606,-0.4799,0.027186,-0.68896,1.59298,0.446683,-0.236442,0.884214,-0.261916,0.360314,-1.718579,-1.093851,0.149717,0.346646,0.956652,0.053191,-0.199862,-1.01985,0.898876,-0.944084,0.445465,-0.408147,-1.5639,0.388859,-0.548845,-0.825672,0.573439,0.595481,0.919745,-0.131949,0.084627,0.712501,1.343962,-0.252027,-0.231762,-1.294518,-1.177773
TRAIN_0016,PATU8902,AZD4547,3.43326,1.487821,0.160424,0.905193,2.092329,0.417193,-0.727307,1.901472,0.724872,-1.165835,0.508302,-0.020534,-0.29396,0.622062,-2.298227,-1.876332,-1.097237,-1.410135,0.485504,-0.986716,-1.590422,1.747468,-0.468556,1.662585,-1.312547,-0.468175,0.020882,-1.652238,0.400268,-0.598063,-1.301765,-1.530496,1.977413,0.325771,-0.776673,0.840264,-1.158347,0.417466,-0.847442,-0.72447,0.564382,0.745741,-0.612636,-0.616098,-0.01669,-1.204223,-0.363713,0.464736,1.22011,0.908041,-1.382094,-0.140848,-0.341149,-0.95121,1.275081,1.231108,1.015318,-0.062448,-1.260731,0.56265,0.135628,-0.392132,-0.306382,-0.566124,-0.855765
TRAIN_0017,JURLMK1,GSK2830371,3.100867,-0.518428,0.213111,1.153829,0.725816,0.058966,-0.075041,-0.250445,0.937773,-0.464474,0.436047,-0.938511,-0.747507,0.799514,-0.821821,0.142281,-0.229604,-1.26407,0.552493,-0.602561,-0.129107,0.509129,-0.848046,0.105024,0.615444,0.062071,0.008819,0.147745,0.232611,-0.098714,-0.644631,-0.086918,1.145225,-0.413728,-2.227383,1.501842,-2.438996,-0.060321,-3.706571,-2.232893,0.797032,1.973086,-0.079888,0.884124,-0.999725,-1.900495,-1.549909,-1.196359,1.373809,0.541376,-2.622259,0.870266,-1.108083,-1.612991,0.552067,1.64736,1.43324,-1.861333,-0.375965,1.678476,1.359078,-1.008271,-0.026847,-2.106887,-1.641449
TRAIN_0018,SW982,AT13148,2.381419,0.794548,0.511649,0.115221,1.425841,-0.535963,0.958336,0.720698,1.031649,0.104641,0.524687,-0.648433,-0.390423,-0.913284,-1.180717,-0.990831,-0.313224,-2.171089,-0.420461,-0.987656,-0.808556,1.135103,-0.237684,0.363256,-1.475916,-0.062757,0.312329,-0.589024,0.162863,0.509481,0.049481,-0.89078,1.375857,0.189418,-1.592353,0.725207,-2.103474,0.132005,-2.305007,-1.309178,-0.095581,0.852748,0.021528,-0.292769,-0.290528,-1.603634,-0.410035,-0.566252,0.98612,0.287,-2.293721,0.175994,0.592634,-1.199819,0.53249,0.938627,0.899261,-1.087352,-0.199995,-0.491253,1.59005,-0.209997,-0.825349,-2.349653,-1.802358
TRAIN_0019,IALM,Buparlisib,3.212063,1.404314,-0.327173,1.441073,1.126888,0.011559,-0.649758,1.19018,1.031529,-0.059453,0.229549,-1.306418,-0.605611,0.24706,-2.025118,-1.598116,-0.705435,-0.289414,0.489763,-1.264428,-2.503014,1.630008,-0.439519,0.561304,-1.480944,-1.243894,0.219428,-1.047437,1.215509,-0.278063,0.029881,-0.693056,2.420124,-0.08547,0.307882,0.542348,-0.976333,-0.432765,-1.000466,-0.277662,0.249551,-0.157462,-0.52232,0.099434,-0.19861,0.549861,-0.239128,0.742393,-0.207145,-0.663722,-1.190538,0.710463,0.740338,-0.63317,-0.011536,-0.215786,-0.572777,0.059086,0.00093,0.12371,-0.351155,0.648617,-0.318073,-0.128833,-1.155066
TRAIN_0020,IGR1,Uprosertib,1.545646,1.056365,-0.786531,0.38808,0.93713,-0.013888,0.411661,1.073747,-0.528301,-0.614053,0.928186,-0.133865,-0.190596,0.070253,-2.302032,-1.241195,-0.905732,0.211964,0.558314,-1.079338,-1.532893,1.227082,-0.315936,0.617095,-1.144806,-0.838849,1.041605,-0.975485,0.710877,-0.826029,-0.071905,-0.367289,0.664685,-0.484458,-0.113664,1.309084,-0.393676,0.243803,-1.573191,-1.750486,0.668881,0.831331,0.432499,0.743707,-0.564513,-1.347279,-0.461904,-0.867817,0.824391,0.544933,-1.694045,0.935986,-1.089935,-0.026572,0.86188,0.611087,0.346683,-1.769065,-0.666162,0.811316,0.819292,0.165291,-0.471194,-0.607383,-1.397745
TRAIN_0021,AU565,JQ1,4.07431,0.239136,-0.553604,0.179222,1.477268,0.081408,-0.657816,1.189801,0.929754,-1.173646,0.663389,-0.665883,-0.050941,-0.206942,-2.28376,-2.0591,-0.381909,-0.601366,-0.225283,-0.336264,-1.850392,1.025106,-0.76851,-0.277165,-1.004917,-0.823231,-0.112196,-0.327829,-0.017206,-0.015793,-0.775446,-0.169508,2.058062,-0.334863,0.48765,0.8136,-0.436563,0.718969,-1.234859,-0.444381,0.483938,0.738071,-0.052274,0.012652,-0.485228,-0.931702,-1.04098,-0.687583,0.529579,-0.25383,-1.371143,0.123666,-0.0432,0.045127,0.156211,1.321713,1.060195,-0.280429,-0.119368,0.369744,1.212501,0.307758,0.549674,-0.681297,-0.481499
TRAIN_0022,HCC1500,Erlotinib,2.894074,-0.643748,-1.192672,0.316422,1.686421,-1.597843,-0.47394,1.248222,1.428623,-0.64181,0.710738,-0.372874,-1.510998,0.615668,-1.723359,-1.396655,1.424996,-2.011361,1.163091,-1.012726,-1.207946,1.379907,-0.428192,-0.22029,-1.198765,-1.279575,0.481445,-1.309627,-0.205482,-0.799833,0.349416,-0.843516,1.951903,0.219222,-1.150448,1.572434,-0.257218,0.192703,-0.886187,-0.22946,0.203358,1.859248,0.128968,-0.20487,0.178798,-1.424799,-0.564894,0.315928,0.901843,-0.557488,-1.304383,-0.074613,0.107618,-0.223242,1.251968,1.323951,1.331142,-1.042866,0.141012,1.263819,0.479056,0.495436,-0.431375,-1.359756,-0.861523
TRAIN_0023,MDST8,AZD3759,2.628286,0.396073,-0.117594,0.355441,1.027675,0.356733,-0.2499,0.75623,0.366426,-0.020474,1.064443,-0.620218,-0.258207,0.329026,-1.760254,-1.129319,-1.104299,-1.553629,0.390974,-0.791803,-0.831866,0.9593,-0.637354,0.021984,-1.557778,0.335852,-0.604707,-0.85827,-0.272939,-0.111588,-0.358417,-0.656837,1.650266,-0.072685,-0.864889,1.294764,-1.309489,0.03204,-2.697501,-0.169229,-0.38159,0.739807,0.083044,-0.139261,0.169928,-0.318313,-0.436071,-0.031976,0.989499,0.77695,-1.60746,0.790633,0.254704,0.01295,0.147322,0.720497,0.846571,-1.340406,0.556129,0.252403,0.903349,-0.662484,-0.80834,-1.165477,-0.824003
TRAIN_0024,KMRC20,L-Oxonoreleagnine,4.515177,0.701364,-0.655942,1.012815,0.932914,0.128957,0.335504,1.897128,0.838275,-0.55159,0.215595,0.305202,-0.78221,-0.293854,-1.44393,-1.999775,-0.997155,-1.662286,0.050346,-0.884521,-1.189877,1.83661,0.0538,-0.032731,-1.422076,-0.250419,0.739284,-1.005621,0.114296,-1.054168,-0.993461,-0.225592,2.008959,0.645156,-2.017645,1.687647,-1.524242,-0.335219,-2.366785,-1.881588,0.445744,0.521209,-0.759667,-0.242656,-1.022927,-1.59021,-1.417525,-0.77127,1.301314,0.287089,-1.892824,0.711102,-1.019746,-0.807028,-0.964605,1.303786,0.91557,-1.452324,-0.196076,0.965525,0.878635,-1.020887,-0.129999,-1.934154,-1.699412
TRAIN_0025,NCIH1755,SB216763,4.421537,-0.580116,-0.852515,0.523201,0.96128,0.806442,0.727385,0.84461,0.899904,-0.005457,0.140531,-1.122966,-0.383216,0.109476,-1.766923,-1.175379,-0.830607,-1.396013,0.308964,-0.542174,-1.73176,1.650672,-1.068035,-0.234384,-1.282517,-0.758858,-0.192724,0.003663,-0.121267,0.734318,-0.017599,-0.441129,1.737772,-0.092938,-2.367027,2.406214,-2.091584,0.138745,-2.994548,-1.218692,-0.531023,1.29655,1.312491,-0.117073,-1.090059,-2.628806,-1.0259,-0.05728,1.488819,0.952418,-3.483664,-0.213414,-0.845544,-0.342988,0.994077,1.762409,1.600097,-0.762019,-0.790224,0.863852,1.115061,0.239875,-0.69147,-2.17689,-1.601857
TRAIN_0026,HDLM2,Sabutoclax,2.381914,-0.13587,0.84449,-0.119228,1.319862,0.315369,-0.815801,1.362671,1.086281,-0.371395,1.870636,-1.207072,0.154732,0.108233,-1.153079,-1.166867,-0.818881,-0.700221,-0.676171,-0.428789,-0.986975,1.498295,0.347445,0.238129,-1.07202,-0.878435,-0.266884,-0.33249,1.020378,-0.602208,-0.211636,-0.936319,2.076347,0.342456,-0.313155,0.244849,0.210585,0.242432,-0.17826,0.175224,-0.424909,-1.135379,0.484808,-0.741514,0.078797,0.290259,0.223535,-0.102982,0.04712,0.206721,0.515056,0.839594,0.14933,0.088686,-0.504564,0.131674,0.25574,-0.025906,0.298189,-0.173986,0.253839,0.49641,0.464854,0.151527,-0.419857
TRAIN_0027,NCIH2291,Afuresertib,2.799315,1.107632,-0.964094,0.890081,2.111124,-0.326436,-0.685247,2.463034,0.748395,-1.323802,-0.353048,0.056714,-0.268242,0.343536,-2.588779,-2.399948,-1.23398,-1.469613,-0.671005,-1.492166,-1.903901,2.119414,-0.299474,0.481061,-1.089271,-0.144861,0.372577,-1.418999,-0.02528,-0.373619,0.478757,-0.57386,3.25175,-0.279753,-0.700113,1.253788,-0.993059,-0.322097,-2.227836,-1.598455,0.578607,0.388905,-0.176309,-0.443994,-0.181416,-1.219343,-0.671933,0.332073,1.555217,-0.549453,-1.147422,-0.147401,-0.410521,-0.348805,0.34856,0.882011,1.029102,-0.476859,-0.553387,-0.068231,0.005686,-0.783334,0.842955,-1.218812,-1.486339
TRAIN_0028,DMS53,GSK1904529A,3.964845,0.587347,0.080951,0.110711,2.24783,-0.28642,-0.227684,1.953367,0.893785,0.001134,0.693009,-0.775519,-0.29089,-0.326829,-1.883288,-1.763429,-0.673484,-1.089957,-0.622688,-1.193913,-1.383809,1.564182,-0.74248,0.701239,-1.875922,-0.066565,0.325928,-1.488718,1.268123,-1.205082,0.164181,-0.109054,1.540481,-0.308962,-1.628104,1.439522,-1.13297,0.22687,-2.629038,-1.522252,0.544029,1.563544,-0.415828,-0.142745,-0.931736,-1.978431,-1.06392,-0.631826,0.996467,-0.289764,-3.375995,0.362488,-0.724151,-1.232106,1.469229,0.932115,1.938533,-0.29659,-1.383885,0.483752,1.088737,-2.088837,-0.967555,-1.073875,-0.570454
TRAIN_0029,NCIH226,RO-3306,6.942467,0.907178,0.186648,0.88733,2.010256,-0.669886,-0.367657,1.956188,0.957867,-0.997045,1.916307,-2.11636,-0.822902,1.243713,-2.950718,-2.338436,-0.835168,-1.927936,-0.62631,-1.326567,-2.610871,1.906869,-0.604882,0.978725,-1.040237,-0.748293,-0.057783,-2.40036,0.825646,-0.053996,-0.582817,-2.136627,3.250644,0.193772,-2.179067,0.6347,-1.36296,-0.185541,-2.489959,-1.317448,0.720044,0.328771,-0.100026,-0.492167,-1.540143,-1.546873,-0.320261,0.004312,0.72127,-0.249878,-1.918233,0.769234,-0.343914,-0.596004,1.240183,0.758503,0.908978,-0.10093,-0.436731,-0.271216,0.732717,-0.99338,-0.024558,-1.658473,-1.173316
TRAIN_0030,HDLM2,OSI-027,2.693752,-0.13587,0.84449,-0.119228,1.319862,0.315369,-0.815801,1.362671,1.086281,-0.371395,1.870636,-1.207072,0.154732,0.108233,-1.153079,-1.166867,-0.818881,-0.700221,-0.676171,-0.428789,-0.986975,1.498295,0.347445,0.238129,-1.07202,-0.878435,-0.266884,-0.33249,1.020378,-0.602208,-0.211636,-0.936319,2.076347,-0.204074,-0.384008,1.908354,-1.136516,0.564545,-1.909016,-1.097388,0.169114,0.482093,1.365854,-0.243961,0.05737,-2.124158,-0.348337,0.209901,0.564952,-0.985725,-1.401493,0.262663,0.060145,0.474766,0.289508,0.380127,0.146635,-0.558881,-0.002736,-0.013128,1.154138,-0.142965,-0.123935,-1.318539,-1.17872
TRAIN_0031,HCC78,Sinularin,3.727766,0.875619,-0.621881,0.758111,1.092186,0.234897,-1.252089,1.221685,0.316358,-0.161785,0.671771,-0.726854,-0.730989,0.139442,-1.988471,-0.96753,-0.637233,-2.268801,0.065551,-1.250212,-1.952512,0.561102,-0.127041,0.718679,-0.990299,-0.741468,0.317242,-1.15607,-0.044871,-1.060683,-1.110722,-0.679323,1.570071,0.380129,-1.312002,0.869918,-1.757268,0.670262,-1.86935,-1.716081,-0.304857,0.150508,0.681486,-0.066841,-0.223237,-2.03547,-1.522422,-0.024655,1.182154,0.831045,-2.129475,0.237562,-0.066322,-0.377351,1.070643,0.98484,1.330184,-0.36724,-0.392022,0.107113,1.742904,-0.853544,0.110812,-1.2444,-2.234686
TRAIN_0032,DMS79,AZD2014,2.699452,1.136194,-0.24749,0.718032,1.479174,-0.274554,0.198019,1.795521,-0.194516,0.236337,-0.350677,0.105804,0.150836,-0.331167,-1.900082,-2.080686,-0.605503,-1.051125,0.668173,-0.149121,-0.553096,1.017104,-0.304591,-0.781906,-1.664896,0.000243,0.90604,-1.636659,0.03654,-0.545214,-0.118285,-0.937759,1.852673,0.578593,-1.630197,0.373241,-0.818065,0.144346,-1.189456,-0.562112,0.110851,0.298204,-0.091888,-0.381279,0.197145,-1.288769,-0.046687,-0.291307,0.429695,0.533593,-1.515027,0.530725,-0.145103,-0.740206,0.663754,0.946558,1.186904,-0.064952,0.043715,-0.347474,1.861344,-1.014718,0.353393,-0.506817,-1.368218
TRAIN_0033,PANC0203,Ruxolitinib,7.547894,0.509838,-0.63311,-0.47377,1.753673,-0.149507,-0.545552,0.785323,1.089932,-0.607101,0.82639,0.464001,-1.541074,-0.105433,-2.036985,-1.014649,-1.386078,-0.054967,0.385299,-0.96505,-1.525371,1.262085,0.296038,-0.466061,-1.266202,-0.741884,-0.269042,0.130554,0.588958,-0.299976,0.274295,-1.318362,2.746834,-0.730951,-0.311658,1.924286,-0.693945,0.335053,-2.5754,-2.161819,0.727832,0.466459,-1.022261,-0.563586,-1.165745,-1.411808,-0.139302,-1.371545,2.183629,0.975546,-3.349542,0.276304,-0.850252,-0.610705,0.275402,1.450335,1.011744,-0.98412,-0.5582,0.214258,1.312455,0.320978,-0.478524,-2.129862,-1.448377
TRAIN_0034,CAKI1,Piperlongumine,2.272432,1.201686,-0.149486,0.268655,2.225087,-0.92149,-1.296872,1.5519,0.39622,-0.906567,0.811768,-0.268942,-0.674831,-0.436084,-1.177414,-1.129679,-0.523816,0.069106,-0.270009,-1.528581,-1.537077,1.213321,-0.068748,-0.063665,-1.025591,-1.084897,0.815433,-1.011813,0.875508,-0.33521,-0.017635,-0.22259,1.786048,-0.587105,-2.018317,1.08372,-0.848207,0.943629,-0.929852,-1.097851,0.094881,0.79502,0.60224,0.081164,0.344061,-1.173299,-0.997593,-0.351736,0.835427,-0.362559,-1.890563,0.44836,-0.470131,-0.552187,0.24419,1.475026,1.276477,-1.200452,-0.480754,0.654646,0.977251,-0.35291,-0.697506,-1.108221,-1.087637
TRAIN_0035,HOP92,Vinblastine,1.07214,-0.375634,0.389348,0.794389,2.263305,-0.019435,0.309144,1.862265,1.464739,-0.223148,0.510705,0.658192,-0.035892,0.536462,-2.611743,-2.423444,-0.433654,-0.971997,0.017092,-0.866155,-0.662509,1.85955,-0.803397,0.013902,-1.872142,-0.755393,-0.092389,-1.426098,-0.240027,-0.683399,-0.581192,-2.085398,2.937152,-0.997674,1.316225,-0.3826,1.476585,-0.535226,1.812338,0.936912,-0.404453,-1.333921,-0.226552,-0.637245,0.197151,0.835155,0.813965,0.114986,-0.898193,0.201606,2.535016,-1.583905,-0.036983,0.516645,-0.37362,-1.842875,-1.410311,0.893568,0.347667,-0.13818,-0.74112,0.642289,0.280091,1.119931,1.513154
TRAIN_0036,SNU423,Refametinib,2.676213,0.06007,0.680683,0.350191,0.880266,-0.447359,-1.222827,1.17153,0.243503,-0.136371,0.177667,0.004559,0.257707,0.61998,-1.92158,-1.564752,-1.295569,-1.027105,-0.132297,-0.513689,-0.052559,1.63942,-1.209617,-0.116595,-1.289488,-0.472424,-0.260246,-0.968554,-0.26507,-1.04189,0.046358,-1.07828,2.025159,0.007464,-0.129678,0.904775,0.183265,0.209918,-1.593397,-0.939911,0.33318,0.978136,-0.624401,-0.069368,0.613048,-1.061531,0.007156,-0.046746,1.151037,-0.186086,-1.52529,0.216492,-1.011306,-0.56589,0.515914,1.548791,0.794338,-0.221745,0.385352,-0.271402,0.538622,0.907599,-0.157777,-0.146227,-0.279798
TRAIN_0037,TOV112D,SN-38,-5.55376,-0.050428,-0.332689,0.307966,0.854081,-0.056013,-0.148008,0.755903,-0.544801,-0.828596,0.109251,-0.451416,-0.894346,-0.074211,-1.919173,-1.283319,-0.934374,-1.141048,-0.432007,-0.719193,-1.432453,1.490364,0.043184,0.012851,-1.406777,-0.1949,0.42383,-0.743004,1.067664,-0.195144,0.250425,-0.358935,1.648351,1.083793,1.050066,-0.78657,0.870377,0.042438,1.35315,2.391981,0.464579,-0.235948,-0.864176,0.216731,0.901418,1.754312,0.208681,0.129123,-1.268245,-0.640512,2.502671,-1.280039,0.707634,0.021264,-1.083712,-2.021388,-1.192729,1.582798,0.437282,-0.925792,-0.453272,1.088097,0.235075,2.108173,1.59019
TRAIN_0038,AMO1,VX-11e,1.251144,-0.108274,-0.570987,0.162505,0.933393,-0.562942,0.181949,0.207508,-0.166754,-0.194022,-0.35524,-0.415519,-0.738326,1.054779,-0.554987,-0.866107,-0.061295,-0.359291,-0.016435,0.035324,-0.043929,0.173398,-0.355481,-0.117316,-1.577368,-0.920522,0.716635,0.478007,-0.012077,0.108515,0.068325,1.359358,1.114149,-0.297848,-0.848042,1.026066,-0.237893,0.622822,-1.940532,-0.886276,0.190256,-0.070741,0.337267,0.835105,-0.226525,-1.98902,-0.565177,-0.978206,1.284015,0.539445,-1.506751,0.095682,-0.416556,-0.541572,0.106993,0.137276,1.320112,-0.869246,-0.165754,0.409693,0.947458,-0.973201,-0.987591,-1.186232,-0.766481
TRAIN_0039,NCIH1355,YK-4-279,2.839626,-0.179586,-0.82595,0.799375,1.557653,-0.937222,-0.405118,2.036915,1.130993,-1.480263,0.548871,-1.215255,-0.075333,0.66545,-2.610701,-2.331892,-0.865925,-2.270727,0.523031,-1.162338,-1.11058,1.106734,-0.564651,-0.676967,-2.111873,-1.206053,0.623311,-1.649561,0.486564,-0.869003,-0.964298,-0.763978,2.392317,1.284911,-0.694366,0.88434,-0.185009,0.790217,-1.165152,-1.033341,0.399766,0.127205,0.200288,-0.638484,-1.108704,-1.046532,0.109341,0.128996,0.725327,1.122576,-1.562517,-0.723996,-1.370188,-1.08128,0.851702,0.429946,0.905542,0.214813,-0.774189,0.479375,0.976631,-0.777711,0.542526,-0.945809,-1.058978
TRAIN_0040,SNU175,MN-64,5.124453,1.289704,0.384878,0.017827,1.221661,-0.084757,0.051854,1.039396,1.066555,-0.115771,0.302461,0.236237,-0.169637,0.209471,-1.019061,-1.107093,-0.341019,-0.915924,-0.182419,-1.057438,-1.56412,0.46106,-0.225916,0.093068,-1.011426,-1.512478,0.855476,-0.164263,0.453817,0.584539,-0.667983,0.57395,0.655968,0.339362,-2.441094,1.091857,-0.840315,-0.271749,-2.729759,-0.775707,0.594335,1.106768,0.495544,-0.363899,0.224212,-2.289524,-1.997075,-0.846754,1.010852,0.3451,-2.621561,1.056797,-0.196659,-0.825182,0.863118,0.927866,0.225757,-1.129636,-0.039744,0.414067,1.111485,-0.445051,-0.304091,-0.720908,-1.074448
TRAIN_0041,NCIH520,P22077,6.110893,0.63058,-0.526789,1.280287,1.488832,0.158564,0.489629,1.402611,0.834771,-0.008706,0.115695,-0.381357,-0.347646,-0.264802,-0.527242,-2.223715,-1.144563,-0.235435,0.633561,-1.31317,-0.940935,2.025515,-0.214095,1.35892,-2.117577,-0.13282,0.681014,-0.56863,0.228903,-0.674528,-0.03498,-0.122371,1.93354,0.425315,-1.419809,0.219072,-0.785308,0.018791,-2.864107,-1.676799,0.580026,1.983954,-0.597185,0.255837,-0.037624,-2.077544,-0.584461,-0.158762,0.745398,1.341779,-3.174936,-0.127305,-0.65413,0.042693,0.676995,1.384918,1.981429,-1.290457,-1.009365,0.241491,2.010931,-0.615652,0.713062,-1.13428,-1.947767
TRAIN_0042,COLO792,SGC-CBP30,4.459499,-0.384268,-0.375036,0.914805,0.590154,-0.040371,-0.865428,1.495419,0.59556,-1.182799,1.016017,-0.737688,-0.777366,0.293676,-0.954892,-1.886571,-0.418575,-0.595109,0.597719,-0.637528,-1.312314,0.757641,-0.137382,-0.482097,-2.599421,-0.216824,0.540624,-2.101411,-0.204584,-0.17049,0.795608,-0.470524,1.116453,-0.460071,-1.225595,1.576489,-1.974396,0.488137,-2.068104,-2.232472,0.180378,1.093989,-0.179116,-0.587335,-0.452229,-1.48822,-0.597845,-1.019243,1.676721,0.021055,-3.057641,0.230495,0.069483,-0.536892,0.780725,1.108908,0.994973,-1.017837,-0.929285,0.249186,1.138625,-1.287756,-0.656432,-1.20826,-1.523583
TRAIN_0043,IGR37,Wnt-C59,3.523213,1.385801,0.540057,0.294507,0.608393,-0.004487,-0.134907,1.380136,0.68006,-0.104304,1.13672,-0.068762,-0.879402,0.865495,-0.63633,0.262797,-0.989833,-0.649657,-0.801803,-0.414731,-1.349329,2.077565,-0.559198,-0.79318,-1.320335,-1.402199,0.459998,-1.908827,0.300259,-1.49619,-0.382224,0.363592,1.590519,0.048762,-2.276183,0.845499,-1.454352,0.485049,-2.641868,-1.382872,0.200472,0.963872,0.347919,0.313621,-0.728087,-2.159561,-1.26736,-0.763082,2.083138,0.731689,-2.850428,0.119786,-0.312679,-1.330538,0.430057,2.008645,0.900242,-0.610285,0.226925,0.062583,0.819316,-0.759071,-0.784926,-1.373283,-1.653098
TRAIN_0044,SCC15,GW441756,3.59072,0.2853,0.54429,0.608425,1.018122,0.053073,-0.428578,0.913884,0.295227,0.413343,0.716409,-0.393945,-0.575007,0.379896,-1.708787,-1.520796,-0.485946,-0.544354,0.315226,-1.366442,-1.670996,0.426826,0.795229,0.496633,-1.791846,-0.666989,-0.211248,-0.340993,-0.346881,-0.523191,-0.336143,-0.168042,1.737951,-0.673499,-2.055086,0.282676,-0.060868,0.576502,-1.924002,-1.458759,0.079055,1.344161,-0.068802,0.169351,-0.484327,-0.552684,-0.370239,0.148356,0.796549,0.882968,-1.972083,0.388799,0.420919,-1.218565,0.731603,1.280852,1.219148,-1.089721,0.724667,-0.30629,1.734178,0.114021,0.75923,-1.933553,-1.666416
TRAIN_0045,DB,Serdemetan,2.560023,0.465481,0.84064,0.255767,0.689513,-0.142569,-0.28444,1.296021,-0.372711,-0.793222,-0.226051,0.212209,0.59105,0.085066,-1.170012,-0.943697,0.261896,-1.03836,0.297489,-0.027617,-0.550798,0.926404,0.372417,-1.3133,-0.469469,-0.635922,-0.852379,-0.397476,0.900001,-0.409528,0.310929,0.464729,1.708445,-0.26772,-1.068026,0.821505,-1.471754,0.079409,-2.020396,-1.488161,0.423895,0.841351,-0.604784,-0.117448,-0.314856,-1.58075,-1.125536,-1.128014,1.529243,0.258764,-1.943958,0.23235,-0.446331,-1.003903,0.220109,1.423734,0.770513,-0.884116,-0.15073,0.087938,0.521087,0.661426,-0.477613,-0.961884,-0.40732
TRAIN_0046,CORL88,MG-132,-0.361328,0.166549,0.379051,0.469361,1.295481,-0.70776,-0.018383,2.583802,0.220706,-0.449435,1.239506,-0.495411,-0.231677,-0.293321,-1.66681,-1.789355,-0.059925,-0.402031,1.603721,-0.60287,-1.225551,1.538085,-0.398546,0.23563,-1.548384,-0.450957,0.767848,-1.634824,0.939292,0.068064,-0.345801,-1.652471,1.517081,-0.015584,1.2538,-0.267041,0.291557,0.298798,0.654974,1.431583,-0.075705,0.073603,-0.4415,0.294869,0.250347,0.525632,0.01879,-0.14645,-0.254844,0.185743,0.596891,0.022225,0.125303,0.302852,-0.329369,-0.377248,1.000143,0.470206,0.438486,0.094914,-0.496868,0.826503,-0.07603,0.941984,0.281021
TRAIN_0047,SUIT2,AZD6738,2.547333,0.372171,0.141184,0.789915,1.7373,0.871203,-0.999433,2.524766,1.241906,-0.798716,1.460628,-1.475797,-0.815378,-0.316162,-2.071897,-2.610207,-0.452924,-1.299088,0.134464,-0.886764,-1.81579,1.200674,1.131879,-0.163185,-2.8051,-1.069188,-0.501575,-0.957292,0.60813,-0.51576,-0.5323,-0.856063,2.019844,0.399296,-0.097103,-0.103205,-0.434453,-0.83835,-1.314308,-0.304488,-0.148214,-0.27502,0.184134,-0.377286,0.119699,-1.400575,-0.852694,-1.308942,0.769866,0.142173,-1.736439,0.306868,0.264046,-0.546351,0.530379,0.804624,0.001197,0.484577,-0.435759,0.542679,1.016648,-0.380247,0.183112,-0.593868,-1.483824
TRAIN_0048,GDM1,Tamoxifen,1.919549,0.161057,-0.02178,0.662145,-0.563957,-0.389367,0.019631,1.180166,0.035967,-1.110739,0.509166,-0.487918,-0.76592,-0.223287,-0.79511,-0.936024,-1.30934,0.076468,0.752877,-0.007803,-1.087655,0.437663,-0.0862,0.324204,-0.189213,-0.567067,0.081745,-0.194179,0.865924,0.131608,0.287374,-0.179125,1.385667,0.086022,-0.913518,0.872487,-2.008958,0.900136,-1.815315,-1.692802,0.370007,1.494649,0.626037,-0.868452,-0.234629,-1.834055,-0.295634,-0.029772,1.9107,-0.15218,-2.4791,0.940684,-0.751674,-1.562041,0.990386,0.946863,1.997322,-0.845353,-0.285909,0.20752,1.950245,-0.387958,-0.424028,-1.706695,-1.452777
TRAIN_0049,NCIH2023,GSK-LSD1,1.732795,0.106588,-0.426076,0.300419,2.003749,-1.814557,-0.006235,1.39331,-0.171669,-0.254251,0.710679,-0.109017,-1.731765,0.894048,-2.036159,-1.159862,-0.119458,-1.32096,0.604075,-0.984027,-2.266413,1.861082,-0.584271,-0.368401,-1.443102,-0.338273,0.068026,-0.728977,-0.34235,-0.894608,-0.312189,0.424598,1.557225,-0.505334,-1.04983,0.711832,-0.94959,0.806626,-0.790998,-1.486518,0.21252,0.925633,0.894743,0.267081,-0.094503,-0.845013,-0.236784,-0.830956,0.938856,1.003421,-1.508704,0.322997,-0.428143,-1.696392,0.49776,0.972534,0.485922,-1.246119,-0.686725,0.646089,1.763707,0.309347,-0.820131,-0.454362,-1.284878
TRAIN_0050,CAL27,MK-8776,4.261817,0.227528,-0.438728,-0.042973,0.936047,0.733325,0.154915,0.830722,0.828774,0.367816,0.845841,-0.297765,-0.652683,0.52015,-1.155714,-0.771711,-0.079883,-0.191172,-0.045483,0.016834,-0.899527,2.073666,-0.50419,0.915716,-0.908168,-0.710521,-0.163534,-0.973786,0.477656,-0.163161,-0.493042,-0.437511,2.380471,0.287986,-0.059006,0.663371,-1.270826,0.500706,-1.99885,-0.333975,0.280348,0.531083,-0.109751,-0.574715,-0.595695,-1.559158,-0.917557,-0.760222,2.038833,-0.193438,-1.5768,0.599587,-0.045363,-0.662868,0.452147,1.190737,1.004892,-0.914944,-1.070346,0.076084,0.339786,-0.782063,-0.157156,-0.856105,-0.229362
TRAIN_0051,T84,AZD5438,2.504582,0.202341,-0.693281,0.481458,1.933817,-0.216802,0.215051,2.175516,0.409571,-0.523699,1.583013,0.297312,-1.263181,0.415404,-1.753807,-1.16817,-0.887992,-1.348363,-0.049935,-1.118437,-0.887132,0.7531,-0.518298,-0.832597,-0.802644,0.136427,-0.061843,-1.2042,0.571049,0.186578,-0.063118,-0.900413,0.888749,-0.217119,-0.397612,0.701052,-0.837635,0.927312,-1.058751,-1.287198,0.096693,0.485811,0.161703,1.180231,-0.028133,-2.066599,-0.781952,-1.292896,0.584869,-0.749942,-1.686239,-0.530503,-0.081041,-0.47984,0.585315,0.678965,-0.036634,-0.338458,0.741802,0.439556,0.478947,-1.05389,-0.585713,-0.558153,-0.311856
TRAIN_0052,SCC25,Tanespimycin,-0.191571,-0.348269,-0.273321,0.2061,1.667443,0.46685,-1.119933,1.287584,0.543806,-0.69254,0.949894,-0.582024,-0.289821,-0.054303,-1.929749,-1.454511,-0.967063,-0.691727,0.362021,-0.44767,-1.61003,1.756952,-0.261589,0.024061,-1.393155,-0.313375,-0.50624,-0.513243,-0.528325,-0.984305,-0.358866,-0.436862,2.767605,-0.488535,0.537047,-0.921752,-0.043662,0.300602,0.212947,-0.330252,0.325922,-0.458804,-0.014855,0.328393,0.237892,-0.305917,0.614134,0.053193,0.348902,0.757206,0.596444,0.553138,0.104571,0.411436,0.093724,-0.626699,0.131466,0.146118,0.298474,-0.071079,-0.40158,0.338495,-0.652668,0.753057,-0.090141
TRAIN_0053,SKLU1,Fulvestrant,6.416716,0.397888,0.01871,0.181666,2.507412,0.33822,-0.919141,2.679094,0.900268,-0.385395,0.438899,-0.125458,-0.386862,-0.100599,-3.006026,-2.91499,-0.618241,-0.99665,0.723519,-1.209124,-2.36737,1.515403,0.290198,-0.156781,-1.732925,-1.227359,0.30879,-1.68673,0.999228,-0.37401,-0.617322,-0.825474,2.0706,0.93508,-1.031397,0.754668,-1.511043,0.257276,-2.798081,-1.892593,-0.668787,0.377598,0.241671,0.018682,-1.331795,-1.748584,-0.536222,-0.604859,0.884266,0.184357,-2.273645,0.049877,-0.35064,0.384688,0.32317,1.012407,1.032323,-1.297242,0.197774,-0.809043,0.842939,-0.135307,-0.358003,-1.667498,-1.138818
TRAIN_0054,CALU6,Romidepsin,-5.708989,0.153723,-0.793265,1.43804,1.955851,-0.567146,0.903163,1.995349,0.568695,-1.696956,1.662351,-1.13627,-1.266385,0.741795,-0.602846,-0.951139,-0.253719,-0.667515,0.726081,-0.485582,-1.204862,1.448378,-0.246387,-0.31265,-1.49765,-1.365095,0.056503,-1.590811,-0.193879,-0.482263,0.418114,-0.114069,0.979357,-0.0185,1.678768,-1.268802,2.229651,-0.431356,3.317843,1.985626,0.606659,-1.103839,0.90484,0.355194,0.359698,1.841129,0.393897,0.218002,-2.07773,-0.334999,2.468608,-0.408679,1.237644,1.004933,0.091834,-2.185357,-1.518236,1.030645,0.947353,-1.633162,-2.233087,0.688769,1.063353,1.827099,1.177654
TRAIN_0055,KYSE410,MK-1775,1.171132,1.721174,-0.779436,0.243736,1.566338,0.369383,-0.267381,1.234301,1.527347,-0.185179,0.905624,-0.185708,0.650894,1.376362,-2.587578,-1.211334,-0.467962,-0.938472,-0.477533,-1.150278,-2.063001,2.133191,0.270711,-0.958035,-1.682204,-0.077614,0.036769,-0.985549,0.616265,-0.533701,-0.477805,-1.314074,1.611901,-0.205085,-0.880136,-0.673072,-0.681537,0.141074,-0.417621,-0.531497,0.142575,0.67618,0.233303,-0.085111,0.40036,-0.792595,-0.264689,-0.197957,-0.394922,-0.13727,-1.410319,1.024625,-0.550142,0.649905,0.148396,0.500463,-0.047458,-0.073509,0.259854,0.40233,0.59369,-0.2855,-0.279442,-1.03105,0.008642
TRAIN_0056,OCIAML3,BI-2536,-4.763888,0.638759,-0.289476,0.016105,1.639405,-0.207312,0.283546,0.569892,-0.648735,-1.190786,-0.094794,0.361753,0.227019,0.543867,-1.180104,0.188949,-0.684224,-0.257043,0.107592,-0.412782,0.16249,0.173393,-0.755823,0.03423,-0.711185,1.49334,0.378058,-0.617705,-0.393236,-1.155684,-0.617284,-0.158452,1.378355,-1.021679,0.456496,-0.125152,1.18236,-0.823823,1.337125,0.416255,0.188387,0.627487,0.231538,0.233145,0.206964,0.179659,0.19092,-0.226468,-0.323577,-1.265901,0.717009,-0.153237,-0.058348,0.302811,-0.891118,0.670787,-0.316811,0.166266,-0.394569,-0.082441,0.415437,0.654529,0.480134,0.588519,0.161663
TRAIN_0057,HCC202,Vorinostat,1.003058,0.797468,-0.306856,0.287152,1.448223,-0.764319,-0.819288,0.522495,0.914904,-1.00175,-1.136316,-0.464533,0.035725,0.724895,-1.218132,-1.095139,0.287016,-1.45712,-0.032224,-0.372996,-0.503622,0.500834,-0.099197,-1.209344,-1.063772,-0.053948,-0.433952,-0.563999,0.417159,-0.480984,-0.065175,-0.791626,0.851791,-0.166221,-0.249184,0.213988,-0.378693,0.798273,-1.977208,-0.237538,-0.675236,0.967869,-0.236432,-0.664228,0.203414,-0.526086,-0.844379,-0.847133,0.412592,-0.43746,-1.375184,0.213038,-0.66738,-0.110957,1.038048,0.419543,0.511133,0.607086,-0.741905,0.754284,1.002688,0.197647,0.556948,-0.389617,-0.864415
TRAIN_0058,ECC10,Cediranib,1.459399,0.803627,0.165502,0.789023,1.260938,-0.474921,0.061792,1.440048,0.882468,0.285328,0.711404,-0.129416,0.228412,0.146061,-1.700749,-1.217317,-0.742693,-1.004494,0.134659,-0.994104,-1.083921,0.018259,-0.042017,0.045067,-1.346679,-0.02883,0.541823,-1.561659,-0.133982,-0.780066,-0.662019,0.01854,1.122732,0.535635,-0.22993,0.116155,-0.069144,-0.57985,-1.706431,-0.705326,-0.286743,0.65723,0.242444,-0.175805,0.202005,-1.165952,-0.396303,0.245553,1.147345,0.637447,-1.828758,0.492939,-0.713184,-1.122247,0.399273,0.281271,1.057791,-0.189724,-1.171277,-0.178501,-0.035923,-0.572183,0.095516,-0.908154,-1.145821
TRAIN_0059,MFE296,MK-1775,2.492293,0.146331,0.264333,0.923442,1.976335,-0.299448,0.063427,1.381517,1.806556,-0.883218,1.603842,-0.453348,-1.160896,0.929852,-1.880775,-1.326804,0.040693,-0.85997,0.023127,-0.434616,-1.434399,1.8319,-1.306234,0.292094,-1.766712,0.27361,0.424231,-1.04938,0.624831,-1.109417,0.515293,0.384404,2.078209,-0.205085,-0.880136,-0.673072,-0.681537,0.141074,-0.417621,-0.531497,0.142575,0.67618,0.233303,-0.085111,0.40036,-0.792595,-0.264689,-0.197957,-0.394922,-0.13727,-1.410319,1.024625,-0.550142,0.649905,0.148396,0.500463,-0.047458,-0.073509,0.259854,0.40233,0.59369,-0.2855,-0.279442,-1.03105,0.008642
TRAIN_0060,NCIH2066,Trametinib,2.575793,0.694841,-0.141466,1.221626,1.4945,-1.166471,-0.216203,2.127737,1.710462,-1.22592,1.26005,0.600589,-0.77491,-0.34101,-2.610966,-2.16346,-0.425632,-1.570142,1.173016,-1.699832,-2.646703,2.39758,-1.421405,-0.017094,-0.233919,-0.691018,-0.42081,-1.476993,0.44734,-0.675458,-0.035906,-1.276682,3.174494,-0.262088,0.618255,0.153956,-0.230027,0.144785,0.503695,0.191962,0.916467,0.563037,0.266168,-0.51613,-0.097928,-0.003754,0.329043,0.306333,0.113073,0.069375,0.313025,-0.420616,0.837448,-1.041707,0.744082,0.005011,0.526224,0.159451,0.164738,0.285996,0.430646,-0.177245,0.512429,-0.571856,-0.034692
TRAIN_0061,T24,BMS-345541,2.976661,0.910607,-0.442799,1.24142,1.829493,-1.423142,-0.102049,1.495903,1.094197,-0.032953,0.681267,0.334081,-0.590386,0.572712,-1.655837,-1.904341,-0.215522,-1.386941,0.126783,-1.633097,-1.398653,1.739372,0.346741,0.468217,-1.675143,-1.174737,0.335756,-0.682863,0.781769,-0.103929,-0.419749,-0.880626,1.624231,-0.169039,-1.1617,0.043758,-1.063142,0.53618,-1.745866,-0.831165,0.300938,0.990229,0.252296,0.226182,-1.094784,-1.950184,0.061497,-1.698605,1.004816,0.935536,-1.839328,0.12703,-0.326849,-0.864869,0.63739,0.706652,1.501283,-0.141702,-0.381109,-0.356409,0.730034,-0.579229,0.063987,-1.628952,-1.60091
TRAIN_0062,GIMEN,CPI-637,4.690179,0.732059,-0.577288,1.389096,1.965388,-0.470036,-0.488243,1.824353,1.046094,-0.399621,0.731489,0.35814,0.041479,0.352119,-1.559965,-2.346968,-0.397809,-0.170294,0.224497,-1.38753,-1.824964,1.01072,-0.632004,-0.113584,-2.214911,-0.56996,0.568864,-1.675462,1.158381,-0.38208,0.205707,-0.967526,2.39314,-0.038354,-1.442531,0.425094,-1.164845,-0.059502,-2.550215,-0.954445,0.505543,0.128029,-0.666119,-0.179703,-0.990527,-1.562066,-0.897266,-0.505003,0.995334,1.30909,-0.828039,0.274183,-0.314779,-0.814927,0.65055,0.899343,0.645669,-1.638496,-0.191882,0.162798,-0.044519,-0.388915,-0.256,-0.738156,-1.339592
TRAIN_0063,SKMEL24,Epirubicin,-0.571279,0.389773,-0.900073,-0.22094,1.164783,0.036005,-0.551809,1.009802,0.33093,-0.679306,0.345014,0.636952,0.079278,0.745155,-1.256288,-2.158784,-1.152104,-1.52778,0.969559,-1.147116,-1.984316,1.194458,-0.3365,0.199169,-1.245134,-0.937787,0.449536,-1.426854,0.283284,-0.234428,-0.60152,-0.863518,2.077728,0.584588,0.218532,-1.293734,0.454386,-0.314177,-0.314104,1.128928,0.010668,-0.307924,-0.237122,-0.731394,-0.586543,0.965222,-0.079798,0.111592,-1.252937,-0.734058,0.689781,0.118108,0.960752,0.819251,-0.248885,0.011408,-0.361602,1.210607,0.642009,0.012527,-0.112766,0.82703,0.330319,1.020829,-0.83569
TRAIN_0064,HCC1599,GSK1904529A,5.084032,0.063858,0.259452,0.902585,2.240739,-0.290173,0.13195,1.414031,1.31127,-0.765208,0.841466,-0.497905,-0.434649,0.255017,-1.527629,-1.549052,-0.378658,-0.086384,0.764345,-0.350276,-1.448498,0.822217,0.2825,0.496392,-0.49515,-0.772529,-0.018898,-1.814607,0.1285,-0.020878,-0.485374,-0.199847,1.50577,-0.308962,-1.628104,1.439522,-1.13297,0.22687,-2.629038,-1.522252,0.544029,1.563544,-0.415828,-0.142745,-0.931736,-1.978431,-1.06392,-0.631826,0.996467,-0.289764,-3.375995,0.362488,-0.724151,-1.232106,1.469229,0.932115,1.938533,-0.29659,-1.383885,0.483752,1.088737,-2.088837,-0.967555,-1.073875,-0.570454
TRAIN_0065,PA1,Dactinomycin,-6.033555,0.27189,0.89592,0.355538,1.329903,-0.331381,-0.269673,0.103293,0.001955,0.035237,0.267567,0.246161,-0.135806,-0.058587,0.143932,-0.885588,0.308122,-0.693032,0.507583,0.022536,-0.582401,-0.464659,-0.100644,0.648062,-0.428957,-0.041754,-0.807199,-0.919828,0.388339,-0.086832,0.465515,-0.364977,1.10347,-0.201461,2.364545,-1.309025,1.910249,0.202311,2.112765,1.004041,-0.597064,-1.057753,-1.078233,-0.376641,-0.415547,2.272195,1.087858,0.891241,-0.84903,-0.288194,2.637349,-0.65593,0.469863,1.105729,-1.32223,0.433104,-0.993045,0.978742,0.962902,0.099163,-1.036169,0.583368,-0.551254,0.918445,1.552493
TRAIN_0066,JHOS2,Talazoparib,0.826004,1.03523,-1.322641,-0.680776,0.957641,0.363302,-0.968159,-0.253763,0.893066,-0.249792,-0.115632,-0.859596,-0.853528,0.246797,-1.827647,-1.118356,-1.872402,-1.23015,-0.314279,-0.846932,-1.386957,1.559081,-1.108385,0.076199,-0.848615,0.497408,-0.15308,-0.748859,-0.604541,-1.671424,0.191492,-0.479071,2.055459,0.887032,-1.3805,0.765343,-1.451056,-0.58269,-1.324971,-0.966465,0.319419,0.879534,-0.188152,-0.607169,-0.252789,-0.753106,0.154698,-0.017806,0.968172,0.444855,-1.584566,-0.220629,-0.335043,-1.278036,0.489728,1.748073,1.251498,-1.218582,-0.315142,-0.11837,0.848741,0.088311,0.159029,0.244095,-0.482808
TRAIN_0067,SKNFI,ICL-SIRT078,4.542952,1.332414,-0.767414,0.668948,2.034694,0.107173,-0.104522,0.813183,-0.060388,-0.000678,1.198822,-0.600152,-0.952158,-1.030297,-2.062265,-1.473959,0.337606,-0.495539,0.410717,-0.94606,-1.451881,1.906948,-0.08512,-0.995822,-1.507292,-0.876353,-0.182002,-0.66416,0.254938,-0.531896,0.417091,-0.842571,2.453865,-0.184983,-1.727034,0.492613,-1.731669,-0.159783,-2.548564,-1.718015,-0.054011,0.777508,0.107994,0.254148,-0.466774,-1.515251,-0.64558,-0.314786,2.072131,-0.111708,-2.535129,1.304169,-0.630704,-2.290089,0.69598,1.41162,-0.094414,-0.42715,-0.759987,0.596161,1.158862,-1.268892,-0.777304,-1.909909,-1.016701
TRAIN_0068,SKOV3,AZD5991,7.021677,0.711618,0.39237,0.195753,1.760051,-1.148383,-0.478716,1.919923,0.497383,-0.794174,-0.050374,-0.519841,-0.033319,-0.257027,-2.61668,-1.82711,-0.071465,-1.966972,0.29425,-0.952528,-1.752737,0.527589,-0.021497,0.841034,-1.658373,-1.171489,-0.122911,-0.501895,0.907666,-0.403707,-0.17326,-1.055575,2.131556,-0.318767,-0.530279,0.252386,-1.428662,0.719992,-2.580821,-1.349365,0.494611,0.406036,0.157832,-0.209221,-0.616862,-0.523557,-1.196761,-0.019198,1.000768,-0.154178,-1.945198,0.691565,0.024157,0.014533,2.165334,1.292842,0.723109,-0.723959,-0.483283,0.838132,0.456202,0.641513,0.217769,-2.094903,-1.709193
TRAIN_0069,UACC257,A-366,4.460594,-0.005393,-0.344058,-0.91555,1.456763,-0.310273,0.012519,1.68216,1.056583,-1.62991,0.595664,-1.3728,-1.13986,0.184736,-1.56263,-1.798494,-0.637659,-1.17478,0.00465,-1.316452,-1.410823,0.993191,0.036826,-0.116579,-1.226047,-0.145633,-0.708953,-1.614728,0.004385,-1.597252,-0.851789,0.528511,2.435349,0.550315,-1.426902,1.516344,-2.651742,0.496224,-3.28261,-2.398953,1.164894,0.991627,-0.246731,-0.351599,-1.098134,-1.482445,-1.41865,-0.420577,2.250584,0.261076,-2.356613,-0.032949,0.650053,-0.538771,0.813601,1.147255,1.328335,-1.418376,0.516501,-0.119994,1.518581,-0.721968,-0.334884,-1.700046,-1.837462
TRAIN_0070,HDLM2,Luminespib,-2.664467,-0.13587,0.84449,-0.119228,1.319862,0.315369,-0.815801,1.362671,1.086281,-0.371395,1.870636,-1.207072,0.154732,0.108233,-1.153079,-1.166867,-0.818881,-0.700221,-0.676171,-0.428789,-0.986975,1.498295,0.347445,0.238129,-1.07202,-0.878435,-0.266884,-0.33249,1.020378,-0.602208,-0.211636,-0.936319,2.076347,1.578262,0.5561,0.028741,0.109116,0.373613,2.09768,0.762083,-0.622863,-0.509871,-1.215597,0.050037,0.590083,0.864015,0.287296,0.538541,-0.328529,-1.034911,1.096012,1.024686,-0.437818,0.361054,0.606027,-0.062873,-0.812179,0.603636,0.18338,-0.571625,-0.619009,0.14583,0.167114,0.285704,0.075192
TRAIN_0071,TC71,MIRA-1,5.077394,-0.251614,-0.048554,0.071277,1.035588,-0.420688,-0.673289,0.384194,1.253876,0.155323,1.199447,-0.015465,-0.50186,0.810706,-1.195011,-0.952035,-0.367751,-2.097301,0.995927,-0.313792,-0.704991,0.871872,-0.057352,-0.257046,-0.569278,-0.98886,0.161357,-0.428163,0.132075,-0.184527,-0.675335,-0.853532,1.259262,-0.653172,-1.939472,1.154599,-1.181143,0.797497,-2.570178,-1.720849,0.78895,0.840696,0.175629,-0.680495,-0.588311,-2.02997,-1.087569,-0.083272,1.125255,0.801393,-3.452633,0.567023,-0.247629,-1.193251,1.256888,1.174187,0.662227,-1.067859,0.375929,0.03343,2.176184,-0.747037,-0.965702,-2.340668,-1.911206
TRAIN_0072,HUPT4,XAV939,4.262419,-0.042657,-0.879319,0.290146,2.147535,0.236464,-0.117024,0.842471,0.683683,-0.327427,0.640501,-1.394003,-0.919621,0.21446,-1.681007,-2.855322,-0.653892,-0.960296,0.744945,-0.57862,-1.147497,1.093158,-1.18401,-0.127732,-0.950645,0.142138,0.468277,-0.957903,0.572562,-0.889959,-0.362193,0.221547,1.415728,0.162607,-0.68723,1.486354,-1.354801,-0.709393,-2.345666,-0.878736,-1.247354,1.312153,0.144829,-0.576408,0.00609,-1.082151,-0.555449,-0.789077,0.913196,0.522486,-1.873165,0.231054,-0.649686,0.524168,1.34068,1.925772,0.489922,-1.453049,-0.367757,-0.066582,2.078255,0.077392,-0.510004,-0.557445,-1.56927
TRAIN_0073,RCM1,Pictilisib,1.895327,0.750853,-0.214697,0.807285,1.482172,0.088098,-1.017946,1.473642,0.952695,-0.225246,1.315176,-0.681257,0.251573,-0.075892,-1.341137,-1.399289,-1.046107,-0.908109,0.30377,-0.638979,-1.591983,1.382639,0.447893,0.021421,-1.08018,-0.683286,0.949598,-1.545615,0.086727,0.132682,-0.52822,0.169841,2.387439,0.328966,0.14286,1.224368,-0.477249,-0.180723,-0.442156,-1.079718,-0.264118,0.781909,0.003427,-0.648293,-0.859974,-0.540686,0.295847,0.388231,0.459439,1.135775,-0.726188,0.054571,-1.430884,-0.48238,0.659771,1.175996,-0.059212,-0.089596,0.405268,0.132202,-0.768818,-0.05948,0.309762,-0.896517,-0.584229
TRAIN_0074,GB1,Vinorelbine,-0.048932,1.561277,-0.71381,0.931826,1.171115,0.026495,-0.710587,1.48591,0.67596,-0.015867,1.041428,-1.120135,-0.47229,-0.095149,-2.682321,-1.959453,-0.757611,0.126527,0.553687,-1.663175,-1.797877,2.083424,0.801949,-0.72053,-2.468806,0.351326,0.313834,-1.669234,0.670462,-1.962397,-0.311318,-0.481758,1.5421830919220056,-1.10812,1.676582,-1.805573,0.504324,-0.291973,2.011959,-0.361943,-0.182392,-0.235242,0.350727,-0.249778,0.107047,0.956163,0.419179,-0.122036,-1.348538,-0.076629,1.573328,-0.031321,0.436279,0.930984,-0.083918,-1.752433,-1.223463,0.6019,0.253059,-0.618298,-0.378146,1.399701,0.251832,0.988163,1.447567
TRAIN_0075,SCC25,Dinaciclib,-3.240169,-0.348269,-0.273321,0.2061,1.667443,0.46685,-1.119933,1.287584,0.543806,-0.69254,0.949894,-0.582024,-0.289821,-0.054303,-1.929749,-1.454511,-0.967063,-0.691727,0.362021,-0.44767,-1.61003,1.756952,-0.261589,0.024061,-1.393155,-0.313375,-0.50624,-0.513243,-0.528325,-0.984305,-0.358866,-0.436862,2.767605,0.076356,1.002574,-0.646197,0.657305,-1.143869,1.234096,0.545156,0.080164,-0.118801,0.336212,0.468281,0.167054,0.887145,0.185432,-0.396048,-0.324964,-0.354187,0.74589,-0.664908,-0.134457,0.547165,0.058747,-0.974601,-1.849437,0.557091,0.162017,-0.369697,-1.071274,0.480815,0.177241,0.846691,1.135216
TRAIN_0076,MC116,Piperlongumine,1.357092,-0.353194,-0.225451,-0.388513,1.01167,0.762275,0.752648,1.167165,0.17099,-0.34767,-0.644842,0.855017,0.070756,-0.160914,-0.008608,-1.092797,0.005632,-0.442387,0.429816,-0.351013,-1.221976,0.553054,0.445058,0.009132,-0.113329,-0.714149,0.025866,-0.7169,0.505571,-0.195416,0.242488,0.332318,0.996999,-0.587105,-2.018317,1.08372,-0.848207,0.943629,-0.929852,-1.097851,0.094881,0.79502,0.60224,0.081164,0.344061,-1.173299,-0.997593,-0.351736,0.835427,-0.362559,-1.890563,0.44836,-0.470131,-0.552187,0.24419,1.475026,1.276477,-1.200452,-0.480754,0.654646,0.977251,-0.35291,-0.697506,-1.108221,-1.087637
TRAIN_0077,SKNSH,JNK Inhibitor VIII,4.811781,0.013414,-0.052567,0.314563,1.132023,0.057744,0.052377,0.733238,-0.02214,0.921661,0.139293,0.023938,-1.131114,0.030233,-1.408163,-0.975783,-1.756376,-0.6287,-0.354033,-0.475944,-1.510665,0.602248,-0.295479,-0.478709,-1.239013,-0.979254,-0.838634,-0.299886,-0.384001,-0.511441,0.171457,-0.730323,0.889111,0.890215,-2.120391,2.168326,-1.885118,-0.592558,-3.141058,-1.588407,0.124011,0.412498,0.184585,-0.608665,-0.22295,-1.915548,-1.649025,-1.070175,2.024396,0.105635,-3.286358,-0.084705,-0.423603,-0.899475,0.610435,1.607941,2.213688,-1.793799,-1.457354,0.743357,1.463848,-1.101148,0.036945,-1.303092,-2.966786
TRAIN_0078,NCIH3122,MG-132,-0.103703,-0.065028,-0.650211,1.117232,1.13722,-0.236089,0.037015,1.920299,0.503169,0.350168,-0.594295,-0.024627,-0.826303,0.897346,-1.599095,-1.842147,-0.159405,-0.437514,0.595256,-1.307469,-1.47482,1.27734,-0.217712,0.433819,-2.251124,-0.308032,-0.048165,-1.423962,-0.043294,-0.631571,-2.055164,-0.875879,1.178961,-0.015584,1.2538,-0.267041,0.291557,0.298798,0.654974,1.431583,-0.075705,0.073603,-0.4415,0.294869,0.250347,0.525632,0.01879,-0.14645,-0.254844,0.185743,0.596891,0.022225,0.125303,0.302852,-0.329369,-0.377248,1.000143,0.470206,0.438486,0.094914,-0.496868,0.826503,-0.07603,0.941984,0.281021
TRAIN_0079,TE11,Cyclophosphamide,5.037996,0.606055,-1.011693,0.608878,0.546404,-0.222165,-0.795512,0.422372,0.895245,-0.235719,0.100015,-0.307142,-0.005533,0.350203,-1.065119,-0.379958,0.183232,-0.337296,0.196085,-0.159031,-0.601401,1.317586,0.328518,-0.472858,-1.308201,-0.643008,0.547645,-1.406342,0.399163,-0.141326,0.424658,-0.233002,0.323237,-0.208119,-2.234453,1.239176,-1.74416,0.596207,-2.049403,-1.892293,0.889962,1.214276,1.113143,1.014237,-0.216094,-2.861329,-1.425844,-0.595857,1.91919,0.898854,-2.590007,0.521887,-0.934065,-0.882215,1.905913,2.15912,1.756999,-0.827604,-0.680139,0.275746,1.18656,-0.829116,-0.507977,-1.165523,-2.151078
TRAIN_0080,NCIH358,Dactinomycin,-4.940013,0.762295,-0.540802,0.539075,2.291683,0.263404,0.217381,1.3267,1.037699,-0.585657,0.443628,-0.257819,-0.763467,0.988069,-1.990224,-1.412923,0.16643,-0.495352,-0.390725,-0.684095,-0.98464,1.909189,-0.782055,-0.2611,-0.925145,-0.924375,-0.039106,-0.361178,0.351185,-0.963046,-0.730027,-0.434365,1.182682,-0.201461,2.364545,-1.309025,1.910249,0.202311,2.112765,1.004041,-0.597064,-1.057753,-1.078233,-0.376641,-0.415547,2.272195,1.087858,0.891241,-0.84903,-0.288194,2.637349,-0.65593,0.469863,1.105729,-1.32223,0.433104,-0.993045,0.978742,0.962902,0.099163,-1.036169,0.583368,-0.551254,0.918445,1.552493
TRAIN_0081,BT474,Vismodegib,6.613649,-0.184103,0.137601,0.134605,2.699375,-1.321079,0.568134,1.994697,0.869714,-0.834085,0.848624,-0.573197,-0.005495,0.34657,-2.213678,-2.245299,-0.701129,-1.057734,-0.479155,-1.760348,-1.317886,1.838766,-0.362084,0.09,-1.530614,-0.921117,-0.256457,-1.278994,-0.039744,-0.514409,-1.200241,-0.205235,2.452151,-0.95319,-1.574201,1.724789,-2.155,-0.299616,-3.035871,-2.024969,-0.158686,2.157085,0.018007,-0.750506,-0.498998,-1.766465,-1.072331,-0.448975,1.151796,1.259879,-2.36682,1.010549,-0.395724,-0.604137,0.482069,1.302616,2.071806,-0.480438,-1.037898,0.622348,1.249569,-1.068124,-0.136397,-1.090976,-1.570592
TRAIN_0082,CHP126,Pictilisib,2.632392,0.009648,0.424146,0.14599,1.968346,0.176713,-0.406194,2.172925,0.228915,0.045739,0.525598,0.329758,0.458041,0.183663,-1.702463,-0.965247,-0.728479,0.304881,0.286017,-0.811851,-0.886276,0.342017,-0.642252,0.646999,-1.315686,-0.90067,0.345187,-0.204697,0.619806,0.081828,-0.580519,-1.127841,2.034151,0.328966,0.14286,1.224368,-0.477249,-0.180723,-0.442156,-1.079718,-0.264118,0.781909,0.003427,-0.648293,-0.859974,-0.540686,0.295847,0.388231,0.459439,1.135775,-0.726188,0.054571,-1.430884,-0.48238,0.659771,1.175996,-0.059212,-0.089596,0.405268,0.132202,-0.768818,-0.05948,0.309762,-0.896517,-0.584229
TRAIN_0083,SW837,Zoledronate,4.453049,-0.188629,0.127661,0.290354,1.614739,-0.267341,-0.513147,1.17177,0.675319,0.312158,-0.102414,0.352107,-0.626375,0.275642,-2.583104,-2.22457,-0.85091,-1.602627,0.23056,-1.171553,-0.580267,0.979542,-0.189355,0.195915,-2.054085,-0.236953,-0.080909,-2.47327,0.730457,-1.198812,-0.834862,-0.297529,1.801134,-0.147288,-0.506287,-0.276325,-0.874861,0.64106,-2.074867,-3.229003,0.873321,0.354722,-0.052432,-0.221221,-0.150186,-1.418032,-0.399632,-0.133474,1.368927,0.611825,-2.617525,0.005391,-0.004867,-0.377,1.080819,0.954553,1.549804,-1.566977,0.175254,0.258907,1.988669,-1.323907,0.663492,-1.481037,-1.595673
TRAIN_0084,KMS11,Dinaciclib,-4.696966,0.539524,-0.134154,1.030552,0.527074,0.359387,-0.137611,0.493331,0.683822,-0.032268,0.45248,-0.193388,-0.254141,1.316378,-0.374083,-0.509674,-0.228057,-0.007904,0.417693,-0.445452,-0.864999,0.699697,-1.69923,0.139402,-0.963739,0.52142,0.065688,-1.175736,0.164788,-0.826384,0.089398,-0.15839,1.414325,0.076356,1.002574,-0.646197,0.657305,-1.143869,1.234096,0.545156,0.080164,-0.118801,0.336212,0.468281,0.167054,0.887145,0.185432,-0.396048,-0.324964,-0.354187,0.74589,-0.664908,-0.134457,0.547165,0.058747,-0.974601,-1.849437,0.557091,0.162017,-0.369697,-1.071274,0.480815,0.177241,0.846691,1.135216
TRAIN_0085,KM12,GSK-LSD1,2.151495,0.697338,-0.51803,0.495727,0.075969,0.554019,-0.423129,1.153924,0.392363,0.238275,-1.031903,-0.338726,-0.384979,-0.054297,-0.501072,-1.673546,-0.015018,-0.544031,0.854821,-0.981023,-1.373469,1.593055,0.05168,-0.72432,-1.28551,-0.194958,0.497971,-1.160283,-1.189252,-0.166649,-0.81814,-1.437691,-0.095473,-0.505334,-1.04983,0.711832,-0.94959,0.806626,-0.790998,-1.486518,0.21252,0.925633,0.894743,0.267081,-0.094503,-0.845013,-0.236784,-0.830956,0.938856,1.003421,-1.508704,0.322997,-0.428143,-1.696392,0.49776,0.972534,0.485922,-1.246119,-0.686725,0.646089,1.763707,0.309347,-0.820131,-0.454362,-1.284878
TRAIN_0086,HS940T,Pictilisib,2.409857,0.787507,-0.325812,0.720481,1.489834,0.035677,-0.599523,1.333916,0.794008,-0.370761,-0.610612,-0.289276,0.734901,0.012917,-1.889652,-1.188743,-0.292168,-0.211245,-0.378359,-0.358351,-0.830933,1.097607,-0.010686,0.568574,-0.69991,-1.00559,0.498527,-0.950125,0.336012,-0.442339,-0.307713,0.116064,1.435113,0.328966,0.14286,1.224368,-0.477249,-0.180723,-0.442156,-1.079718,-0.264118,0.781909,0.003427,-0.648293,-0.859974,-0.540686,0.295847,0.388231,0.459439,1.135775,-0.726188,0.054571,-1.430884,-0.48238,0.659771,1.175996,-0.059212,-0.089596,0.405268,0.132202,-0.768818,-0.05948,0.309762,-0.896517,-0.584229
TRAIN_0087,LS1034,AZ960,5.665826,0.409044,0.416843,0.403945,1.307147,-0.623304,0.196893,1.272096,1.112864,-0.674851,-0.429068,-0.762543,-1.069321,0.266207,-2.566152,-1.313921,-0.624773,-1.132157,0.651665,-0.453439,-1.464921,1.124225,-1.119566,-0.273461,-1.776297,-0.507262,-0.058308,-0.841719,0.08053,-0.647263,0.291508,-0.44893,1.878089,0.387802,-0.918437,0.171306,0.0994,0.617192,-0.776499,-0.400585,0.347506,1.450473,0.124428,0.219476,-0.905509,-1.296601,-1.030859,0.361581,-0.644137,0.00432,-2.551109,-0.22185,-0.475744,0.287653,0.564082,0.199942,1.089865,-0.492916,-0.166118,-0.403248,0.088345,-0.699083,-0.087789,-0.622619,0.056744
TRAIN_0088,OACM51,SN-38,-3.69351,0.969891,0.471853,0.730406,1.288691,-1.383369,-0.524805,1.009629,-0.330036,-0.950288,-0.560993,-0.385948,0.040767,0.744896,-1.306932,-1.846937,-1.411072,-1.68007,-0.385771,-1.163113,-1.197685,0.65295,-0.00921,-0.062689,-1.122388,0.139257,-0.502323,-0.701637,0.290371,-0.642137,0.211758,-0.036732,0.992797,1.083793,1.050066,-0.78657,0.870377,0.042438,1.35315,2.391981,0.464579,-0.235948,-0.864176,0.216731,0.901418,1.754312,0.208681,0.129123,-1.268245,-0.640512,2.502671,-1.280039,0.707634,0.021264,-1.083712,-2.021388,-1.192729,1.582798,0.437282,-0.925792,-0.453272,1.088097,0.235075,2.108173,1.59019
TRAIN_0089,KALS1,Tanespimycin,-0.043086,0.364711,-0.972633,0.840058,1.858069,-0.117116,-0.392651,1.851192,1.096007,-0.308715,0.122097,-0.31815,0.139012,-0.05999,-0.835547,-1.961801,-0.537631,-1.333847,0.421158,-1.765484,-1.664092,0.897554,-0.154713,0.563737,-1.080326,-1.722028,1.13029,-0.98605,-0.0182,-0.513045,-0.199214,-0.926085,1.92339,-0.488535,0.537047,-0.921752,-0.043662,0.300602,0.212947,-0.330252,0.325922,-0.458804,-0.014855,0.328393,0.237892,-0.305917,0.614134,0.053193,0.348902,0.757206,0.596444,0.553138,0.104571,0.411436,0.093724,-0.626699,0.131466,0.146118,0.298474,-0.071079,-0.40158,0.338495,-0.652668,0.753057,-0.090141
TRAIN_0090,LAMA84,VE821,1.446517,-0.504814,-0.269709,0.113053,0.533921,0.257143,-0.42925,0.452854,0.279444,-0.100515,0.251519,0.044951,0.248004,0.286672,-0.487675,-1.43524,-0.184859,-0.138463,0.481819,-0.685255,-0.85691,0.26026,0.183896,0.542157,-0.735767,0.250695,0.103161,-0.491953,0.034603,0.149012,0.053863,0.91322,0.265575,0.004315,-1.359636,0.225638,-2.611089,0.351575,-1.721628,-1.439581,0.550675,1.687929,0.372325,-0.201657,-0.774628,-0.782962,-0.610199,-1.030749,0.697149,1.043485,-2.658029,1.320167,-1.845498,-0.110093,0.985668,1.310333,1.042305,-0.072958,-0.021675,-0.04964,0.324291,-0.492791,-0.225818,-2.102383,-1.479198
TRAIN_0091,DB,AZD2014,2.275689,0.465481,0.84064,0.255767,0.689513,-0.142569,-0.28444,1.296021,-0.372711,-0.793222,-0.226051,0.212209,0.59105,0.085066,-1.170012,-0.943697,0.261896,-1.03836,0.297489,-0.027617,-0.550798,0.926404,0.372417,-1.3133,-0.469469,-0.635922,-0.852379,-0.397476,0.900001,-0.409528,0.310929,0.464729,1.708445,0.578593,-1.630197,0.373241,-0.818065,0.144346,-1.189456,-0.562112,0.110851,0.298204,-0.091888,-0.381279,0.197145,-1.288769,-0.046687,-0.291307,0.429695,0.533593,-1.515027,0.530725,-0.145103,-0.740206,0.663754,0.946558,1.186904,-0.064952,0.043715,-0.347474,1.861344,-1.014718,0.353393,-0.506817,-1.368218
TRAIN_0092,SW982,Fulvestrant,5.721429,0.794548,0.511649,0.115221,1.425841,-0.535963,0.958336,0.720698,1.031649,0.104641,0.524687,-0.648433,-0.390423,-0.913284,-1.180717,-0.990831,-0.313224,-2.171089,-0.420461,-0.987656,-0.808556,1.135103,-0.237684,0.363256,-1.475916,-0.062757,0.312329,-0.589024,0.162863,0.509481,0.049481,-0.89078,1.375857,0.93508,-1.031397,0.754668,-1.511043,0.257276,-2.798081,-1.892593,-0.668787,0.377598,0.241671,0.018682,-1.331795,-1.748584,-0.536222,-0.604859,0.884266,0.184357,-2.273645,0.049877,-0.35064,0.384688,0.32317,1.012407,1.032323,-1.297242,0.197774,-0.809043,0.842939,-0.135307,-0.358003,-1.667498,-1.138818
TRAIN_0093,ESS1,GSK343,3.631944,1.270634,1.479023,0.659078,0.744864,0.138654,0.315238,0.706984,1.319088,-0.142804,0.546851,0.078449,-0.04499,0.552358,-1.359418,-1.226492,-0.858891,-0.336506,0.562056,-0.269809,0.061596,0.80215,0.210372,-0.508763,-0.976035,0.048789,0.485471,-0.77912,0.170537,-1.088813,-0.338715,0.114729,1.304891,-0.374119,-0.247461,1.077217,-1.652984,-0.064588,-2.412608,-0.774678,-0.417821,0.478369,-0.092319,-0.135061,-0.46678,-2.372042,-0.991766,-0.556495,0.848824,0.72138,-1.479704,0.317311,-0.308334,-1.825167,0.462315,1.636548,0.812724,-1.291801,0.7987,1.27394,1.306923,0.042346,-1.317199,-1.610784,-1.55085
TRAIN_0094,HUH7,Savolitinib,3.170161,0.888065,0.249358,0.234032,1.928944,-0.692508,-0.215405,1.150006,-0.030448,-0.721244,0.550453,-0.72184,-1.117625,0.073122,-2.024627,-1.96914,-0.543331,-1.47811,0.94051,-1.612857,-1.350106,2.245035,-0.014351,-0.025052,-1.872079,-0.096331,-0.586303,-1.784041,0.225223,-0.059037,-0.139314,-1.163092,1.935275,0.446683,-0.236442,0.884214,-0.261916,0.360314,-1.718579,-1.093851,0.149717,0.346646,0.956652,0.053191,-0.199862,-1.01985,0.898876,-0.944084,0.445465,-0.408147,-1.5639,0.388859,-0.548845,-0.825672,0.573439,0.595481,0.919745,-0.131949,0.084627,0.712501,1.343962,-0.252027,-0.231762,-1.294518,-1.177773
TRAIN_0095,ST486,SN-38,-4.422722,0.088717,-0.41637,-0.119326,1.261978,0.506931,0.36969,0.969927,0.390396,-0.458971,-0.233361,-0.026243,-0.795592,-0.388494,-0.281227,0.17708,-0.055414,0.099198,0.017946,-1.075885,-0.32702,0.941664,-0.065376,-0.090916,-0.157579,-0.736902,-0.337166,-1.020019,0.210904,-0.8132,-0.472881,-0.62261,0.700033,1.083793,1.050066,-0.78657,0.870377,0.042438,1.35315,2.391981,0.464579,-0.235948,-0.864176,0.216731,0.901418,1.754312,0.208681,0.129123,-1.268245,-0.640512,2.502671,-1.280039,0.707634,0.021264,-1.083712,-2.021388,-1.192729,1.582798,0.437282,-0.925792,-0.453272,1.088097,0.235075,2.108173,1.59019
TRAIN_0096,RVH421,Nilotinib,5.579733,0.568079,-0.234689,0.885925,2.069109,0.044146,-0.426387,1.919114,1.093668,-1.025843,0.687662,-1.59616,-0.276813,0.599331,-1.754569,-2.11633,-0.470968,-0.414701,1.056455,-1.024677,-1.501393,2.18585,-1.001556,-0.086419,-0.917111,-0.117974,0.308023,-2.033287,0.392973,-0.963111,-0.158962,-1.074015,1.547621,-0.009266,-1.459156,-0.365156,-1.707204,0.00181,-1.299294,-1.304068,-0.073869,0.250895,0.490006,0.57012,0.247771,-1.091199,-1.416633,-0.610228,1.970538,0.885014,-2.431331,0.277822,-0.181591,-1.019429,-0.57778,1.021664,0.484335,-1.183319,-0.468933,0.24555,0.915416,-0.893865,-0.285185,-1.922006,-0.972526
TRAIN_0097,DEL,Savolitinib,1.006436,0.936797,0.338547,0.190037,-0.442805,-0.178098,-0.476686,1.456862,0.092538,-0.048806,0.403339,-0.087183,0.737998,-0.254421,-0.352651,-0.776892,-0.792247,-0.544077,0.055385,-0.428195,-0.678348,-0.358475,-0.09465,-0.736479,0.044963,-0.086805,-0.70269,-0.425289,-0.287724,0.018332,0.601626,-1.079092,0.493122,0.446683,-0.236442,0.884214,-0.261916,0.360314,-1.718579,-1.093851,0.149717,0.346646,0.956652,0.053191,-0.199862,-1.01985,0.898876,-0.944084,0.445465,-0.408147,-1.5639,0.388859,-0.548845,-0.825672,0.573439,0.595481,0.919745,-0.131949,0.084627,0.712501,1.343962,-0.252027,-0.231762,-1.294518,-1.177773
TRAIN_0098,SKOV3,N-acetyl cysteine,10.61028,0.711618,0.39237,0.195753,1.760051,-1.148383,-0.478716,1.919923,0.497383,-0.794174,-0.050374,-0.519841,-0.033319,-0.257027,-2.61668,-1.82711,-0.071465,-1.966972,0.29425,-0.952528,-1.752737,0.527589,-0.021497,0.841034,-1.658373,-1.171489,-0.122911,-0.501895,0.907666,-0.403707,-0.17326,-1.055575,2.131556,-0.846931,-3.132943,2.179043,-3.173101,-0.098184,-6.139954,-3.071261,0.119765,2.093328,-0.0947,-1.020563,-0.128104,-4.342428,-2.088984,-2.227701,3.34529,1.607795,-4.705297,1.304749,-1.718005,-1.870716,2.165669,2.190464,2.228402,-2.069249,-0.488021,0.217792,3.319119,-1.387402,-0.165516,-3.630565,-3.259864
TRAIN_0099,HCC70,AZ960,3.770555,0.050207,0.065188,-0.105422,1.558698,0.029665,-1.130531,0.738552,0.499628,-0.542679,-0.151426,-0.192699,-0.263384,0.105027,-1.976455,-0.916828,0.357908,-1.088009,-0.043528,-0.513057,-1.359005,1.154862,0.181189,-0.898258,-0.531236,-0.418495,-0.11307,-1.006281,0.295113,-1.367439,0.503757,-0.482067,1.769093,0.387802,-0.918437,0.171306,0.0994,0.617192,-0.776499,-0.400585,0.347506,1.450473,0.124428,0.219476,-0.905509,-1.296601,-1.030859,0.361581,-0.644137,0.00432,-2.551109,-0.22185,-0.475744,0.287653,0.564082,0.199942,1.089865,-0.492916,-0.166118,-0.403248,0.088345,-0.699083,-0.087789,-0.622619,0.056744
TRAIN_0100,LAMA84,L-Oxonoreleagnine,2.93379,-0.504814,-0.269709,0.113053,0.533921,0.257143,-0.42925,0.452854,0.279444,-0.100515,0.251519,0.044951,0.248004,0.286672,-0.487675,-1.43524,-0.184859,-0.138463,0.481819,-0.685255,-0.85691,0.26026,0.183896,0.542157,-0.735767,0.250695,0.103161,-0.491953,0.034603,0.149012,0.053863,0.91322,0.265575,0.645156,-2.017645,1.687647,-1.524242,-0.335219,-2.366785,-1.881588,0.445744,0.521209,-0.759667,-0.242656,-1.022927,-1.59021,-1.417525,-0.77127,1.301314,0.287089,-1.892824,0.711102,-1.019746,-0.807028,-0.964605,1.303786,0.91557,-1.452324,-0.196076,0.965525,0.878635,-1.020887,-0.129999,-1.934154,-1.699412
TRAIN_0101,SKMM2,OF-1,0.986099,-0.149201,-0.320869,0.397506,0.483481,-0.701326,-0.596245,2.138877,0.786792,-0.091672,-0.260748,0.179805,0.231166,-0.781288,-2.075547,-1.305387,-0.18414,-1.251291,0.130227,-1.116356,-1.216555,1.91839,-0.58883,0.561219,-1.673807,-0.914024,0.509182,-0.575489,0.764017,-1.198767,-0.495643,-0.130336,1.688728,-0.689005,-0.752545,0.852775,-1.201174,-0.290544,-3.133963,-2.046654,0.12955,0.570843,0.856613,-0.051718,0.55611,-1.606567,-2.086907,-0.035508,0.53847,0.535637,-2.544182,1.467828,0.248703,-1.199033,0.684624,1.383587,1.571002,-1.012093,-0.890727,0.046477,1.191206,0.031024,-0.01321,-1.740158,-1.13921
TRAIN_0102,OV17R,SGC0946,2.626678,-0.004738,0.058031,-0.371107,1.418322,-0.62602,-0.495568,0.684675,0.966391,0.136412,0.436103,-0.794716,0.430451,-0.185933,-2.577654,-1.120099,-0.992229,-0.297969,0.055247,-0.408433,-0.404005,0.542054,-0.459579,0.014987,-0.345714,-0.755027,-0.210484,-0.661279,0.00527,-0.393579,-1.003942,0.636488,0.775065,-0.162895,-1.12296,1.307319,-1.189147,0.257556,-1.480173,-0.819733,0.352993,-0.219274,0.104798,0.522409,0.690803,-0.997718,-0.433266,0.815077,1.234337,-0.091874,-1.421688,0.68272,-0.748444,0.116834,0.55302,0.909256,0.459122,-0.844325,0.535933,0.085606,0.409946,-0.342351,-0.02061,-1.213333,-1.037051
TRAIN_0103,OV56,Gemcitabine,-0.952177,0.393307,-0.170502,1.678969,1.03682,0.730607,0.117362,1.970474,0.363909,-0.238221,0.24359,0.116296,-1.005145,0.213378,-2.412281,-2.41825,-0.256684,-0.862285,0.955111,-1.903019,-1.04362,2.887947,-0.477719,1.022915,-1.721171,-1.293572,-0.02906,-0.76006,7.8e-05,-0.970301,-0.028673,-0.669793,2.358896,-0.230534,0.060748,-0.99047,0.083254,0.314386,0.449794,0.950039,-0.159605,0.13818,0.371893,1.187947,0.11539,-0.310914,0.526781,0.998657,-0.312265,0.371461,0.866181,0.462243,0.117781,-0.252551,-0.128006,0.082041,0.321095,0.286839,-0.145789,0.230375,0.290704,0.258246,-0.391576,0.067316,0.644766
TRAIN_0104,OVCAR4,Rapamycin,-1.363411,0.661161,0.088874,0.49091,1.778507,-0.719304,0.388617,1.406837,1.402207,-0.629313,0.693294,-0.75338,-1.01642,-0.608238,-2.616327,-2.04499,-0.507891,-0.600485,0.120175,-1.43224,-2.263123,1.840032,0.445125,0.706883,-1.200384,-0.275013,0.969902,-1.090461,0.733202,-0.816089,-0.999454,-0.998788,2.017492,-0.945214,0.557126,-1.2403,0.678786,-0.112552,1.778403,0.072486,0.331753,-0.410368,0.407815,-0.14393,-0.478802,0.311055,-0.198081,0.525475,0.080814,-0.496244,1.411374,-0.963337,0.329724,0.755402,-1.104593,-0.743338,-0.221401,-0.944799,0.860091,-0.029243,-0.248533,0.09174,-0.745861,0.955294,0.702878
TRAIN_0105,HS746T,NU7441,3.887325,0.51079,-0.779019,0.271739,0.997886,0.395798,-0.422093,2.044884,1.036198,0.702714,-0.220702,0.186306,0.127698,-0.255225,-1.326701,-1.482005,-0.651629,-1.380854,-0.058942,0.156279,-1.350686,1.793123,-0.61143,-0.325328,-0.821939,-1.195551,-0.101497,-1.084041,0.415084,-0.664125,-0.081128,-0.229172,2.139231,0.408939,-1.192463,0.799603,-1.497879,1.026604,-1.944001,-1.73782,-0.168667,0.773286,0.541405,-0.779088,0.634374,-1.266991,-0.458771,-0.491415,1.025859,0.256185,-1.185943,0.307583,0.013339,-0.867661,0.685835,0.589158,1.50352,-1.223628,-0.459741,0.160969,0.760833,-0.099391,-0.336806,-0.366577,-1.559172
TRAIN_0106,ME1,Leflunomide,5.241291,0.44871,0.137516,0.075242,0.628309,-0.150983,-0.363996,1.693024,0.630577,-0.307656,-0.33764,0.539316,-0.489043,0.560203,-2.089737,-1.353108,-1.14271,-0.658908,0.09658,-0.778773,-0.884986,0.664312,-0.539514,0.287664,-0.195735,-0.544685,0.392485,-1.059144,1.299382,-1.398407,-0.207551,-1.338501,0.365106,0.252107,-1.164767,1.356237,-2.06541,0.142726,-2.966831,-1.894703,0.225741,1.132436,-0.498062,0.157835,-0.36727,-1.747149,-1.094439,-1.569597,1.428125,0.422505,-2.30924,-0.542369,-0.564926,-0.772418,0.599306,1.604943,1.102488,-1.640812,-0.674366,0.148338,1.82512,-1.096058,-0.733748,-0.798211,-1.338455
TRAIN_0107,OE33,Selumetinib,4.211615,0.478227,-0.845046,1.358175,1.462285,-0.490973,-0.823033,1.522184,0.584936,0.393402,0.282002,-0.807283,0.057367,0.665535,-1.520028,-1.108227,-0.490342,-0.732363,0.846003,-0.448752,-1.268904,1.90518,-1.371749,1.082661,-2.047682,-0.770031,0.072554,-1.03839,0.818242,-1.032575,-0.114212,-0.793659,1.700772,-0.810097,-0.87841,0.001992,-1.508177,0.036193,-2.431257,-1.561257,0.721834,0.414096,0.451505,-0.603579,-0.409148,-1.381885,-1.249892,-1.136838,1.349737,0.920331,-1.880418,0.109737,-0.324248,-0.679071,0.760136,-0.1876,0.437848,-1.298887,-0.247432,0.438829,1.33671,-0.371541,-0.844224,-0.431682,-0.613065
TRAIN_0108,SW1116,AZD2014,3.944612,1.29974,-0.60553,1.096239,1.197515,0.427452,-0.152069,2.327535,0.042799,-0.211964,0.632688,-0.117712,-0.088955,0.31676,-2.545054,-1.633806,-0.689747,-1.624635,-0.091405,-1.803866,-1.912044,2.270829,-0.175963,-0.185661,-1.269071,-1.054902,0.177808,-1.440148,0.83033,-1.493277,-0.767311,-1.525038,2.043274,0.578593,-1.630197,0.373241,-0.818065,0.144346,-1.189456,-0.562112,0.110851,0.298204,-0.091888,-0.381279,0.197145,-1.288769,-0.046687,-0.291307,0.429695,0.533593,-1.515027,0.530725,-0.145103,-0.740206,0.663754,0.946558,1.186904,-0.064952,0.043715,-0.347474,1.861344,-1.014718,0.353393,-0.506817,-1.368218
TRAIN_0109,HCC2157,RVX-208,3.657078,0.597713,-0.002962,0.088275,1.009295,0.21937,-1.162896,1.509821,0.283953,-0.063813,0.918235,-0.958827,-0.629073,-0.001739,-1.518953,-0.148647,-0.759619,-0.874412,0.287312,-1.135974,-1.029801,1.022112,-0.299431,-0.006914,-1.103957,-1.07792,0.226139,0.199439,0.230517,-0.241193,0.17453,-0.989119,1.942398,-0.38742,-2.580971,1.334802,-1.679371,0.558888,-3.151337,-2.297561,0.483502,1.820233,0.251735,0.046177,-0.593295,-2.895544,-0.55026,-0.207448,1.873823,0.402596,-2.233879,0.912391,0.256952,-0.478059,0.910514,0.826787,1.415507,-1.077152,-0.089634,1.152768,1.353685,0.362214,-1.146322,-1.379454,-2.117475
TRAIN_0110,RERFLCSQ1,Serdemetan,3.168157,-0.667231,-0.830466,0.899895,1.321717,0.100638,-0.169901,1.648633,0.25524,-0.120002,0.965539,0.210258,0.604764,0.330908,-1.514568,-2.250517,-0.751066,-0.970806,0.796415,-1.089297,-0.820916,1.264322,-0.283472,0.182737,-1.425406,-0.684424,-0.756646,-1.117503,0.084314,-0.776455,-0.04335,-0.190071,1.714964,-0.26772,-1.068026,0.821505,-1.471754,0.079409,-2.020396,-1.488161,0.423895,0.841351,-0.604784,-0.117448,-0.314856,-1.58075,-1.125536,-1.128014,1.529243,0.258764,-1.943958,0.23235,-0.446331,-1.003903,0.220109,1.423734,0.770513,-0.884116,-0.15073,0.087938,0.521087,0.661426,-0.477613,-0.961884,-0.40732
TRAIN_0111,HCC1599,Axitinib,3.280754,0.063858,0.259452,0.902585,2.240739,-0.290173,0.13195,1.414031,1.31127,-0.765208,0.841466,-0.497905,-0.434649,0.255017,-1.527629,-1.549052,-0.378658,-0.086384,0.764345,-0.350276,-1.448498,0.822217,0.2825,0.496392,-0.49515,-0.772529,-0.018898,-1.814607,0.1285,-0.020878,-0.485374,-0.199847,1.50577,-0.337615,-1.336589,0.630228,-1.021339,0.030928,-1.194684,-0.948314,-0.617212,0.930371,0.457905,-0.32206,-1.020177,-1.334418,-0.655503,-0.977822,0.231364,0.267288,-1.712554,0.084749,-0.390306,-1.164181,0.336318,1.199988,0.668069,-1.595699,-0.516265,-0.235199,1.016693,-0.27436,-0.997458,-0.622018,-1.638975
TRAIN_0112,C32,Lapatinib,5.468428,0.186311,-0.330999,0.785395,1.677968,0.097008,0.772855,1.477995,0.362093,-1.155345,0.172717,-0.476242,0.435307,-0.018796,-1.785947,-1.71921,0.036447,0.258808,0.046277,-1.145416,-0.878826,1.794767,0.699399,0.358947,-1.592897,-0.244662,0.664379,-0.731464,0.626303,-0.062454,0.295308,0.094228,2.161686,0.002098,-1.800713,1.323546,-0.896175,0.485455,-2.348517,-1.703034,0.306886,0.384561,0.38727,-1.195062,-0.542162,-0.566818,-0.493613,-0.37309,2.040207,-0.827456,-2.154804,0.120576,0.047564,-0.232992,0.173159,1.520683,0.721228,-0.225833,-0.822747,0.266622,0.721668,0.05316,-0.445376,-1.117587,-0.932018
TRAIN_0113,RH41,Dasatinib,2.142082,0.757858,0.215366,0.191694,0.566247,0.033775,0.164256,1.526022,0.997524,-0.51662,0.233158,0.092798,0.290077,0.596211,-1.034004,-1.530423,-0.793962,-0.394145,0.335697,-1.02491,-0.717398,1.083234,-0.693862,0.587866,-0.934966,0.34369,-0.208631,-1.116136,-0.0323,-0.362154,-0.347012,-0.42314,1.137098,-0.220303,-0.407586,0.408822,-0.994493,-0.110968,-0.790573,0.030111,0.211664,-0.018476,0.272019,0.804836,0.330937,-0.351892,0.058184,0.525052,0.985148,0.428787,-0.211732,-0.403685,-0.914085,-0.207899,0.293179,0.164326,0.80701,-1.286558,-0.398233,-0.102299,-0.405336,0.544597,-0.758165,-0.76233,-0.0522
TRAIN_0114,EM2,alpha-lipoic acid,4.181479,-0.559433,0.02434,1.330484,0.752773,-0.21023,-0.293925,0.686821,1.064024,-1.336926,1.033672,-0.939993,-0.362478,-0.09557,-0.647111,-1.64777,-0.045575,0.513813,-0.526968,-0.35192,-1.025884,0.934084,-0.101514,-0.287518,-0.45708,0.634322,-0.040875,-0.206442,-0.461783,-0.773749,0.092682,0.446001,1.08918,0.066269,-2.78964,1.862195,-3.18641,0.131506,-4.279298,-3.516116,0.070241,1.017918,0.143537,0.388895,-1.117887,-3.778111,-1.564374,-1.248511,3.55382,0.711776,-3.901328,1.219841,-0.426446,-1.445631,1.33113,3.391468,2.09943,-2.157683,-1.036559,-0.098876,2.662278,-2.279925,-0.431346,-2.655751,-1.640754
TRAIN_0115,NCIH1648,Veliparib,5.1937,-0.313863,0.678786,0.362623,1.133129,0.265361,-0.466332,1.451993,-0.858156,-0.663185,-0.111641,-0.926032,-0.40825,0.349136,-0.884283,-0.993528,-0.695977,-0.469587,0.265086,-0.118382,-0.52361,0.961767,-0.594435,-0.282865,-1.195009,-0.5092,0.20566,-0.385734,0.21707,-0.379835,-0.116725,-0.64654,0.733521,-0.385442,-1.859755,2.37191,-2.86447,-0.045318,-2.168563,-2.134786,-0.039884,1.758919,0.300177,-0.358093,-0.382722,-2.680651,-1.653661,-0.789447,1.17586,0.551873,-2.626921,0.941987,-0.048513,-1.279516,1.222581,1.886071,1.645115,-1.574509,-1.005838,0.777877,0.698178,-0.896049,-1.572107,-2.427832,-2.341139
TRAIN_0116,KYSE180,Irinotecan,3.098458,0.197702,-0.614301,0.403936,1.249395,-0.496171,-0.286171,0.665528,1.111314,-0.484722,1.116412,0.431234,-0.375325,-0.330283,-2.418362,-1.976022,-1.091133,-0.038866,0.283817,-0.457955,-2.125483,0.454638,0.281235,0.191932,-1.097821,-0.108923,0.897639,-0.937944,0.304766,-0.335487,0.986363,-1.482231,1.673172,0.712293,-0.749282,0.773522,0.060419,0.295223,-1.968346,-1.235114,-0.405554,1.236271,0.428443,0.466943,0.358462,-1.425018,-1.065339,-0.405302,0.43441,0.365529,-0.886233,0.18289,-0.242209,-0.604528,0.905224,0.515381,-0.331093,-0.45586,0.239208,0.496061,0.483477,-0.96222,0.094315,-0.840589,-1.048256
TRAIN_0117,SUDHL4,PF-4708671,2.819638,0.773681,-0.042611,1.042142,0.375812,-0.315646,0.309555,-0.148861,-0.284721,0.351754,-0.358313,-1.103972,0.738847,-0.595383,-0.710739,-0.689221,-1.641246,-0.558635,0.356063,-0.203846,-0.140832,0.42123,0.261518,-0.31633,-1.303048,-0.877283,-0.684513,0.021844,-0.599646,-0.115004,-0.255355,-0.303796,1.459007,-0.64438,-0.953956,0.53407,-1.942751,0.013672,-1.604617,-1.635867,0.9976,1.080471,-0.009998,0.453795,-0.105955,-2.080078,0.143695,-0.373045,1.163241,-0.052709,-1.334579,0.612374,-0.105696,-0.992622,1.084692,1.581237,0.682098,-1.624496,-0.046817,-0.425101,1.14081,-0.746639,0.406687,-1.40398,-0.752016
TRAIN_0118,PANC0203,AZD3759,2.822703,0.509838,-0.63311,-0.47377,1.753673,-0.149507,-0.545552,0.785323,1.089932,-0.607101,0.82639,0.464001,-1.541074,-0.105433,-2.036985,-1.014649,-1.386078,-0.054967,0.385299,-0.96505,-1.525371,1.262085,0.296038,-0.466061,-1.266202,-0.741884,-0.269042,0.130554,0.588958,-0.299976,0.274295,-1.318362,2.746834,-0.072685,-0.864889,1.294764,-1.309489,0.03204,-2.697501,-0.169229,-0.38159,0.739807,0.083044,-0.139261,0.169928,-0.318313,-0.436071,-0.031976,0.989499,0.77695,-1.60746,0.790633,0.254704,0.01295,0.147322,0.720497,0.846571,-1.340406,0.556129,0.252403,0.903349,-0.662484,-0.80834,-1.165477,-0.824003
TRAIN_0119,C2BBE1,Entospletinib,2.875851,0.037811,-0.534179,0.686634,1.772498,0.520747,-0.753662,2.208618,0.727135,-0.535007,0.927122,-1.065053,-0.315,0.346216,-1.833331,-1.73024,0.616496,-1.419723,0.076059,-1.298508,-1.812781,1.27433,0.349111,0.783649,-1.833941,-1.007871,0.35627,-1.527134,0.724815,-0.551377,-1.074916,0.119754,2.911192,-0.460445,-1.155298,1.828462,-0.691748,0.688008,-1.794165,-1.13593,0.799578,0.597705,-0.485857,-0.094858,-0.745593,-2.181326,-1.165328,0.727405,1.250517,0.565312,-2.583247,-0.559369,-0.840264,-0.03808,0.851334,1.452532,1.410976,-1.23439,0.34811,0.054134,1.794322,-0.314834,-1.102193,-1.611507,-2.230498
TRAIN_0120,K562,Oxaliplatin,5.337569,0.372863,-0.160188,1.109291,0.635404,-0.561713,0.337711,0.919274,1.0417,0.487911,0.217234,-0.016458,-0.935767,0.563838,-1.374783,-1.092812,-0.75612,-1.611093,0.493805,-1.731482,-1.247086,1.600113,-0.078049,1.026213,-0.585447,-0.746485,0.099141,-0.910714,-0.501552,-0.93309,-0.505178,-1.481823,1.45123,0.838461,-1.450774,0.590721,-1.221463,0.050561,-2.609698,-1.943189,-0.150314,1.330016,0.081487,-0.869923,-0.119171,-2.540909,-1.520236,-0.007524,0.787557,-0.707791,-1.999647,0.272893,-0.613612,-1.044592,0.91765,0.975124,1.958824,-1.838202,-0.182893,0.755296,0.898965,-1.139992,0.265216,-1.945667,-1.871377
TRAIN_0121,NCIH2405,NVP-ADW742,7.699938,1.088365,-0.622172,0.467604,2.73041,-0.158716,-0.272,1.983805,1.473707,-1.093328,0.775983,0.017126,-1.040288,-0.417693,-3.442517,-2.13199,-0.72968,-1.608207,0.224432,-1.141341,-2.577202,2.386791,-0.709758,-0.345902,-2.490361,-1.017458,0.144655,-1.63663,-1.271539,-1.319326,-0.640388,-0.164597,2.283262,0.072685,-1.32853,0.941987,-1.093688,0.108214,-1.148524,-1.508345,0.468329,0.272248,0.208743,-0.700635,-0.599034,-1.355941,0.267157,-0.35925,1.767447,0.415746,-1.761438,1.057891,-0.12395,-0.923357,0.779258,0.770584,-0.166317,-0.278341,0.27248,1.213568,1.078637,-0.550498,0.252386,-0.558968,-0.244662
TRAIN_0122,SKCO1,Pyridostatin,3.072331,-0.773338,0.543776,0.519432,0.807971,0.275178,0.608929,-0.366365,0.719902,-1.020892,0.605003,-0.239635,0.01275,-0.091107,-2.190068,-1.35523,-0.164948,-0.15584,-0.380043,-0.081344,-1.249179,1.141416,-0.40286,0.135325,-0.487457,-0.970149,-0.267284,-0.66157,1.446923,-0.825092,0.828969,0.608015,1.164828,0.449632,-1.782478,0.920539,-1.26609,0.0561,-1.761988,-1.039903,0.120529,0.668968,0.937309,0.339662,-0.293847,-2.435151,-0.616991,-0.155845,-0.218593,0.502561,-2.140741,0.244788,-0.875763,-0.816041,1.366429,0.906837,1.503524,-1.322997,0.040463,0.363912,1.245267,-0.521626,0.117319,-2.496401,-2.021025
TRAIN_0123,MEWO,LGK974,6.343409,-0.622662,-0.317453,0.551627,1.922629,-0.940127,-1.000714,1.848091,1.291889,-1.267952,1.098227,-0.457382,0.067375,0.213501,-3.226996,-1.848302,-0.047667,-1.487537,0.1289,-1.021043,-2.900871,2.341599,-0.682668,0.322252,-1.507251,0.069467,0.316999,-1.300085,-0.060735,-0.218219,-1.23643,-0.295296,1.353657,-0.949171,-0.212719,0.818389,-0.973451,-0.106997,-1.704396,-2.026518,-0.347378,0.827852,-0.049584,0.152177,-0.405756,-1.552364,-1.05411,-0.91398,1.042537,1.45619,-2.112754,-0.582817,-0.746162,-0.805989,1.694768,1.815694,0.714619,0.149903,-0.405873,1.041291,0.653845,-1.803903,-0.938558,-3.021601,-0.453828
TRAIN_0124,HCC2157,AGI-6780,4.520808,0.597713,-0.002962,0.088275,1.009295,0.21937,-1.162896,1.509821,0.283953,-0.063813,0.918235,-0.958827,-0.629073,-0.001739,-1.518953,-0.148647,-0.759619,-0.874412,0.287312,-1.135974,-1.029801,1.022112,-0.299431,-0.006914,-1.103957,-1.07792,0.226139,0.199439,0.230517,-0.241193,0.17453,-0.989119,1.942398,0.519088,-0.94405,0.667405,-2.21711,0.130181,-1.770738,-1.408629,0.608611,1.407596,0.43378,-0.090455,-0.061366,-2.20049,-1.645623,-0.238992,1.996938,-0.111174,-1.887345,1.26286,-0.503118,-1.291439,0.858893,1.068748,0.905655,-0.877415,-1.204955,-0.290128,1.28137,-0.635808,-0.070248,-0.50461,-1.507123
TRAIN_0125,BEN,XAV939,3.914816,-0.807089,-0.517789,0.847582,1.213065,-0.016534,-0.504086,1.406376,0.584565,0.178669,0.595516,-0.231193,-0.607928,-0.034956,-1.867707,-1.291619,-0.695825,-0.729327,1.30894,-0.348189,-1.382027,1.865667,-0.398914,-0.960776,-1.7338,-1.405274,-0.080015,-0.984259,1.162499,-0.354971,-0.361323,-0.104654,0.493207,0.162607,-0.68723,1.486354,-1.354801,-0.709393,-2.345666,-0.878736,-1.247354,1.312153,0.144829,-0.576408,0.00609,-1.082151,-0.555449,-0.789077,0.913196,0.522486,-1.873165,0.231054,-0.649686,0.524168,1.34068,1.925772,0.489922,-1.453049,-0.367757,-0.066582,2.078255,0.077392,-0.510004,-0.557445,-1.56927
TRAIN_0126,NCIH2029,MN-64,5.054591,1.03444,-0.117627,0.399489,1.384688,-0.31606,0.069989,2.250986,0.939727,0.128682,0.054829,-0.666175,-0.8233,0.396805,-2.073941,-1.343066,-1.022258,-0.981354,0.654585,-1.931744,-0.337597,1.309657,-1.236076,0.145911,-1.394013,-0.579976,0.605427,-0.76595,0.520941,-0.369653,-0.341004,0.291957,1.094462,0.339362,-2.441094,1.091857,-0.840315,-0.271749,-2.729759,-0.775707,0.594335,1.106768,0.495544,-0.363899,0.224212,-2.289524,-1.997075,-0.846754,1.010852,0.3451,-2.621561,1.056797,-0.196659,-0.825182,0.863118,0.927866,0.225757,-1.129636,-0.039744,0.414067,1.111485,-0.445051,-0.304091,-0.720908,-1.074448
TRAIN_0127,KP4,AZD5363,3.000268,0.888766,0.294228,0.495345,0.659543,0.14646,-0.166631,0.029098,0.969246,-0.365663,1.009811,-0.896621,-1.939078,0.321756,-1.29505,-2.144317,-0.912691,0.614878,0.083845,-0.318325,-1.388892,0.058583,-0.255154,-0.081949,-1.272872,-0.467278,0.215666,-0.941836,-0.349077,-0.20923,-1.194351,-1.478305,1.764483,0.574594,-1.193661,1.704456,-0.918871,-0.337467,-1.541829,-1.361554,0.390457,0.629118,0.188102,-0.557676,0.229776,-1.880555,-1.188523,-0.222116,1.732685,0.126411,-1.202649,0.822169,0.068107,-0.751933,-0.006672,-0.195523,0.688983,-0.150258,-0.834481,0.641929,0.384322,-0.369088,0.190341,-1.304364,-0.968546
TRAIN_0128,NCIH1666,LGK974,4.857205,0.817841,0.39463,0.862607,0.390044,-0.50116,0.347011,1.293021,0.712849,-1.026854,1.474926,0.342818,-0.942347,0.33363,-2.396009,-1.5459,-0.349319,-0.682404,0.503609,0.492059,-2.03144,0.719494,-0.439135,-0.711437,-2.27708,-1.08558,-0.341911,-1.714017,0.662786,-0.898463,-0.403173,-0.199399,1.607056,-0.949171,-0.212719,0.818389,-0.973451,-0.106997,-1.704396,-2.026518,-0.347378,0.827852,-0.049584,0.152177,-0.405756,-1.552364,-1.05411,-0.91398,1.042537,1.45619,-2.112754,-0.582817,-0.746162,-0.805989,1.694768,1.815694,0.714619,0.149903,-0.405873,1.041291,0.653845,-1.803903,-0.938558,-3.021601,-0.453828
TRAIN_0129,HCC1143,Tozasertib,3.207134,1.485088,-0.394282,0.132963,2.298495,0.741816,-0.237613,2.120855,1.455624,-0.851392,0.312245,0.141481,0.366187,0.528905,-2.396695,-0.770612,-0.840559,-1.203432,0.492562,-0.151592,-1.017431,1.70641,0.000734,0.090821,-1.178077,-1.821542,-0.034859,-1.056506,-0.191266,-0.421135,-0.400562,0.262348,2.680909,-0.763425,-1.106554,0.950082,0.444601,-0.842854,-1.463405,-0.717546,-0.171143,0.938327,-0.314188,-0.003504,-0.470438,-0.418521,-0.838797,-0.496288,1.208019,-0.27505,-1.19173,-0.685883,-0.811772,-0.279699,-0.069959,0.444721,0.894201,-0.873226,0.19638,0.338208,0.896284,0.287241,0.030795,2.4e-05,-0.37627
TRAIN_0130,PF382,I-BET-762,1.970587,0.284868,0.31792,0.149697,1.577301,-0.515947,0.206549,1.539213,-0.289044,-0.416123,0.853615,0.337321,-0.328253,-0.241346,-0.518277,-0.30639,-0.875115,-1.129338,0.276257,-0.158128,-0.884921,1.10281,-0.47263,-1.022185,-0.953817,-0.251844,-0.080163,-1.178624,-0.712199,-0.569797,0.296943,0.31479,1.558338,-0.704534,-2.06734,1.547844,-0.922476,0.50493,-2.429602,-0.913011,0.327607,-0.079501,0.877522,-0.032266,-0.488624,-1.615853,-1.702302,-0.147874,1.151112,0.234571,-1.062192,-0.37917,-0.670013,-1.078272,0.450905,1.028708,1.113745,-0.983379,-0.737085,1.162692,2.147277,-0.390787,-0.557562,-0.329949,-1.877786
TRAIN_0131,KCL22,Luminespib,-3.701351,-0.358592,0.076466,-0.111364,1.008507,-0.129473,-0.90988,0.969158,0.07979,0.214992,0.261362,-0.024961,-0.702567,-0.178404,-1.148646,-0.400468,0.568511,-0.889249,0.689419,-1.521142,-1.275703,0.224851,-0.784739,-0.759347,-0.478089,-0.368608,0.243001,-0.207813,0.31333,0.040276,-0.174924,-0.882615,1.418922,1.578262,0.5561,0.028741,0.109116,0.373613,2.09768,0.762083,-0.622863,-0.509871,-1.215597,0.050037,0.590083,0.864015,0.287296,0.538541,-0.328529,-1.034911,1.096012,1.024686,-0.437818,0.361054,0.606027,-0.062873,-0.812179,0.603636,0.18338,-0.571625,-0.619009,0.14583,0.167114,0.285704,0.075192
TRAIN_0132,BV173,SN-38,-7.07646,-0.18695,0.871003,0.518869,0.106745,0.256555,0.426633,0.713195,-0.589615,-0.483163,0.014453,-0.155268,0.191696,0.150488,-1.155063,-0.249308,0.162055,0.021886,0.620442,0.18565,-0.130182,0.338278,-0.887995,0.232011,-0.259098,-0.002887,-0.610118,-0.833734,0.622282,-0.172785,0.266444,-0.13912,0.486729,1.083793,1.050066,-0.78657,0.870377,0.042438,1.35315,2.391981,0.464579,-0.235948,-0.864176,0.216731,0.901418,1.754312,0.208681,0.129123,-1.268245,-0.640512,2.502671,-1.280039,0.707634,0.021264,-1.083712,-2.021388,-1.192729,1.582798,0.437282,-0.925792,-0.453272,1.088097,0.235075,2.108173,1.59019
TRAIN_0133,G402,RVX-208,4.632054,0.753936,0.35475,0.034782,0.998187,0.191118,-0.255193,1.551829,1.675351,-0.694837,-0.341688,-0.146041,0.061345,0.040134,-0.503496,-1.778323,-0.015058,-0.954121,1.061731,0.412452,-1.291356,0.667547,0.284633,-0.150149,-0.938734,-0.337312,-0.88852,-0.74694,-0.103312,-0.632737,0.534274,-1.015115,1.597508,-0.38742,-2.580971,1.334802,-1.679371,0.558888,-3.151337,-2.297561,0.483502,1.820233,0.251735,0.046177,-0.593295,-2.895544,-0.55026,-0.207448,1.873823,0.402596,-2.233879,0.912391,0.256952,-0.478059,0.910514,0.826787,1.415507,-1.077152,-0.089634,1.152768,1.353685,0.362214,-1.146322,-1.379454,-2.117475
TRAIN_0134,SKCO1,LJI308,5.690884,-0.773338,0.543776,0.519432,0.807971,0.275178,0.608929,-0.366365,0.719902,-1.020892,0.605003,-0.239635,0.01275,-0.091107,-2.190068,-1.35523,-0.164948,-0.15584,-0.380043,-0.081344,-1.249179,1.141416,-0.40286,0.135325,-0.487457,-0.970149,-0.267284,-0.66157,1.446923,-0.825092,0.828969,0.608015,1.164828,0.086647,-2.078158,1.482891,-1.770383,0.629542,-2.388969,-2.173994,-0.13918,1.542023,0.662961,-0.126305,0.628789,-2.477609,-1.549615,-0.49466,1.277468,0.772695,-3.109852,0.294973,0.357141,-1.236909,0.535015,2.160369,0.89717,-1.628521,-0.184095,0.975268,2.100552,-1.105632,0.014378,-1.923172,-2.13024
TRAIN_0135,JHH1,AZD5582,2.534383,0.114865,0.693806,0.507578,1.480484,0.307746,0.408526,1.478505,0.551298,-0.483967,0.695975,-0.004472,-0.450255,0.544464,-1.039216,-1.484782,-0.390331,-1.743232,-1.010132,-0.687789,-1.419202,1.166214,-0.097535,0.035389,-0.819988,-0.485711,-0.265721,-0.622893,0.256355,-0.32014,-0.522032,-0.909359,1.841228,0.122115,-0.25187,0.860732,-0.499077,-0.200525,-1.120684,-1.242683,0.13003,0.620511,0.944998,-0.726134,0.055199,-0.17052,-0.06418,0.132604,0.945298,0.860922,-1.630212,-0.493247,-0.240474,-1.497734,0.992268,1.24571,0.357226,-0.702553,-0.226726,0.230151,0.664766,-0.016175,-0.200725,-0.210182,-0.514188
TRAIN_0136,OACM51,Ipatasertib,1.49585,0.969891,0.471853,0.730406,1.288691,-1.383369,-0.524805,1.009629,-0.330036,-0.950288,-0.560993,-0.385948,0.040767,0.744896,-1.306932,-1.846937,-1.411072,-1.68007,-0.385771,-1.163113,-1.197685,0.65295,-0.00921,-0.062689,-1.122388,0.139257,-0.502323,-0.701637,0.290371,-0.642137,0.211758,-0.036732,0.992797,-0.041169,-1.74887,1.291162,-0.898377,-0.120488,-1.685044,-1.194355,-0.435497,0.341316,0.747428,0.034391,-0.595412,-1.967452,-1.006603,-0.701476,0.67682,-0.513391,-1.264212,0.822485,-1.037257,-0.636096,0.185252,0.94184,0.796495,-1.087016,0.679777,0.124475,0.610799,-0.879811,0.328734,-1.977052,-1.625812
TRAIN_0137,TYKNU,Cyclophosphamide,6.312492,0.065125,-0.358222,0.779081,1.592285,0.035303,0.331709,0.761177,0.228915,-0.32331,0.144115,1.25644,-0.176742,0.186625,-2.043137,-1.84971,-0.509635,-0.889145,0.064894,-0.98391,-0.645767,2.059941,-0.084669,-0.607615,-1.06027,0.269143,0.788399,-0.706852,1.061799,-0.533802,0.041854,-0.901878,1.87461,-0.208119,-2.234453,1.239176,-1.74416,0.596207,-2.049403,-1.892293,0.889962,1.214276,1.113143,1.014237,-0.216094,-2.861329,-1.425844,-0.595857,1.91919,0.898854,-2.590007,0.521887,-0.934065,-0.882215,1.905913,2.15912,1.756999,-0.827604,-0.680139,0.275746,1.18656,-0.829116,-0.507977,-1.165523,-2.151078
TRAIN_0138,CCK81,PD173074,4.581241,0.405001,-0.170384,0.795088,1.515436,-0.552438,-0.825049,0.157239,0.776569,-0.871365,-0.706997,-0.121268,0.929368,0.161725,-0.883574,-1.133642,-0.432326,-0.230134,0.068845,-0.484609,-0.800838,0.663967,0.342282,-0.041498,-1.348034,-0.102434,-0.373703,-0.769661,0.251266,0.133952,0.038725,-0.422237,1.670164,-0.70575,-1.622583,1.630594,-1.508593,0.834498,-2.333234,-2.014477,0.07524,0.36701,-0.085285,-0.032814,-0.0912,-2.498997,-0.838258,-0.824164,0.894058,0.46234,-2.307016,1.064555,0.150248,-0.189195,0.457462,0.706911,1.114255,-1.042318,-0.660759,-0.206107,1.103494,-0.754252,0.130213,-0.942427,-0.828151
TRAIN_0139,EFM19,SB590885,4.037865,0.292298,-0.049404,1.007468,0.965378,-0.544134,-0.366924,0.777613,0.29528,-0.669335,0.93555,-0.294381,-0.33099,0.647698,-1.826085,-1.38915,-0.568087,-0.797631,-0.002735,-2.053453,-1.364378,2.057611,0.255726,0.544725,-0.690604,-0.455701,0.200543,-1.366044,0.187052,-0.243817,0.334014,-0.622407,1.476272,0.022232,-1.220681,1.190029,-2.142777,1.079996,-2.117629,-1.058573,-0.006555,1.17461,0.322935,0.412665,0.186103,-1.83825,-1.700955,0.287045,1.661331,0.145436,-2.103822,-0.331454,0.023763,-1.621418,0.690015,1.471381,1.738082,-1.044918,-0.08715,0.419404,1.260494,-0.584303,-0.33748,-2.291022,-1.949503
TRAIN_0140,SKMEL30,AZ960,3.31948,0.523415,-0.669695,1.141589,1.670373,-0.367994,-0.294602,1.188977,0.221789,-0.595456,0.296789,0.437514,0.102549,0.65995,-1.338171,-1.931845,-0.468374,-0.321056,-0.378965,-0.404588,0.036991,1.697689,0.527277,0.162928,-0.650255,-0.792302,0.486236,-0.589095,0.444043,0.179844,-0.501605,-0.572538,1.522302,0.387802,-0.918437,0.171306,0.0994,0.617192,-0.776499,-0.400585,0.347506,1.450473,0.124428,0.219476,-0.905509,-1.296601,-1.030859,0.361581,-0.644137,0.00432,-2.551109,-0.22185,-0.475744,0.287653,0.564082,0.199942,1.089865,-0.492916,-0.166118,-0.403248,0.088345,-0.699083,-0.087789,-0.622619,0.056744
TRAIN_0141,SW780,Tamoxifen,4.52197,0.083148,-0.505951,0.422249,1.68059,0.19311,0.300948,1.197897,0.363353,0.17726,0.878849,-0.433018,-0.240149,0.232821,-1.696537,-1.934016,-0.441271,-1.792216,-0.022164,-1.268147,-1.633121,1.037284,-0.497923,-0.688071,-1.184316,-0.598599,-0.739041,-1.59581,0.552943,-0.886449,-0.647109,-0.5267372144846797,2.068173,0.086022,-0.913518,0.872487,-2.008958,0.900136,-1.815315,-1.692802,0.370007,1.494649,0.626037,-0.868452,-0.234629,-1.834055,-0.295634,-0.029772,1.9107,-0.15218,-2.4791,0.940684,-0.751674,-1.562041,0.990386,0.946863,1.997322,-0.845353,-0.285909,0.20752,1.950245,-0.387958,-0.424028,-1.706695,-1.452777
TRAIN_0142,SKES1,AZD4547,0.328116,0.090552,-0.412735,0.278362,0.031392,-0.151082,0.635486,0.456313,0.24987,-1.077058,0.448777,-0.091325,-0.19283,0.008316,-1.069398,-0.581198,-0.285671,-0.331132,0.259093,0.123658,-0.342837,0.8035,0.65029,0.242712,-0.034857,0.040846,-0.867447,0.097146,0.248835,-0.315742,-4.7e-05,-0.462771,1.007105,0.325771,-0.776673,0.840264,-1.158347,0.417466,-0.847442,-0.72447,0.564382,0.745741,-0.612636,-0.616098,-0.01669,-1.204223,-0.363713,0.464736,1.22011,0.908041,-1.382094,-0.140848,-0.341149,-0.95121,1.275081,1.231108,1.015318,-0.062448,-1.260731,0.56265,0.135628,-0.392132,-0.306382,-0.566124,-0.855765
TRAIN_0143,NCIH520,Teniposide,2.115886,0.63058,-0.526789,1.280287,1.488832,0.158564,0.489629,1.402611,0.834771,-0.008706,0.115695,-0.381357,-0.347646,-0.264802,-0.527242,-2.223715,-1.144563,-0.235435,0.633561,-1.31317,-0.940935,2.025515,-0.214095,1.35892,-2.117577,-0.13282,0.681014,-0.56863,0.228903,-0.674528,-0.03498,-0.122371,1.93354,-1.262715,-0.187246,-0.761487,-0.836243,-0.629037,-0.883689,-0.520045,-0.206841,0.4687,0.142885,-0.971924,-0.014035,-0.114292,-0.297402,-0.115628,0.290646,0.445844,-1.113475,-0.062226,0.682956,0.583149,0.538584,0.459073,0.999537,0.803729,-0.121722,-0.423456,0.045259,1.459735,-0.819012,-0.439861,-0.927557
TRAIN_0144,CCK81,GSK343,2.48471,0.405001,-0.170384,0.795088,1.515436,-0.552438,-0.825049,0.157239,0.776569,-0.871365,-0.706997,-0.121268,0.929368,0.161725,-0.883574,-1.133642,-0.432326,-0.230134,0.068845,-0.484609,-0.800838,0.663967,0.342282,-0.041498,-1.348034,-0.102434,-0.373703,-0.769661,0.251266,0.133952,0.038725,-0.422237,1.670164,-0.374119,-0.247461,1.077217,-1.652984,-0.064588,-2.412608,-0.774678,-0.417821,0.478369,-0.092319,-0.135061,-0.46678,-2.372042,-0.991766,-0.556495,0.848824,0.72138,-1.479704,0.317311,-0.308334,-1.825167,0.462315,1.636548,0.812724,-1.291801,0.7987,1.27394,1.306923,0.042346,-1.317199,-1.610784,-1.55085
TRAIN_0145,ESO26,Cytarabine,0.060587,0.14107,-0.116236,0.080868,0.925568,0.11392,-0.800148,1.855808,0.971244,-1.315563,0.184345,0.150235,-0.939632,0.001094,-1.613724,-1.271443,-0.667918,-1.275311,1.014177,-0.006052,-0.872292,1.455814,-0.621823,-0.350113,-1.112462,-0.315686,0.807749,-0.784545,-0.389298,-0.053152,-0.780277,-0.772142,1.911037,-0.408395,0.42008,0.202968,-0.559458,0.334507,-1.589595,-0.07442,0.42115,1.164031,-0.250305,-0.010705,-0.137237,-0.638562,-1.102442,-0.184636,-0.162331,0.358238,-1.983103,-0.756903,0.208595,-0.626186,-0.175164,1.172711,0.649134,-0.001299,-0.244262,1.512447,0.206132,0.622534,-0.127436,-1.403803,-0.381958
TRAIN_0146,LP1,Schweinfurthin A,-1.133026,1.719383,-1.245352,0.869479,1.050285,-0.497507,-0.514172,0.923486,1.511853,0.01153,0.484984,0.271174,-1.162616,-0.454239,-2.75833,-1.854706,-0.409749,-0.832271,0.348853,-1.497784,-0.830664,1.398599,0.169536,-0.887462,-1.087354,-1.068859,-0.101881,-0.737065,0.373345,-0.94983,-0.251368,-1.290759,2.191255,-0.267055,-0.042644,0.491052,-0.123102,-0.499507,-0.040935,-0.726426,-0.473982,0.065581,1.308064,-0.238521,-0.278832,-0.667047,-0.352309,-0.568633,0.479859,0.6705,-0.523728,-0.430424,-0.320889,-0.537186,0.262695,1.06339,0.285212,-0.368177,0.769407,0.566034,0.663789,0.794012,0.173206,-1.420522,-0.045633
TRAIN_0147,NCIH446,Sapitinib,5.286077,0.186198,0.080362,1.053623,1.283887,-0.503105,0.443148,0.835404,-0.139102,-0.378893,1.05755,-0.206474,-0.284276,0.969549,-1.909241,-1.718857,-1.158696,-0.445511,0.279284,0.204915,-0.759301,0.712239,-0.139949,0.10098,-1.724683,1.015563,0.329132,-0.613021,0.541954,-0.019992,-0.252244,-0.690984,1.455234,-0.321152,-0.89322,2.150448,-1.544818,0.463063,-2.484274,-1.98229,-0.116526,-0.209851,0.869648,-1.245265,-0.470904,-2.253622,-1.252609,0.169662,1.290669,-0.095844,-2.279635,-0.017879,-0.455308,-0.67565,1.636428,0.202576,1.031053,-1.102597,0.125155,0.550354,1.393475,-0.366924,-0.675015,-0.639908,-0.947468
TRAIN_0148,MEG01,LMP744,-1.681206,0.407855,-0.00238,0.195465,0.74143,1.426998,-0.251231,1.078899,0.075669,-0.097297,0.163923,-0.447013,0.66649,0.714818,-0.929738,-2.051953,-0.473836,0.823145,0.048604,0.077915,-0.015793,0.874075,-0.538693,-1.182428,-0.401174,-0.691369,0.145941,-1.225355,0.063374,-0.296479,-0.017873,-0.871307,1.564743,0.602246,-0.224631,0.100105,0.13567,-0.545279,0.575955,0.34311,-1.002479,0.1037,-0.394611,0.554021,-0.708425,-0.108141,0.21514,0.049009,0.331361,-0.775502,0.909543,0.247207,0.698116,0.469213,-0.034805,-0.690979,-0.325929,0.834569,0.707379,-0.325505,-1.455403,-0.083627,-0.135049,-0.072435,0.320982
TRAIN_0149,GDM1,P22077,3.246747,0.161057,-0.02178,0.662145,-0.563957,-0.389367,0.019631,1.180166,0.035967,-1.110739,0.509166,-0.487918,-0.76592,-0.223287,-0.79511,-0.936024,-1.30934,0.076468,0.752877,-0.007803,-1.087655,0.437663,-0.0862,0.324204,-0.189213,-0.567067,0.081745,-0.194179,0.865924,0.131608,0.287374,-0.179125,1.385667,0.425315,-1.419809,0.219072,-0.785308,0.018791,-2.864107,-1.676799,0.580026,1.983954,-0.597185,0.255837,-0.037624,-2.077544,-0.584461,-0.158762,0.745398,1.341779,-3.174936,-0.127305,-0.65413,0.042693,0.676995,1.384918,1.981429,-1.290457,-1.009365,0.241491,2.010931,-0.615652,0.713062,-1.13428,-1.947767
TRAIN_0150,CAS1,Fulvestrant,4.044964,0.65156,-0.926777,0.862617,2.056166,-1.248912,-0.064999,2.313712,0.221253,0.33094,0.793526,-0.851333,-0.5292,0.539614,-2.021468,-1.587338,-1.065588,-1.005539,-0.368599,-1.033018,-1.972169,1.209871,0.375019,0.618343,-1.229042,-1.132134,-0.038806,-0.63239,0.475263,0.513132,-0.117323,-0.551657,1.839249,0.93508,-1.031397,0.754668,-1.511043,0.257276,-2.798081,-1.892593,-0.668787,0.377598,0.241671,0.018682,-1.331795,-1.748584,-0.536222,-0.604859,0.884266,0.184357,-2.273645,0.049877,-0.35064,0.384688,0.32317,1.012407,1.032323,-1.297242,0.197774,-0.809043,0.842939,-0.135307,-0.358003,-1.667498,-1.138818
TRAIN_0151,TE4,AZD6738,1.954735,-0.085087,-0.700835,0.245553,1.118446,-0.768733,0.549332,0.591888,1.282703,0.21963,0.880162,-0.715023,-0.198751,-0.44647,-1.064459,-1.407269,-0.651342,-1.416467,-0.989115,-1.240606,-0.565537,0.962897,-0.264021,0.381422,-0.228987,0.230044,-0.39805,-1.885636,1.478262,0.657348,-0.137495,-1.113241,1.953066,0.399296,-0.097103,-0.103205,-0.434453,-0.83835,-1.314308,-0.304488,-0.148214,-0.27502,0.184134,-0.377286,0.119699,-1.400575,-0.852694,-1.308942,0.769866,0.142173,-1.736439,0.306868,0.264046,-0.546351,0.530379,0.804624,0.001197,0.484577,-0.435759,0.542679,1.016648,-0.380247,0.183112,-0.593868,-1.483824
TRAIN_0152,SW837,Dinaciclib,-0.577489,-0.188629,0.127661,0.290354,1.614739,-0.267341,-0.513147,1.17177,0.675319,0.312158,-0.102414,0.352107,-0.626375,0.275642,-2.583104,-2.22457,-0.85091,-1.602627,0.23056,-1.171553,-0.580267,0.979542,-0.189355,0.195915,-2.054085,-0.236953,-0.080909,-2.47327,0.730457,-1.198812,-0.834862,-0.297529,1.801134,0.076356,1.002574,-0.646197,0.657305,-1.143869,1.234096,0.545156,0.080164,-0.118801,0.336212,0.468281,0.167054,0.887145,0.185432,-0.396048,-0.324964,-0.354187,0.74589,-0.664908,-0.134457,0.547165,0.058747,-0.974601,-1.849437,0.557091,0.162017,-0.369697,-1.071274,0.480815,0.177241,0.846691,1.135216
TRAIN_0153,SUDHL4,Paclitaxel,-4.96616,0.773681,-0.042611,1.042142,0.375812,-0.315646,0.309555,-0.148861,-0.284721,0.351754,-0.358313,-1.103972,0.738847,-0.595383,-0.710739,-0.689221,-1.641246,-0.558635,0.356063,-0.203846,-0.140832,0.42123,0.261518,-0.31633,-1.303048,-0.877283,-0.684513,0.021844,-0.599646,-0.115004,-0.255355,-0.303796,1.459007,0.729463,1.66533,-0.65524,0.499719,-0.710878,0.688747,0.632163,-0.139596,-0.932565,-0.241542,0.34858,0.114116,0.745965,0.60966,-0.042082,-1.069794,0.367661,1.423115,0.599018,1.056196,0.308685,-1.096228,-0.937587,-0.246503,0.496697,0.727361,0.311413,-1.249306,0.085521,0.520437,1.053824,0.714308
TRAIN_0154,FLO1,AGI-5198,4.515749,-0.194716,0.51671,0.396095,0.840564,-0.091368,0.079526,1.714528,1.285936,-0.523493,-0.265923,-0.545909,-0.210728,-0.304787,-1.878908,-1.090576,-0.435865,-0.724894,-0.14925,-0.779785,-1.495784,1.51781,0.352379,-0.87367,-1.507531,-1.146699,-0.243828,-0.884133,-0.449849,-0.900538,-0.71547,-0.336756,1.390357,-0.734819,-1.544505,1.000128,-2.163449,0.258151,-3.102505,-2.813496,0.060358,0.4857,0.360389,-0.493062,0.126102,-1.308109,-0.68762,-1.432904,2.261248,1.278248,-2.506691,1.123973,-0.8254,-1.899178,0.492799,2.33602,0.583517,-1.197911,-0.424214,0.216269,1.170468,-0.647719,-0.54604,-2.289912,-1.599625
TRAIN_0155,NCIH522,Venetoclax,2.901927,0.987091,-0.639445,0.495138,0.962102,-0.413232,0.287451,1.538931,2.025051,-0.344745,0.540017,-0.382662,-0.756832,0.1986,-1.23517,-1.56496,-0.925451,-1.414911,0.070387,-0.816886,-0.7312,0.70791,-0.372211,0.135652,-2.256548,-0.928684,-0.235643,-1.480268,0.449215,-0.645062,-0.551924,-0.351805,2.60324,0.539926,-0.317065,0.237162,-0.3984,0.574361,-1.305218,-1.522368,0.019091,0.41263,-0.509114,0.111238,-0.048298,-0.701624,-0.310475,0.077001,0.571087,0.31567,-1.300853,-0.089682,0.42843,-1.444992,0.820706,0.334153,0.207075,-0.393762,-0.938077,-0.200956,0.185192,-0.410206,-0.518114,0.109048,0.150823
TRAIN_0156,AM38,Entospletinib,2.970368,1.162228,-0.04979,1.093822,1.219316,0.848104,0.695414,1.104809,1.083172,-0.04276,1.106655,-0.843195,-0.019508,0.717561,-2.368706,-1.93434,-1.457312,-0.923112,0.603388,0.044354,-1.062318,1.955198,-0.8658,-0.799126,-1.136826,-0.231726,0.069997,-1.929678,0.247891,-1.119784,0.107776,-0.285081,0.971911,-0.460445,-1.155298,1.828462,-0.691748,0.688008,-1.794165,-1.13593,0.799578,0.597705,-0.485857,-0.094858,-0.745593,-2.181326,-1.165328,0.727405,1.250517,0.565312,-2.583247,-0.559369,-0.840264,-0.03808,0.851334,1.452532,1.410976,-1.23439,0.34811,0.054134,1.794322,-0.314834,-1.102193,-1.611507,-2.230498
TRAIN_0157,SKMM2,SB590885,5.084904,-0.149201,-0.320869,0.397506,0.483481,-0.701326,-0.596245,2.138877,0.786792,-0.091672,-0.260748,0.179805,0.231166,-0.781288,-2.075547,-1.305387,-0.18414,-1.251291,0.130227,-1.116356,-1.216555,1.91839,-0.58883,0.561219,-1.673807,-0.914024,0.509182,-0.575489,0.764017,-1.198767,-0.495643,-0.130336,1.688728,0.022232,-1.220681,1.190029,-2.142777,1.079996,-2.117629,-1.058573,-0.006555,1.17461,0.322935,0.412665,0.186103,-1.83825,-1.700955,0.287045,1.661331,0.145436,-2.103822,-0.331454,0.023763,-1.621418,0.690015,1.471381,1.738082,-1.044918,-0.08715,0.419404,1.260494,-0.584303,-0.33748,-2.291022,-1.949503
TRAIN_0158,SNU81,Schweinfurthin A,2.991168,0.432251,-0.168425,1.204088,1.42959,-0.429477,0.303858,1.535289,0.341728,0.139037,0.603551,-0.431342,-0.34601,-0.309355,-2.05072,-1.609182,-0.622476,-0.309712,0.402192,-0.42059,-1.314312,1.896975,-0.012098,0.069778,-1.337274,-0.985641,0.357053,-1.095064,0.099884,-0.007731,-0.897533,-0.773207,2.24378,-0.267055,-0.042644,0.491052,-0.123102,-0.499507,-0.040935,-0.726426,-0.473982,0.065581,1.308064,-0.238521,-0.278832,-0.667047,-0.352309,-0.568633,0.479859,0.6705,-0.523728,-0.430424,-0.320889,-0.537186,0.262695,1.06339,0.285212,-0.368177,0.769407,0.566034,0.663789,0.794012,0.173206,-1.420522,-0.045633
TRAIN_0159,OCIAML2,Pictilisib,1.587021,0.097937,0.008442,0.227738,0.908005,0.25897,0.975812,1.527215,0.245862,-2.04437,0.76408,-0.394605,-0.525779,-0.134262,-0.736991,-0.156964,-0.930678,-0.810781,0.255947,0.06769,-0.058398,-2.7e-05,-0.549748,-0.235188,-0.262574,0.596585,-0.993939,-0.419378,-0.565473,-0.987378,0.405166,0.110769,0.722009,0.328966,0.14286,1.224368,-0.477249,-0.180723,-0.442156,-1.079718,-0.264118,0.781909,0.003427,-0.648293,-0.859974,-0.540686,0.295847,0.388231,0.459439,1.135775,-0.726188,0.054571,-1.430884,-0.48238,0.659771,1.175996,-0.059212,-0.089596,0.405268,0.132202,-0.768818,-0.05948,0.309762,-0.896517,-0.584229
TRAIN_0160,CHP126,WIKI4,2.627742,0.009648,0.424146,0.14599,1.968346,0.176713,-0.406194,2.172925,0.228915,0.045739,0.525598,0.329758,0.458041,0.183663,-1.702463,-0.965247,-0.728479,0.304881,0.286017,-0.811851,-0.886276,0.342017,-0.642252,0.646999,-1.315686,-0.90067,0.345187,-0.204697,0.619806,0.081828,-0.580519,-1.127841,2.034151,0.531977,-0.633295,1.485634,-1.362499,-0.121192,-2.127088,-1.035389,0.735467,0.622773,0.352062,-0.785564,0.150946,-2.068678,-0.423861,-1.097135,1.714756,0.550669,-2.390419,0.713273,-0.731963,-0.393026,0.556742,0.308895,0.565103,-1.167096,0.333368,0.82631,1.918449,0.283311,-0.47796,-1.349111,-1.562446
TRAIN_0161,HDLM2,KU-55933,2.739304,-0.13587,0.84449,-0.119228,1.319862,0.315369,-0.815801,1.362671,1.086281,-0.371395,1.870636,-1.207072,0.154732,0.108233,-1.153079,-1.166867,-0.818881,-0.700221,-0.676171,-0.428789,-0.986975,1.498295,0.347445,0.238129,-1.07202,-0.878435,-0.266884,-0.33249,1.020378,-0.602208,-0.211636,-0.936319,2.076347,0.6512,-1.924108,1.094582,-1.852892,0.768166,-2.529505,-2.139963,-0.454233,1.248724,-0.197944,-0.921249,-1.090903,-2.090494,-0.416727,-0.682696,1.717043,1.115219,-3.459598,0.754084,-0.592769,-0.748792,0.690625,1.162566,1.489788,-0.454609,-0.040872,0.251093,0.81652,-1.57143,0.375053,-2.163908,-1.986113
TRAIN_0162,NCIH596,5-Fluorouracil,4.649583,0.487836,-0.368485,1.006188,1.394587,0.55169,0.48783,1.205193,0.837155,-0.816133,0.403888,0.516741,-0.640676,0.433069,-1.72955,-2.303604,-1.015383,-1.66186,-0.11446,-2.374295,-1.204181,2.559338,-0.162124,-0.637538,-1.81087,-0.798555,-0.39283,-0.773198,0.797898,-1.205655,0.057594,0.134361,2.887716,0.085552,-0.949544,1.867379,-1.815268,0.418338,-1.833333,-2.873408,-0.076525,1.740047,0.779983,0.1035,-0.634947,-2.457334,-1.277339,0.14578,1.127494,0.519342,-2.781308,0.863376,-0.794543,-0.971991,-0.00748,0.599404,1.273927,-1.807113,0.630836,-0.578981,0.930372,-0.645153,-0.43577,-2.060905,-2.110364
TRAIN_0163,PL21,PCI-34051,3.014248,-0.169147,-0.643327,0.55971,1.049784,0.08751,-1.119599,0.325803,0.354119,0.017898,0.644503,-0.150673,-0.058519,0.158762,-0.577047,-0.672864,-0.237465,-0.621128,0.191728,-0.194259,-0.545262,0.89506,0.562813,0.165048,-1.009482,0.180078,-0.62977,-1.094075,0.34855,-0.030574,-0.762765,-0.480694,0.587487,0.007519,-1.838709,0.763925,0.609651,0.788156,-2.185715,-2.084789,1.047612,1.5356,1.169596,0.76216,-1.141534,-2.528825,-1.462924,-1.086948,1.57304,0.175347,-1.317453,1.385009,-0.517336,0.073936,1.560688,1.151086,0.238701,-1.229384,-0.735126,0.545507,1.347019,-0.608214,0.013978,-2.083277,-1.391319
TRAIN_0164,BICR22,Mitoxantrone,-2.694619,-0.546099,0.652473,0.774776,1.024717,-0.02183,-0.724548,2.314212,0.594956,-0.269739,0.737827,-0.079746,-0.209907,-0.228026,-1.086463,-0.251015,0.284134,0.096663,-0.038443,-1.122304,-1.038884,1.040718,0.39107,-0.799566,-0.219816,-0.455207,-0.136786,-1.301461,-0.567797,-0.003494,-0.16492,-1.060798,0.632502,0.151128,0.719238,0.361616,0.48224,0.538457,-0.821901,-0.343594,0.054225,0.190289,0.49024,0.182696,-1.52446,-0.933163,-1.228428,0.001462,0.318111,0.205929,-0.809462,0.397733,0.286053,-0.754278,-0.618528,0.192912,1.070204,0.692791,0.223825,-0.302994,0.626019,-0.315902,-0.418504,-1.279062,-0.172709
TRAIN_0165,KARPAS299,Uprosertib,4.679285,-0.049906,-0.272837,-0.012159,0.06196,-0.046738,0.173002,1.064448,0.802135,-0.07774,0.010895,0.183017,-0.916755,-0.326689,-1.45982,-0.341436,0.184055,-0.273922,0.696551,-0.903658,-0.547415,0.686385,0.308065,-0.023104,-0.920543,-0.007735,0.494768,-0.922351,0.161451,-0.836157,-1.398091,-0.207253,1.251,-0.484458,-0.113664,1.309084,-0.393676,0.243803,-1.573191,-1.750486,0.668881,0.831331,0.432499,0.743707,-0.564513,-1.347279,-0.461904,-0.867817,0.824391,0.544933,-1.694045,0.935986,-1.089935,-0.026572,0.86188,0.611087,0.346683,-1.769065,-0.666162,0.811316,0.819292,0.165291,-0.471194,-0.607383,-1.397745
TRAIN_0166,SKCO1,GSK1904529A,4.914366,-0.773338,0.543776,0.519432,0.807971,0.275178,0.608929,-0.366365,0.719902,-1.020892,0.605003,-0.239635,0.01275,-0.091107,-2.190068,-1.35523,-0.164948,-0.15584,-0.380043,-0.081344,-1.249179,1.141416,-0.40286,0.135325,-0.487457,-0.970149,-0.267284,-0.66157,1.446923,-0.825092,0.828969,0.608015,1.164828,-0.308962,-1.628104,1.439522,-1.13297,0.22687,-2.629038,-1.522252,0.544029,1.563544,-0.415828,-0.142745,-0.931736,-1.978431,-1.06392,-0.631826,0.996467,-0.289764,-3.375995,0.362488,-0.724151,-1.232106,1.469229,0.932115,1.938533,-0.29659,-1.383885,0.483752,1.088737,-2.088837,-0.967555,-1.073875,-0.570454
TRAIN_0167,NCIH1694,Bleomycin,3.508241,0.29091,0.065084,-0.418976,0.105114,-0.026432,0.046531,2.377543,0.732874,0.009894,0.364505,-0.246202,0.436843,-0.855853,-1.423238,-0.401775,-0.338032,-0.037609,-0.046879,-0.789628,-1.18647,0.139885,-0.776442,-0.490906,-0.802802,-0.027718,0.25652,-0.568554,0.238007,0.089243,-0.244118,-0.483701,1.445279,-0.395806,-1.173254,1.804493,-0.520457,-0.605121,-0.838049,-0.481123,0.019135,0.75257,0.131583,0.892448,-0.642473,-1.126727,-0.798183,-1.090301,1.953611,-0.311958,-1.320537,-0.607375,-0.512007,-0.338297,0.083972,1.129996,0.621158,-0.100934,0.429973,-0.024572,0.829963,-0.297094,0.159023,-0.890534,-0.875545
TRAIN_0168,ZR7530,Telomerase Inhibitor IX,3.050474,0.524651,0.256856,1.020669,2.598321,-0.486905,0.33309,2.140256,0.594937,0.42765,-0.148576,-1.021852,-0.969252,1.594831,-1.79043,-1.681685,-0.957019,-0.212956,0.62663,-0.789847,-1.898647,2.03887,-0.443778,-0.009742,-1.70177,-0.58288,0.140441,-0.865813,-0.954401,-0.590743,-0.051829,-0.273709,2.575534,0.357564,-0.108294,0.865657,-0.12196,-0.206118,-0.398014,0.222404,-0.952083,0.021073,0.729839,-0.281788,0.705741,0.376841,-0.193689,-0.387248,0.092646,1.409125,0.543076,0.135146,-0.390164,-0.092809,0.258657,-0.391194,0.248213,0.473591,-0.968804,0.487348,0.905487,-0.3874,0.805583,-0.592495,-0.046877
TRAIN_0169,PANC0327,EHT-1864,3.174791,-0.828361,-0.502996,0.326118,1.597427,-0.091515,-0.284267,1.348765,0.16935,-1.151365,0.828703,-0.0507,0.39271,-0.187436,-1.294943,-1.621613,0.112866,-0.357899,0.375189,-0.948734,-0.731111,1.580792,-0.535908,-0.605969,-1.366519,0.290696,0.668401,-1.54357,-0.261578,0.12207,-0.818054,-0.26154,1.280983,0.621541,-1.200255,0.940078,-1.179193,1.824069,-1.493099,-1.116999,-0.238883,0.887755,-0.217211,0.283271,-0.262468,-2.195937,-0.754822,-0.933686,1.243664,-0.049861,-1.934308,0.733328,-0.452018,-0.943402,0.777503,1.487783,0.475416,-0.796956,0.31711,0.652854,1.106795,-0.20959,0.021106,-0.845632,-2.333701
TRAIN_0170,KP4,Rapamycin,-1.197739,0.888766,0.294228,0.495345,0.659543,0.14646,-0.166631,0.029098,0.969246,-0.365663,1.009811,-0.896621,-1.939078,0.321756,-1.29505,-2.144317,-0.912691,0.614878,0.083845,-0.318325,-1.388892,0.058583,-0.255154,-0.081949,-1.272872,-0.467278,0.215666,-0.941836,-0.349077,-0.20923,-1.194351,-1.478305,1.764483,-0.945214,0.557126,-1.2403,0.678786,-0.112552,1.778403,0.072486,0.331753,-0.410368,0.407815,-0.14393,-0.478802,0.311055,-0.198081,0.525475,0.080814,-0.496244,1.411374,-0.963337,0.329724,0.755402,-1.104593,-0.743338,-0.221401,-0.944799,0.860091,-0.029243,-0.248533,0.09174,-0.745861,0.955294,0.702878
TRAIN_0171,OCIAML3,Podophyllotoxin bromide,-2.25612,0.638759,-0.289476,0.016105,1.639405,-0.207312,0.283546,0.569892,-0.648735,-1.190786,-0.094794,0.361753,0.227019,0.543867,-1.180104,0.188949,-0.684224,-0.257043,0.107592,-0.412782,0.16249,0.173393,-0.755823,0.03423,-0.711185,1.49334,0.378058,-0.617705,-0.393236,-1.155684,-0.617284,-0.158452,1.378355,0.140031,0.972054,-0.436908,-0.37429,-0.078027,0.738552,-0.572516,0.704447,-0.16993,-0.386633,-0.786953,0.387476,0.082423,0.167151,-0.398062,-0.279672,-0.282337,0.150042,-0.371603,-0.723333,1.44117,-0.751209,-0.026426,-0.991838,-0.903161,0.08405,0.049541,0.519896,0.254223,-0.053808,-0.349084,0.885434
TRAIN_0172,MFE296,Acetalax,0.740342,0.146331,0.264333,0.923442,1.976335,-0.299448,0.063427,1.381517,1.806556,-0.883218,1.603842,-0.453348,-1.160896,0.929852,-1.880775,-1.326804,0.040693,-0.85997,0.023127,-0.434616,-1.434399,1.8319,-1.306234,0.292094,-1.766712,0.27361,0.424231,-1.04938,0.624831,-1.109417,0.515293,0.384404,2.078209,-1.203424,-1.580695,1.614692,-1.426983,0.044547,-2.722334,-2.139077,0.350214,1.80476,0.724363,0.098356,-0.668336,-1.69667,-1.852052,-0.771603,1.773048,0.851673,-2.135351,0.601507,-0.637423,-0.679485,0.380623,1.022252,1.335736,-1.089275,-1.346062,0.691725,1.753255,-0.71004,0.927096,-1.891615,-1.856615
TRAIN_0173,T24,Sepantronium bromide,-2.787616,0.910607,-0.442799,1.24142,1.829493,-1.423142,-0.102049,1.495903,1.094197,-0.032953,0.681267,0.334081,-0.590386,0.572712,-1.655837,-1.904341,-0.215522,-1.386941,0.126783,-1.633097,-1.398653,1.739372,0.346741,0.468217,-1.675143,-1.174737,0.335756,-0.682863,0.781769,-0.103929,-0.419749,-0.880626,1.624231,-0.612721,1.449798,-1.295803,1.550825,0.273216,3.442951,1.987283,-0.091408,-1.065979,-0.116874,0.820216,0.34301,1.351009,0.063627,0.815471,-1.159087,-0.739907,2.652311,-0.604138,0.399944,0.813057,-0.917695,-1.133101,-0.554274,0.447081,0.619464,-0.315882,-1.106862,1.017361,0.249931,1.582561,1.809431
TRAIN_0174,KU812,Sinularin,1.594448,0.1329,-0.889887,0.318218,0.505652,-0.007065,-0.341593,2.08157,0.944002,-0.783738,0.303037,-0.463387,-0.667419,-0.586818,-0.441928,-0.933943,0.290525,0.148547,0.795037,-0.738491,-0.248052,0.820309,-0.314741,-0.362661,0.314745,-0.073482,0.356134,-0.8069,-0.480428,-0.491303,-0.162333,-0.739056,0.632133,0.380129,-1.312002,0.869918,-1.757268,0.670262,-1.86935,-1.716081,-0.304857,0.150508,0.681486,-0.066841,-0.223237,-2.03547,-1.522422,-0.024655,1.182154,0.831045,-2.129475,0.237562,-0.066322,-0.377351,1.070643,0.98484,1.330184,-0.36724,-0.392022,0.107113,1.742904,-0.853544,0.110812,-1.2444,-2.234686
TRAIN_0175,JHH6,Mitoxantrone,0.685652,0.557343,0.086558,0.584058,0.771082,-0.476097,0.137217,1.602889,0.728005,-0.027527,0.245792,-1.285399,-0.596878,0.026284,-2.60523,-2.000875,-0.377906,-1.128022,0.502037,-0.100427,-1.73789,1.764793,-0.505026,-0.348281,-1.872707,-0.843179,0.302767,-0.102082,0.058682,-0.874509,-0.355092,-0.469481,2.186222,0.151128,0.719238,0.361616,0.48224,0.538457,-0.821901,-0.343594,0.054225,0.190289,0.49024,0.182696,-1.52446,-0.933163,-1.228428,0.001462,0.318111,0.205929,-0.809462,0.397733,0.286053,-0.754278,-0.618528,0.192912,1.070204,0.692791,0.223825,-0.302994,0.626019,-0.315902,-0.418504,-1.279062,-0.172709
TRAIN_0176,PF382,UNC0379,2.345126,0.284868,0.31792,0.149697,1.577301,-0.515947,0.206549,1.539213,-0.289044,-0.416123,0.853615,0.337321,-0.328253,-0.241346,-0.518277,-0.30639,-0.875115,-1.129338,0.276257,-0.158128,-0.884921,1.10281,-0.47263,-1.022185,-0.953817,-0.251844,-0.080163,-1.178624,-0.712199,-0.569797,0.296943,0.31479,1.558338,-0.013534,-1.250915,0.261235,-1.342215,-1.087525,-2.20022,-1.404406,0.333798,0.016359,0.297687,-0.645751,-0.73178,-1.239572,0.228781,-0.472351,0.734384,0.465846,-1.436636,0.660889,0.955216,-1.089538,0.787443,1.889147,1.749954,-1.882378,-0.335991,1.100413,2.500054,-0.166172,-0.384661,-1.70074,-0.183934
TRAIN_0177,BXPC3,AZD3759,1.685169,0.912948,-0.381559,0.62676,1.129666,-0.42646,-0.363784,1.522069,0.446317,0.20841,0.037465,-0.507492,-0.635988,0.939678,-1.611209,-1.025265,-1.245175,-0.771424,0.72559,-0.770163,-0.729131,1.05089,0.502946,1.209784,-1.454409,-0.709149,0.8258,-0.238609,0.07425,-0.746755,-0.401516,-1.209841,1.195656,-0.072685,-0.864889,1.294764,-1.309489,0.03204,-2.697501,-0.169229,-0.38159,0.739807,0.083044,-0.139261,0.169928,-0.318313,-0.436071,-0.031976,0.989499,0.77695,-1.60746,0.790633,0.254704,0.01295,0.147322,0.720497,0.846571,-1.340406,0.556129,0.252403,0.903349,-0.662484,-0.80834,-1.165477,-0.824003
TRAIN_0178,RAJI,AMG-319,3.550582,0.548901,0.073268,-0.15879,1.181644,-0.192037,-0.026657,0.413755,0.518502,-0.480086,-0.072889,0.102343,-1.034884,0.4206,-0.750646,-1.425116,-0.73135,-0.690054,0.32052,-0.595102,-0.589944,1.718686,-0.382825,-0.819017,-0.400872,0.530699,0.259744,-1.201336,0.152657,-0.902354,0.154809,-1.019347,0.907979,0.279261,-2.041372,1.592153,-2.056416,0.342497,-2.932861,-1.434402,-0.365831,-0.056932,0.144996,0.064397,-0.366138,-1.555606,-0.838648,-0.958528,0.39003,0.386063,-2.07564,0.280003,-0.551463,-0.783608,0.390807,1.825988,2.18646,-1.319081,-1.018715,0.453272,0.320725,-0.535377,-0.046566,-0.787208,-1.85403
TRAIN_0179,HS766T,5-Fluorouracil,7.700188,0.10628,-0.308864,1.378682,2.28454,-0.968887,-0.106697,0.915876,0.949217,0.382561,0.180539,-0.976178,-0.17979,-0.479524,-2.624349,-1.782531,-0.995425,-1.339753,0.751166,-0.884568,-1.570239,1.598437,-0.087321,0.019592,-1.489757,-0.90515,0.04252,-1.883411,0.435697,-1.130045,-0.908891,-0.596502,2.340755,0.085552,-0.949544,1.867379,-1.815268,0.418338,-1.833333,-2.873408,-0.076525,1.740047,0.779983,0.1035,-0.634947,-2.457334,-1.277339,0.14578,1.127494,0.519342,-2.781308,0.863376,-0.794543,-0.971991,-0.00748,0.599404,1.273927,-1.807113,0.630836,-0.578981,0.930372,-0.645153,-0.43577,-2.060905,-2.110364
TRAIN_0180,KYSE180,Pevonedistat,0.233863,0.197702,-0.614301,0.403936,1.249395,-0.496171,-0.286171,0.665528,1.111314,-0.484722,1.116412,0.431234,-0.375325,-0.330283,-2.418362,-1.976022,-1.091133,-0.038866,0.283817,-0.457955,-2.125483,0.454638,0.281235,0.191932,-1.097821,-0.108923,0.897639,-0.937944,0.304766,-0.335487,0.986363,-1.482231,1.673172,-0.682816,-0.490825,1.152252,-0.778952,-0.043693,-0.835052,-0.66123,0.146066,0.914007,0.277556,-0.435219,1.289514,-0.388409,-0.496842,0.572798,0.071261,0.930856,-0.94532,0.808764,-0.01087,0.449711,1.127824,-0.268064,0.90728,-0.947214,-0.613039,-0.305879,0.534017,-0.122104,-0.137274,-0.246915,-0.050385
TRAIN_0181,JHOS2,GSK2606414,3.584512,1.03523,-1.322641,-0.680776,0.957641,0.363302,-0.968159,-0.253763,0.893066,-0.249792,-0.115632,-0.859596,-0.853528,0.246797,-1.827647,-1.118356,-1.872402,-1.23015,-0.314279,-0.846932,-1.386957,1.559081,-1.108385,0.076199,-0.848615,0.497408,-0.15308,-0.748859,-0.604541,-1.671424,0.191492,-0.479071,2.055459,0.197984,-1.542525,1.000219,-0.84876,-0.228533,-2.916238,-2.171729,-0.35915,1.146113,-0.506039,-0.28182,-0.036804,-1.490398,-1.019835,-0.433783,1.268139,0.282675,-2.131038,1.490066,-0.03778,0.462585,0.454295,1.142069,0.403919,-1.368991,0.595691,0.119583,2.08048,-1.172222,-0.740045,-1.441724,-1.40624
TRAIN_0182,EKVX,Docetaxel,1.64911,0.518361,0.569577,0.020985,1.517348,-0.348595,-1.118541,1.914924,1.804041,-0.584972,0.803457,-1.217816,-0.898847,0.119273,-2.585393,-1.546821,-0.434281,-1.840262,0.5218,-0.902499,-1.221093,2.649093,-0.79389,-0.319785,-2.435739,-0.807428,0.373858,-0.966091,0.438507,-0.921689,-0.294064,-1.180692,3.393939,-0.201625,0.798306,-0.119953,1.481924,0.207791,2.54287,1.570925,0.270332,-1.51689,-0.066681,0.022527,1.135359,1.919822,0.393656,0.640019,-0.957178,-0.111218,1.226762,-0.139139,0.26514,0.807835,-0.964551,-1.307825,-0.330173,0.30066,-0.184375,-0.352008,-1.346629,0.02936,0.235369,0.336949,0.674003
TRAIN_0183,SKPNDW,GNE-317,-0.180839,0.242385,0.196472,1.12132,1.421836,-0.84232,-0.020621,1.262871,0.744117,-0.580534,1.764369,-0.901029,-0.80539,0.253849,-0.025309,-1.395116,-0.451402,-0.035036,0.169063,-0.68162,-0.517133,0.966424,0.387336,0.683983,-0.653497,-0.16248,0.169884,-0.407375,0.240386,-0.340515,0.433094,0.417243,0.295381,1.022729,0.416223,0.760958,-0.426995,0.161638,-1.098397,-0.048255,0.181356,0.177219,0.552009,-0.62981,0.749939,0.119473,-0.19667,-0.177617,0.477259,0.837447,-0.34438,0.144659,-0.077257,0.73928,-0.047335,0.216344,0.940464,-0.114605,0.49922,-0.381388,0.116022,0.63481,-0.379785,-0.323634,-0.139786
TRAIN_0184,NOMO1,GSK2606414,3.113165,0.990701,0.313334,0.208348,1.86663,-0.910879,-0.836131,0.864287,1.567386,-0.370562,0.219707,-0.986872,0.205721,0.61543,-0.703335,-1.304397,-0.676003,-1.227741,0.222257,-1.061243,-1.399112,0.629169,-0.374132,-0.23024,-0.584322,-0.272852,-0.080429,-0.568953,-0.280182,-0.292017,-0.092078,-1.096793,1.560715,0.197984,-1.542525,1.000219,-0.84876,-0.228533,-2.916238,-2.171729,-0.35915,1.146113,-0.506039,-0.28182,-0.036804,-1.490398,-1.019835,-0.433783,1.268139,0.282675,-2.131038,1.490066,-0.03778,0.462585,0.454295,1.142069,0.403919,-1.368991,0.595691,0.119583,2.08048,-1.172222,-0.740045,-1.441724,-1.40624
TRAIN_0185,NCIH1734,PCI-34051,4.505257,0.662254,-0.299682,0.905515,0.415199,-0.700321,0.192861,0.9732,0.267505,0.142551,0.045936,-0.398676,0.399549,0.925465,-0.446509,-1.252411,0.253075,-1.127034,-0.250985,-1.760259,-0.0735,0.512314,-0.208732,-0.411654,-0.570369,-0.538558,-0.580942,-0.520743,-0.474806,-0.805689,-1.24138,-1.099653,1.28267,0.007519,-1.838709,0.763925,0.609651,0.788156,-2.185715,-2.084789,1.047612,1.5356,1.169596,0.76216,-1.141534,-2.528825,-1.462924,-1.086948,1.57304,0.175347,-1.317453,1.385009,-0.517336,0.073936,1.560688,1.151086,0.238701,-1.229384,-0.735126,0.545507,1.347019,-0.608214,0.013978,-2.083277,-1.391319
TRAIN_0186,C32,ICL-SIRT078,6.44983,0.186311,-0.330999,0.785395,1.677968,0.097008,0.772855,1.477995,0.362093,-1.155345,0.172717,-0.476242,0.435307,-0.018796,-1.785947,-1.71921,0.036447,0.258808,0.046277,-1.145416,-0.878826,1.794767,0.699399,0.358947,-1.592897,-0.244662,0.664379,-0.731464,0.626303,-0.062454,0.295308,0.094228,2.161686,-0.184983,-1.727034,0.492613,-1.731669,-0.159783,-2.548564,-1.718015,-0.054011,0.777508,0.107994,0.254148,-0.466774,-1.515251,-0.64558,-0.314786,2.072131,-0.111708,-2.535129,1.304169,-0.630704,-2.290089,0.69598,1.41162,-0.094414,-0.42715,-0.759987,0.596161,1.158862,-1.268892,-0.777304,-1.909909,-1.016701
TRAIN_0187,MHHCALL2,AZ960,1.208699,1.30401,0.037395,0.206325,1.140368,0.023501,0.098397,1.928785,0.194201,-0.361834,0.292838,0.335423,-0.954602,-0.878178,-1.120668,-1.562642,-0.455492,-0.186596,-0.309525,-1.105952,-0.575869,1.064871,-0.94509,0.439309,-0.207265,0.241706,0.657192,0.603433,-0.015632,-0.20487,-0.334318,-0.259129,1.567175,0.387802,-0.918437,0.171306,0.0994,0.617192,-0.776499,-0.400585,0.347506,1.450473,0.124428,0.219476,-0.905509,-1.296601,-1.030859,0.361581,-0.644137,0.00432,-2.551109,-0.22185,-0.475744,0.287653,0.564082,0.199942,1.089865,-0.492916,-0.166118,-0.403248,0.088345,-0.699083,-0.087789,-0.622619,0.056744
TRAIN_0188,NCIH2347,Pevonedistat,4.228881,-0.063379,-0.771767,1.33959,2.276673,0.327187,-0.337416,1.78965,0.973803,-1.427393,0.199666,-0.166301,-0.219385,0.522201,-3.554566,-2.608002,-1.404238,-0.837867,0.15062,-1.821433,-1.97372,1.743654,0.423964,-0.272321,-2.705755,-1.842984,0.140793,-1.901641,-0.185444,-0.251126,-0.077102,-0.861352,3.290295,-0.682816,-0.490825,1.152252,-0.778952,-0.043693,-0.835052,-0.66123,0.146066,0.914007,0.277556,-0.435219,1.289514,-0.388409,-0.496842,0.572798,0.071261,0.930856,-0.94532,0.808764,-0.01087,0.449711,1.127824,-0.268064,0.90728,-0.947214,-0.613039,-0.305879,0.534017,-0.122104,-0.137274,-0.246915,-0.050385
TRAIN_0189,NCIH226,AT13148,6.751164,0.907178,0.186648,0.88733,2.010256,-0.669886,-0.367657,1.956188,0.957867,-0.997045,1.916307,-2.11636,-0.822902,1.243713,-2.950718,-2.338436,-0.835168,-1.927936,-0.62631,-1.326567,-2.610871,1.906869,-0.604882,0.978725,-1.040237,-0.748293,-0.057783,-2.40036,0.825646,-0.053996,-0.582817,-2.136627,3.250644,0.189418,-1.592353,0.725207,-2.103474,0.132005,-2.305007,-1.309178,-0.095581,0.852748,0.021528,-0.292769,-0.290528,-1.603634,-0.410035,-0.566252,0.98612,0.287,-2.293721,0.175994,0.592634,-1.199819,0.53249,0.938627,0.899261,-1.087352,-0.199995,-0.491253,1.59005,-0.209997,-0.825349,-2.349653,-1.802358
TRAIN_0190,MHHNB11,Vorinostat,0.405494,-0.380176,-0.511897,1.069774,1.406366,-0.319372,0.289404,1.100021,1.201795,-0.239045,0.832129,1.048271,0.024954,0.167066,-0.764798,-1.197805,0.863061,-0.506045,0.048477,-0.952243,-0.282572,1.296171,-0.381553,0.327968,-1.592784,-0.2279,0.291659,0.176271,-0.1643,-0.99267,-0.619384,-1.022406,1.758449,-0.166221,-0.249184,0.213988,-0.378693,0.798273,-1.977208,-0.237538,-0.675236,0.967869,-0.236432,-0.664228,0.203414,-0.526086,-0.844379,-0.847133,0.412592,-0.43746,-1.375184,0.213038,-0.66738,-0.110957,1.038048,0.419543,0.511133,0.607086,-0.741905,0.754284,1.002688,0.197647,0.556948,-0.389617,-0.864415
TRAIN_0191,SU8686,RO-3306,6.84637,-0.089051,-0.138621,1.477262,2.074998,0.462062,0.358422,2.470165,1.048771,-0.607486,1.096958,-0.806589,-1.555061,0.564892,-3.08711,-2.754398,-0.740946,-1.382407,-0.291881,-1.11397,-1.378253,1.367457,0.338684,-0.691088,-0.819061,-0.92309,0.218997,-2.46295,0.464077,-0.677361,-0.427514,-1.07455,1.967897,0.193772,-2.179067,0.6347,-1.36296,-0.185541,-2.489959,-1.317448,0.720044,0.328771,-0.100026,-0.492167,-1.540143,-1.546873,-0.320261,0.004312,0.72127,-0.249878,-1.918233,0.769234,-0.343914,-0.596004,1.240183,0.758503,0.908978,-0.10093,-0.436731,-0.271216,0.732717,-0.99338,-0.024558,-1.658473,-1.173316
TRAIN_0192,PC14,Vismodegib,5.22742,0.508683,-0.232403,1.267306,0.500963,-0.566645,0.569087,1.353543,1.06833,0.642727,0.095602,-0.427614,-0.516056,-0.779955,-1.715643,-0.966288,-0.188299,-0.516509,0.068541,-1.06862,-0.517227,0.946704,-0.037099,0.136742,-0.431146,0.041715,-0.557162,-1.532511,0.595869,-0.522041,-0.465487,0.017071,1.604422,-0.95319,-1.574201,1.724789,-2.155,-0.299616,-3.035871,-2.024969,-0.158686,2.157085,0.018007,-0.750506,-0.498998,-1.766465,-1.072331,-0.448975,1.151796,1.259879,-2.36682,1.010549,-0.395724,-0.604137,0.482069,1.302616,2.071806,-0.480438,-1.037898,0.622348,1.249569,-1.068124,-0.136397,-1.090976,-1.570592
TRAIN_0193,PSN1,Leflunomide,6.076066,0.206923,0.346465,0.940369,1.371033,-0.485236,-0.887065,2.141615,0.99172,-0.778903,0.851619,-0.45519,-0.565729,0.436939,-2.105097,-1.73548,-0.448971,-1.167835,0.619401,0.111429,-1.657372,0.496017,-1.205531,-0.014021,-1.623086,-0.389541,0.166848,-1.84496,-0.56688,-0.3965,-0.1967,-0.758343,0.850479,0.252107,-1.164767,1.356237,-2.06541,0.142726,-2.966831,-1.894703,0.225741,1.132436,-0.498062,0.157835,-0.36727,-1.747149,-1.094439,-1.569597,1.428125,0.422505,-2.30924,-0.542369,-0.564926,-0.772418,0.599306,1.604943,1.102488,-1.640812,-0.674366,0.148338,1.82512,-1.096058,-0.733748,-0.798211,-1.338455
TRAIN_0194,NCIH1573,Dabrafenib,4.931875,1.266345,-0.459069,-0.227147,2.29363,-0.502678,-0.554424,0.806965,1.691578,-1.147049,0.60973,-0.039518,-0.287443,0.229057,-2.897923,-2.250417,-0.507712,-1.477253,0.437905,-0.630657,-1.029825,0.955063,0.856756,0.455991,-1.525249,-0.037687,1.301384,-1.950851,0.289342,-1.831862,-0.215768,-0.461091,1.962241,0.139885,-1.896774,0.605157,-1.594931,0.445624,-3.775656,-1.195169,0.007943,0.291402,0.692678,-0.161724,0.217762,-1.697635,-0.933893,-0.673492,1.611706,0.238667,-2.711719,0.725065,-0.571427,-0.860711,1.337607,1.279548,1.214737,-1.387704,-0.185463,0.604331,1.714989,-0.910719,-0.469579,-1.038075,-1.424538
TRAIN_0195,RERFLCMS,Entinostat,1.77585,0.212317,-0.366115,0.71095,0.678253,-0.709268,0.509638,1.491669,0.507075,-0.894066,-0.311244,-0.205631,-0.510475,-0.035188,-0.559348,-0.598366,0.374516,-1.061911,0.004201,-0.128477,-0.566033,1.586105,0.083964,0.961831,-0.527025,0.226545,-0.099705,-0.636747,0.665646,0.470479,0.201439,-0.378193,1.724871,-0.311077,-1.728191,0.385372,-1.334171,0.174799,-1.744048,-0.807463,0.055085,1.31403,0.359536,-0.994678,-0.827349,-0.929443,-0.930879,-1.782356,1.359048,0.582536,-0.880727,-0.093882,-0.035425,-0.790352,0.498367,0.207074,1.360962,-1.328344,0.415989,0.233885,0.386737,-0.226668,0.246497,-0.032757,-0.617733
TRAIN_0196,KLE,GSK1904529A,4.909801,0.020633,0.74072,0.511055,2.283481,-0.182404,-0.779386,1.933592,1.333097,-0.669841,1.261891,-0.057526,-0.111661,0.066887,-2.886153,-2.422039,-0.591406,-0.969129,-0.700428,-1.117555,-1.652846,1.658535,0.36877,0.293699,-1.092055,-0.77555,0.604762,-0.593916,1.116561,-1.282627,-0.484538,-0.910448,2.516053,-0.308962,-1.628104,1.439522,-1.13297,0.22687,-2.629038,-1.522252,0.544029,1.563544,-0.415828,-0.142745,-0.931736,-1.978431,-1.06392,-0.631826,0.996467,-0.289764,-3.375995,0.362488,-0.724151,-1.232106,1.469229,0.932115,1.938533,-0.29659,-1.383885,0.483752,1.088737,-2.088837,-0.967555,-1.073875,-0.570454
TRAIN_0197,SW982,Vinblastine,-5.422953,0.794548,0.511649,0.115221,1.425841,-0.535963,0.958336,0.720698,1.031649,0.104641,0.524687,-0.648433,-0.390423,-0.913284,-1.180717,-0.990831,-0.313224,-2.171089,-0.420461,-0.987656,-0.808556,1.135103,-0.237684,0.363256,-1.475916,-0.062757,0.312329,-0.589024,0.162863,0.509481,0.049481,-0.89078,1.375857,-0.997674,1.316225,-0.3826,1.476585,-0.535226,1.812338,0.936912,-0.404453,-1.333921,-0.226552,-0.637245,0.197151,0.835155,0.813965,0.114986,-0.898193,0.201606,2.535016,-1.583905,-0.036983,0.516645,-0.37362,-1.842875,-1.410311,0.893568,0.347667,-0.13818,-0.74112,0.642289,0.280091,1.119931,1.513154
TRAIN_0198,BICR78,SN-38,-3.7101,0.335411,-0.32678,-0.042975,1.164907,-0.794174,0.637266,2.078974,1.418725,-0.118128,-0.010999,-0.735045,-0.230457,-0.364211,-1.595455,-1.879947,-0.761064,-0.677824,0.542731,-1.106862,-0.861187,0.954743,0.077628,0.365444,-1.608321,-0.39232,-0.512392,-0.712246,0.290841,-0.874141,0.226915,-0.966041,1.185489,1.083793,1.050066,-0.78657,0.870377,0.042438,1.35315,2.391981,0.464579,-0.235948,-0.864176,0.216731,0.901418,1.754312,0.208681,0.129123,-1.268245,-0.640512,2.502671,-1.280039,0.707634,0.021264,-1.083712,-2.021388,-1.192729,1.582798,0.437282,-0.925792,-0.453272,1.088097,0.235075,2.108173,1.59019
TRAIN_0199,SNU81,LMP744,3.549024,0.432251,-0.168425,1.204088,1.42959,-0.429477,0.303858,1.535289,0.341728,0.139037,0.603551,-0.431342,-0.34601,-0.309355,-2.05072,-1.609182,-0.622476,-0.309712,0.402192,-0.42059,-1.314312,1.896975,-0.012098,0.069778,-1.337274,-0.985641,0.357053,-1.095064,0.099884,-0.007731,-0.897533,-0.773207,2.24378,0.602246,-0.224631,0.100105,0.13567,-0.545279,0.575955,0.34311,-1.002479,0.1037,-0.394611,0.554021,-0.708425,-0.108141,0.21514,0.049009,0.331361,-0.775502,0.909543,0.247207,0.698116,0.469213,-0.034805,-0.690979,-0.325929,0.834569,0.707379,-0.325505,-1.455403,-0.083627,-0.135049,-0.072435,0.320982
TRAIN_0200,AGS,Alpelisib,0.90382,0.692426,-0.153343,0.334207,0.306976,-0.133517,-0.268581,0.999416,-0.006353,0.010533,1.054295,-0.300306,-0.046297,0.473476,-1.215949,-0.803333,-0.292098,-0.488651,-0.21974,-0.469615,-0.500482,1.503362,0.359821,1.112427,-1.139759,0.147267,0.150535,0.484092,-0.204774,-0.738608,-0.454492,-1.381261,0.720089,-0.132531,-1.172411,0.399383,-0.747257,-0.312857,-2.115799,-1.241381,0.882446,0.766422,0.647157,0.229445,-0.252926,-2.089818,-1.46953,-0.428116,0.833348,0.818713,-1.469455,0.246363,-0.981269,-0.452018,0.130229,0.698166,0.483483,-0.946236,0.261968,0.343651,0.797839,-1.263546,0.082048,-1.546326,-1.191281
TRAIN_0201,LCLC103H,JNK Inhibitor VIII,4.899543,0.725557,-0.394456,0.173655,1.424972,-0.151237,1.239189,1.391099,0.155673,-0.304418,-0.527756,-0.481213,-0.429393,0.624547,-1.310111,-1.8718,-0.603399,-1.334295,-0.268895,-0.697854,-1.963206,1.169201,-0.709633,0.338263,-0.437386,-1.16207,-0.822332,-1.143438,0.360699,-0.454781,-0.497114,-0.665433,1.923386,0.890215,-2.120391,2.168326,-1.885118,-0.592558,-3.141058,-1.588407,0.124011,0.412498,0.184585,-0.608665,-0.22295,-1.915548,-1.649025,-1.070175,2.024396,0.105635,-3.286358,-0.084705,-0.423603,-0.899475,0.610435,1.607941,2.213688,-1.793799,-1.457354,0.743357,1.463848,-1.101148,0.036945,-1.303092,-2.966786
TRAIN_0202,A172,Nilotinib,3.76172,0.534815,0.022871,0.506864,1.068577,-0.890003,-0.392628,1.058259,0.196406,-0.446188,0.624477,0.582264,-0.27534,0.317173,-1.526953,-2.302451,-0.451069,-0.758502,1.476302,-0.803192,-0.948883,1.123836,-0.760134,0.623991,-0.733379,-0.028355,-0.368327,-0.194796,-0.408397,-0.174244,0.868107,-0.963773,1.159083,-0.009266,-1.459156,-0.365156,-1.707204,0.00181,-1.299294,-1.304068,-0.073869,0.250895,0.490006,0.57012,0.247771,-1.091199,-1.416633,-0.610228,1.970538,0.885014,-2.431331,0.277822,-0.181591,-1.019429,-0.57778,1.021664,0.484335,-1.183319,-0.468933,0.24555,0.915416,-0.893865,-0.285185,-1.922006,-0.972526
TRAIN_0203,SKUT1,Camptothecin,-3.264142,0.417647,-0.459208,0.38257,1.466488,0.1402,-0.250568,0.355233,0.15501,0.058242,-0.919491,0.208738,-0.126282,0.859094,-1.688708,-2.463648,-0.251929,-0.204065,0.723416,-1.085671,-1.129866,0.951143,-0.597193,0.533792,-1.78235,-0.899144,-0.459866,-1.701291,0.385312,0.081782,-0.334758,-1.252731,1.958719,-0.731007,-0.462044,-0.867392,0.440922,0.342674,1.205027,1.38657,-0.783915,0.026868,0.25473,-0.937742,0.847143,0.959238,0.640293,-0.148153,-0.014808,-0.804999,1.504153,0.210287,-0.24942,1.409467,-0.261748,-0.309362,-1.338325,1.57681,-0.42144,0.307995,-1.099469,-0.013759,0.508961,1.19658,0.102629
TRAIN_0204,U2OS,Temsirolimus,2.380467,1.155418,-0.431288,0.209061,1.553183,-0.344626,0.093295,1.333306,1.617287,-1.108582,1.162804,-0.840185,-1.358036,0.357946,-2.017229,-2.258667,-1.396112,-1.004648,0.79833,-0.604463,-1.366711,1.687182,-0.236627,-0.648158,-2.117803,-0.639322,0.029242,-0.711452,0.749764,-0.29074,-0.428274,-1.284688,2.035703,0.322664,-1.009865,0.691131,-0.441811,1.601715,-1.708299,0.264562,-0.134828,-0.57506,-0.209288,0.10217,0.423519,0.393448,0.48332,-0.628353,0.899362,0.3043,-0.884805,-0.003474,-0.476691,-0.195508,-0.171407,-0.187978,0.534046,0.04899,-0.191577,0.788577,0.178269,-0.30291,0.271536,-0.416055,-0.335862
TRAIN_0205,DB,Doramapimod,5.266798,0.465481,0.84064,0.255767,0.689513,-0.142569,-0.28444,1.296021,-0.372711,-0.793222,-0.226051,0.212209,0.59105,0.085066,-1.170012,-0.943697,0.261896,-1.03836,0.297489,-0.027617,-0.550798,0.926404,0.372417,-1.3133,-0.469469,-0.635922,-0.852379,-0.397476,0.900001,-0.409528,0.310929,0.464729,1.708445,1.006391,-1.389057,0.885598,-1.659356,0.603325,-2.502008,-2.096326,0.789539,0.110977,-0.26588,-0.09506,-0.296013,-2.718724,-0.97199,-1.016914,1.479414,1.038284,-2.24381,-0.00253,-1.117982,-1.241595,0.922779,1.248964,1.945617,-1.110702,-0.270198,-0.126281,2.076687,-2.143446,0.132882,-1.226056,-2.046958
TRAIN_0206,A704,Ibrutinib,4.51156,0.572145,-0.431503,0.458786,1.077027,-0.498164,0.221334,1.550859,0.320453,0.041822,0.62514,0.003717,-0.089909,-0.20423,-1.942749,-1.125323,-0.183448,-0.890611,0.331748,-0.150249,-1.523091,1.547212,-0.297298,-0.050158,-0.688731,-0.060366,0.503148,-0.347485,0.336987,-0.180984,-0.408618,-0.360806,1.544576,0.708188,-1.891867,0.671413,-1.920425,1.071822,-1.468927,-1.295316,0.639379,0.638947,1.189277,-0.011658,0.047712,-1.91301,-1.03971,0.251954,1.599913,1.158022,-2.090559,-0.016427,-0.776175,-0.800208,0.456349,0.743453,1.772427,-1.328322,-0.319949,0.564856,0.933335,0.122512,-0.792163,-1.261157,-1.381985
TRAIN_0207,NCIH1869,Dactolisib,-0.43285,-0.370995,0.395128,-0.233252,2.062194,-0.431899,0.103278,1.006418,1.398421,-1.229737,0.240431,-0.989882,-1.370426,0.303541,-1.123429,-0.493515,-0.546976,-0.514411,0.448886,-0.712303,-1.666932,1.649898,0.029606,-0.217707,-1.547786,-0.605804,0.530687,-1.752105,0.372154,0.319829,0.273079,0.037285,1.974078,0.227638,1.056634,-0.407129,-0.178796,0.440284,1.544465,1.009237,-0.164836,0.210771,1.642187,0.106347,-0.528889,0.330371,0.616306,-0.608144,-0.361102,0.04526,1.51106,0.518427,0.594687,-0.795872,0.202574,-0.08203,-0.264762,-0.511201,-0.257988,-0.72311,-1.418905,0.200617,-0.320616,1.77921,0.420071
TRAIN_0208,AMO1,Alisertib,-2.865128,-0.108274,-0.570987,0.162505,0.933393,-0.562942,0.181949,0.207508,-0.166754,-0.194022,-0.35524,-0.415519,-0.738326,1.054779,-0.554987,-0.866107,-0.061295,-0.359291,-0.016435,0.035324,-0.043929,0.173398,-0.355481,-0.117316,-1.577368,-0.920522,0.716635,0.478007,-0.012077,0.108515,0.068325,1.359358,1.114149,0.152882,-0.610151,0.333783,0.06396,0.384152,-1.293213,-0.909122,-0.148002,0.824835,-0.064159,-0.957256,-0.182146,-1.544277,0.714421,-0.724526,0.473728,0.309394,-1.069376,0.025028,0.008865,0.407935,0.704694,1.280211,-0.034678,-0.281647,-0.084617,0.349356,1.199973,-0.361812,-0.300165,-0.313491,-1.516737
TRAIN_0209,NCIH146,VX-11e,3.584749,0.38456,-0.505533,0.778132,1.379116,0.593557,0.451023,0.848646,0.989163,-0.829685,0.757316,-0.607946,-0.86301,0.322578,-2.780814,-2.176902,-0.51298,-0.722939,0.052434,-1.474803,-1.4745,1.301406,0.120547,0.042837,-0.496526,-0.212027,-0.290039,-1.008652,-0.417977,-0.507239,0.335973,-0.11133,2.09851,-0.297848,-0.848042,1.026066,-0.237893,0.622822,-1.940532,-0.886276,0.190256,-0.070741,0.337267,0.835105,-0.226525,-1.98902,-0.565177,-0.978206,1.284015,0.539445,-1.506751,0.095682,-0.416556,-0.541572,0.106993,0.137276,1.320112,-0.869246,-0.165754,0.409693,0.947458,-0.973201,-0.987591,-1.186232,-0.766481
TRAIN_0210,GIMEN,Dinaciclib,-0.904452,0.732059,-0.577288,1.389096,1.965388,-0.470036,-0.488243,1.824353,1.046094,-0.399621,0.731489,0.35814,0.041479,0.352119,-1.559965,-2.346968,-0.397809,-0.170294,0.224497,-1.38753,-1.824964,1.01072,-0.632004,-0.113584,-2.214911,-0.56996,0.568864,-1.675462,1.158381,-0.38208,0.205707,-0.967526,2.39314,0.076356,1.002574,-0.646197,0.657305,-1.143869,1.234096,0.545156,0.080164,-0.118801,0.336212,0.468281,0.167054,0.887145,0.185432,-0.396048,-0.324964,-0.354187,0.74589,-0.664908,-0.134457,0.547165,0.058747,-0.974601,-1.849437,0.557091,0.162017,-0.369697,-1.071274,0.480815,0.177241,0.846691,1.135216
TRAIN_0211,EKVX,Mitoxantrone,3.972574,0.518361,0.569577,0.020985,1.517348,-0.348595,-1.118541,1.914924,1.804041,-0.584972,0.803457,-1.217816,-0.898847,0.119273,-2.585393,-1.546821,-0.434281,-1.840262,0.5218,-0.902499,-1.221093,2.649093,-0.79389,-0.319785,-2.435739,-0.807428,0.373858,-0.966091,0.438507,-0.921689,-0.294064,-1.180692,3.393939,0.151128,0.719238,0.361616,0.48224,0.538457,-0.821901,-0.343594,0.054225,0.190289,0.49024,0.182696,-1.52446,-0.933163,-1.228428,0.001462,0.318111,0.205929,-0.809462,0.397733,0.286053,-0.754278,-0.618528,0.192912,1.070204,0.692791,0.223825,-0.302994,0.626019,-0.315902,-0.418504,-1.279062,-0.172709
TRAIN_0212,SKOV3,Ulixertinib,5.226551,0.711618,0.39237,0.195753,1.760051,-1.148383,-0.478716,1.919923,0.497383,-0.794174,-0.050374,-0.519841,-0.033319,-0.257027,-2.61668,-1.82711,-0.071465,-1.966972,0.29425,-0.952528,-1.752737,0.527589,-0.021497,0.841034,-1.658373,-1.171489,-0.122911,-0.501895,0.907666,-0.403707,-0.17326,-1.055575,2.131556,0.354142,-1.225604,0.521775,-0.770105,0.430188,-1.934917,-1.313641,-0.677279,1.079517,-0.04094,0.145518,0.482942,-1.010541,-0.602009,-0.252128,0.832721,0.883489,-1.180675,-0.026598,0.232096,0.102247,-0.205615,1.54772,0.888113,-0.494354,0.26898,-0.032445,1.216385,-0.551523,-0.878174,-1.337298,-0.623017
TRAIN_0213,NCIH211,VE-822,2.050963,-0.458728,-0.300592,1.770245,1.064682,1.07665,0.589731,0.84925,0.504652,-0.234816,-0.618668,-0.204709,0.390538,-0.188225,-0.676447,-0.369754,-0.714173,-0.692779,-0.364022,-0.829873,-1.295171,0.225748,0.605598,-0.426594,-0.593878,-0.502509,0.640592,0.124731,0.605311,-0.123953,-0.250062,-0.87345,1.826054,-0.495748,-1.069188,0.457333,-1.943677,0.109396,-1.828477,-0.641158,0.657431,1.319055,0.524728,0.05526,-0.903595,-1.344756,-0.392805,0.286409,1.358204,0.950137,-2.208888,0.14798,-0.155085,-0.069511,0.514723,0.948753,1.237795,-1.368761,0.506793,-0.121486,-0.022566,-0.455074,0.670958,-0.769087,-0.773064
TRAIN_0214,HCC15,Bortezomib,-4.667757,0.165656,-0.400276,0.33819,1.856539,-0.7738,-0.111082,2.101967,0.468935,-0.802801,0.397674,0.151747,-0.343247,-0.036856,-1.566877,-2.181884,-0.190907,-0.753227,0.143185,-1.277739,-1.778532,1.653033,0.401041,-0.254813,-1.117764,-1.558173,-0.187443,-1.103679,-0.099657,-1.036097,-0.609657,-0.422757,1.657479,-0.102771,1.541252,-0.504799,2.035498,0.057659,3.11033,1.786119,-0.11672,-1.578421,0.394029,-1.229262,0.378779,2.644345,0.327779,0.84602,-1.82319,-0.666389,2.945956,-0.355558,-0.47703,0.461294,-0.37032,-1.221694,-0.432222,2.018479,0.262604,0.786962,-1.35614,0.190795,-0.056399,0.423474,2.481408
TRAIN_0215,HL60,NVP-ADW742,0.25902,-0.329212,-0.912553,-0.574279,0.081023,-0.471162,0.859987,0.523796,0.471198,-0.033643,0.335827,-0.269588,-0.829665,0.846005,-0.049565,-1.700653,-0.792136,-0.64448,-0.325716,-0.199379,-1.067721,1.812689,0.482796,0.139928,-0.196292,0.281748,-0.226714,-0.981514,0.226238,0.13159,-0.075787,-1.088258,0.521361,0.072685,-1.32853,0.941987,-1.093688,0.108214,-1.148524,-1.508345,0.468329,0.272248,0.208743,-0.700635,-0.599034,-1.355941,0.267157,-0.35925,1.767447,0.415746,-1.761438,1.057891,-0.12395,-0.923357,0.779258,0.770584,-0.166317,-0.278341,0.27248,1.213568,1.078637,-0.550498,0.252386,-0.558968,-0.244662
TRAIN_0216,NCIH2291,VE-822,7.084242,1.107632,-0.964094,0.890081,2.111124,-0.326436,-0.685247,2.463034,0.748395,-1.323802,-0.353048,0.056714,-0.268242,0.343536,-2.588779,-2.399948,-1.23398,-1.469613,-0.671005,-1.492166,-1.903901,2.119414,-0.299474,0.481061,-1.089271,-0.144861,0.372577,-1.418999,-0.02528,-0.373619,0.478757,-0.57386,3.25175,-0.495748,-1.069188,0.457333,-1.943677,0.109396,-1.828477,-0.641158,0.657431,1.319055,0.524728,0.05526,-0.903595,-1.344756,-0.392805,0.286409,1.358204,0.950137,-2.208888,0.14798,-0.155085,-0.069511,0.514723,0.948753,1.237795,-1.368761,0.506793,-0.121486,-0.022566,-0.455074,0.670958,-0.769087,-0.773064
TRAIN_0217,NCIH1792,VX-11e,1.133082,0.416797,-0.11213,0.057088,0.896803,-0.062258,-0.559829,0.289747,1.402295,-0.622208,0.304762,0.20379,1.461393,-0.464755,-1.020403,-1.476491,-0.635377,-1.019338,-0.35829,-0.611661,-1.656492,1.427366,-0.119452,0.25517,-1.160435,-0.53793,0.215979,-1.331185,0.065539,-0.820751,-0.635142,-1.446558,1.875275,-0.297848,-0.848042,1.026066,-0.237893,0.622822,-1.940532,-0.886276,0.190256,-0.070741,0.337267,0.835105,-0.226525,-1.98902,-0.565177,-0.978206,1.284015,0.539445,-1.506751,0.095682,-0.416556,-0.541572,0.106993,0.137276,1.320112,-0.869246,-0.165754,0.409693,0.947458,-0.973201,-0.987591,-1.186232,-0.766481
TRAIN_0218,KU812,SGC-CBP30,3.252919,0.1329,-0.889887,0.318218,0.505652,-0.007065,-0.341593,2.08157,0.944002,-0.783738,0.303037,-0.463387,-0.667419,-0.586818,-0.441928,-0.933943,0.290525,0.148547,0.795037,-0.738491,-0.248052,0.820309,-0.314741,-0.362661,0.314745,-0.073482,0.356134,-0.8069,-0.480428,-0.491303,-0.162333,-0.739056,0.632133,-0.460071,-1.225595,1.576489,-1.974396,0.488137,-2.068104,-2.232472,0.180378,1.093989,-0.179116,-0.587335,-0.452229,-1.48822,-0.597845,-1.019243,1.676721,0.021055,-3.057641,0.230495,0.069483,-0.536892,0.780725,1.108908,0.994973,-1.017837,-0.929285,0.249186,1.138625,-1.287756,-0.656432,-1.20826,-1.523583
TRAIN_0219,BICR31,Venetoclax,1.841315,0.202836,0.731316,0.353614,0.385158,-0.297634,-0.311112,-0.169781,0.545636,-0.465865,0.753049,0.578601,0.21568,0.046147,-1.98126,-0.000731,-0.39006,-0.748973,0.222479,-0.578671,-1.126268,0.807072,-0.44194,0.034024,-1.335088,-0.762729,0.136003,-0.986545,1.032403,-1.773778,0.328045,0.173952,0.345773,0.539926,-0.317065,0.237162,-0.3984,0.574361,-1.305218,-1.522368,0.019091,0.41263,-0.509114,0.111238,-0.048298,-0.701624,-0.310475,0.077001,0.571087,0.31567,-1.300853,-0.089682,0.42843,-1.444992,0.820706,0.334153,0.207075,-0.393762,-0.938077,-0.200956,0.185192,-0.410206,-0.518114,0.109048,0.150823
TRAIN_0220,HT1197,OTX015,-0.040661,0.659201,-1.210681,1.182671,1.511356,1.37703,0.909459,1.558378,0.74823,0.007539,1.418158,-1.302941,-1.379529,-0.058347,-1.706586,-1.552819,-0.052286,-1.657504,-0.829917,-0.519202,-1.888905,0.521269,-0.163236,0.467105,-1.54883,-0.797399,0.03615,-1.387223,-0.281699,-0.984561,-0.043963,-0.467496,2.018282,-1.224346,-0.624091,0.590186,-0.762182,0.398677,-1.181798,-0.986914,0.162432,-0.184124,-0.171645,-0.055892,-0.579151,-0.607108,-0.834287,-0.214985,0.799854,0.614187,-0.786377,0.574361,-1.323138,0.122213,1.192745,0.482184,0.771617,-1.034127,-1.191102,-0.136976,0.414275,-0.513566,-0.609697,-1.142807,-0.844642
TRAIN_0221,SNU398,BIBR-1532,5.376597,0.479446,-0.737149,0.476869,1.297156,-0.247087,0.187208,1.194308,0.29512,-0.623737,0.798769,-0.662811,0.120085,0.786759,-2.22133,-0.683962,0.622599,-0.608218,0.527346,-0.139741,-1.161547,1.153616,-0.820769,0.11827,-0.783771,-0.136552,0.613122,-1.221778,0.006047,0.512339,-0.286618,-0.336172,1.309246,-0.745552,-1.70465,1.129541,-1.327142,0.471459,-2.165892,-1.415591,0.070313,0.222398,0.952686,0.5043,-1.139762,-1.487716,-0.900662,-0.618265,2.41063,1.193476,-2.348172,0.728116,-0.275821,-1.226653,0.900121,1.112462,1.245865,-1.45608,-0.786606,0.570769,1.317527,-0.475601,-1.092732,-1.734552,-1.748399
TRAIN_0222,HEL,AMG-319,4.366907,1.100329,-0.54572,-0.234869,1.37241,0.045706,-0.592525,0.941715,-0.107876,0.302654,0.817012,0.021442,-0.06495,1.008285,-1.009857,-1.501233,-0.072001,0.508519,-0.341541,-0.659925,-0.537096,0.746518,-0.610301,0.596566,0.408134,-0.189223,-0.393497,-1.381897,0.327256,0.234962,0.083648,-0.318742,0.682872,0.279261,-2.041372,1.592153,-2.056416,0.342497,-2.932861,-1.434402,-0.365831,-0.056932,0.144996,0.064397,-0.366138,-1.555606,-0.838648,-0.958528,0.39003,0.386063,-2.07564,0.280003,-0.551463,-0.783608,0.390807,1.825988,2.18646,-1.319081,-1.018715,0.453272,0.320725,-0.535377,-0.046566,-0.787208,-1.85403
TRAIN_0223,OCIAML5,LGK974,3.115095,0.848582,0.034453,0.21361,1.01667,-0.39496,0.723551,0.820215,0.401392,-1.379869,0.216578,0.149793,-0.80365,-0.235196,-0.711973,-1.737543,0.203177,-0.852787,-0.012246,-1.087941,-0.629099,2.07896,0.25996,-0.393025,-0.257521,-0.473691,0.751498,-0.263412,-1.253936,-0.849979,0.30322,-0.272729,0.561113,-0.949171,-0.212719,0.818389,-0.973451,-0.106997,-1.704396,-2.026518,-0.347378,0.827852,-0.049584,0.152177,-0.405756,-1.552364,-1.05411,-0.91398,1.042537,1.45619,-2.112754,-0.582817,-0.746162,-0.805989,1.694768,1.815694,0.714619,0.149903,-0.405873,1.041291,0.653845,-1.803903,-0.938558,-3.021601,-0.453828
TRAIN_0224,A3KAW,EPZ5676,3.996015,0.179925,-0.287952,-0.605689,0.433195,-0.592481,0.175471,-0.046084,0.975974,-0.514592,-0.018923,0.28538,-0.737416,0.177105,0.152444,-1.255533,-0.054958,-0.13534,0.473219,-0.856306,-1.03014,0.644855,0.089357,0.142933,-0.199947,-0.482597,0.14518,-0.154933,-0.258773,0.775568,0.160516,-0.753251,0.813427,0.336042,-1.117601,1.836242,-2.149894,-0.207372,-2.488257,-2.370486,0.097178,0.383532,0.459751,-0.121611,-1.268007,-2.279847,-1.469421,0.564254,1.50742,0.364927,-3.426205,1.188346,-0.839204,-1.510018,1.39043,1.057639,1.89132,-0.531995,-0.240892,0.880528,2.088836,0.042528,0.290206,-1.655694,-1.575939
TRAIN_0225,EJM,Uprosertib,1.83366,0.399734,-0.606668,0.864966,0.906328,-0.293092,-0.675954,-0.075332,0.490474,0.847833,0.806583,-0.363481,-0.487061,0.195987,-1.187358,-1.907497,0.127817,-0.415674,0.599042,-0.474099,-1.06858,1.455552,0.123512,-0.125458,-1.374691,-0.364744,0.859207,-1.498414,-0.446892,-0.376247,-0.197284,-0.372772,1.536315,-0.484458,-0.113664,1.309084,-0.393676,0.243803,-1.573191,-1.750486,0.668881,0.831331,0.432499,0.743707,-0.564513,-1.347279,-0.461904,-0.867817,0.824391,0.544933,-1.694045,0.935986,-1.089935,-0.026572,0.86188,0.611087,0.346683,-1.769065,-0.666162,0.811316,0.819292,0.165291,-0.471194,-0.607383,-1.397745
TRAIN_0226,SNGM,Epirubicin,-1.737209,1.238297,-0.433197,0.276364,1.470352,0.624522,-0.446319,0.591026,0.926683,0.025774,0.435011,-0.648005,0.12641,0.45665,-1.907428,-1.348702,-1.123505,-0.463395,0.119063,-0.940756,-1.140807,1.186993,0.267719,0.349306,-1.212482,-0.051562,0.288677,-1.129634,0.236743,-0.552295,0.020406,-0.662545,1.27944,0.584588,0.218532,-1.293734,0.454386,-0.314177,-0.314104,1.128928,0.010668,-0.307924,-0.237122,-0.731394,-0.586543,0.965222,-0.079798,0.111592,-1.252937,-0.734058,0.689781,0.118108,0.960752,0.819251,-0.248885,0.011408,-0.361602,1.210607,0.642009,0.012527,-0.112766,0.82703,0.330319,1.020829,-0.83569
TRAIN_0227,KYSE270,WIKI4,3.78079,0.333123,0.17468,0.180536,1.172947,0.17161,1.372373,1.645619,0.179336,-0.580988,0.199862,-1.262168,-0.531209,0.556649,-2.141366,-0.831915,-0.198192,-1.16342,0.176301,0.085259,-0.743601,1.156707,-0.29635,0.091396,-1.376041,-1.480377,1.108298,-0.827266,0.494453,-0.501185,-0.596892,-0.566033,0.656592,0.531977,-0.633295,1.485634,-1.362499,-0.121192,-2.127088,-1.035389,0.735467,0.622773,0.352062,-0.785564,0.150946,-2.068678,-0.423861,-1.097135,1.714756,0.550669,-2.390419,0.713273,-0.731963,-0.393026,0.556742,0.308895,0.565103,-1.167096,0.333368,0.82631,1.918449,0.283311,-0.47796,-1.349111,-1.562446
TRAIN_0228,NCIH146,Lestaurtinib,-0.023947,0.38456,-0.505533,0.778132,1.379116,0.593557,0.451023,0.848646,0.989163,-0.829685,0.757316,-0.607946,-0.86301,0.322578,-2.780814,-2.176902,-0.51298,-0.722939,0.052434,-1.474803,-1.4745,1.301406,0.120547,0.042837,-0.496526,-0.212027,-0.290039,-1.008652,-0.417977,-0.507239,0.335973,-0.11133,2.09851,0.641604,0.00259,-0.89192,-0.874125,0.371957,-0.323725,0.192203,0.060997,-0.068864,-0.044803,-0.434974,-0.013824,-0.321391,-0.200317,-0.170904,-0.092509,0.46786,-0.099648,0.518239,0.761337,0.414129,0.279291,0.183739,0.451036,0.028138,0.48619,0.313583,-0.160691,0.43848,0.04208,-0.074874,-0.261679
TRAIN_0229,NCIH526,Docetaxel,-5.035141,1.141791,-1.051062,0.708619,0.898807,-0.074291,-0.351,1.083052,0.573452,-0.593971,-0.096286,-0.524915,-0.184937,0.456432,-0.814255,-1.365855,-0.22277,-0.175658,0.786614,-0.61835,-1.026469,1.046164,-0.721289,-0.053007,-0.551781,-0.032106,-0.063191,-0.637661,-0.168652,-0.037821,-0.2281,-0.528235,1.020503,-0.201625,0.798306,-0.119953,1.481924,0.207791,2.54287,1.570925,0.270332,-1.51689,-0.066681,0.022527,1.135359,1.919822,0.393656,0.640019,-0.957178,-0.111218,1.226762,-0.139139,0.26514,0.807835,-0.964551,-1.307825,-0.330173,0.30066,-0.184375,-0.352008,-1.346629,0.02936,0.235369,0.336949,0.674003
TRAIN_0230,UACC812,ABT737,4.409382,1.467358,0.272945,0.292414,1.368938,0.054408,-0.02104,1.328693,0.030978,1.163064,0.485093,-0.637483,-0.420314,0.126443,-1.898138,-1.123115,-0.638146,-1.618655,0.241017,-1.162161,-0.734473,2.086616,-0.177468,-0.570208,-2.072114,-0.549973,0.281764,-1.366111,0.144689,-0.911549,-0.310438,-1.807624,1.346363,0.428559,-0.320388,0.695403,-2.238251,0.273291,-1.985564,-0.461513,0.853551,-0.026844,-0.029648,-0.368001,0.439828,-0.825975,0.438891,-0.065262,0.745758,0.237108,-0.632582,-0.677379,-0.184829,-0.434939,0.724079,0.515249,0.03082,-0.492122,-0.724098,-0.766925,0.939899,0.006442,0.123861,-0.002142,-1.039217
TRAIN_0231,RKO,Ulixertinib,1.003736,0.249604,-0.12636,-0.417538,1.223624,-0.202614,0.647146,0.595906,-0.386266,-0.007778,0.539395,-0.816941,-1.079159,0.93198,-0.584069,-2.407742,-0.608556,0.148615,-0.02597,-0.858061,-1.094434,0.428604,-1.004747,0.571843,-1.88292,-0.243726,0.518143,-1.502329,-0.208605,0.201265,0.069604,-0.714688,1.851083,0.354142,-1.225604,0.521775,-0.770105,0.430188,-1.934917,-1.313641,-0.677279,1.079517,-0.04094,0.145518,0.482942,-1.010541,-0.602009,-0.252128,0.832721,0.883489,-1.180675,-0.026598,0.232096,0.102247,-0.205615,1.54772,0.888113,-0.494354,0.26898,-0.032445,1.216385,-0.551523,-0.878174,-1.337298,-0.623017
TRAIN_0232,NCIH526,OTX015,-2.408945,1.141791,-1.051062,0.708619,0.898807,-0.074291,-0.351,1.083052,0.573452,-0.593971,-0.096286,-0.524915,-0.184937,0.456432,-0.814255,-1.365855,-0.22277,-0.175658,0.786614,-0.61835,-1.026469,1.046164,-0.721289,-0.053007,-0.551781,-0.032106,-0.063191,-0.637661,-0.168652,-0.037821,-0.2281,-0.528235,1.020503,-1.224346,-0.624091,0.590186,-0.762182,0.398677,-1.181798,-0.986914,0.162432,-0.184124,-0.171645,-0.055892,-0.579151,-0.607108,-0.834287,-0.214985,0.799854,0.614187,-0.786377,0.574361,-1.323138,0.122213,1.192745,0.482184,0.771617,-1.034127,-1.191102,-0.136976,0.414275,-0.513566,-0.609697,-1.142807,-0.844642
TRAIN_0233,OVCAR4,PLX-4720,5.594197,0.661161,0.088874,0.49091,1.778507,-0.719304,0.388617,1.406837,1.402207,-0.629313,0.693294,-0.75338,-1.01642,-0.608238,-2.616327,-2.04499,-0.507891,-0.600485,0.120175,-1.43224,-2.263123,1.840032,0.445125,0.706883,-1.200384,-0.275013,0.969902,-1.090461,0.733202,-0.816089,-0.999454,-0.998788,2.017492,-0.353624,-0.744683,0.785829,-1.023137,0.50833,-2.517076,-2.074916,0.208332,1.053083,0.738643,-0.592937,-0.522131,-1.896169,-0.602755,-1.051973,0.713473,0.782873,-3.046755,1.063032,-0.577659,-1.652163,0.553522,1.527422,0.94211,-1.078982,-0.031205,0.328764,0.797372,-0.771285,0.466503,-0.593086,-2.562201
TRAIN_0234,JVM2,Vinblastine,-5.302479,-0.244515,0.663948,0.180403,0.088153,0.41702,-0.225188,0.931421,0.122208,-0.193914,0.436312,-0.016436,-1.160459,-0.476098,-0.203658,-0.668631,-0.458289,-1.033098,-0.430093,-1.328098,-0.543998,0.212774,-0.562164,-0.010472,-0.31572,0.856431,-0.717193,0.177616,0.617793,-0.599367,-0.000279,-0.43901,0.739898,-0.997674,1.316225,-0.3826,1.476585,-0.535226,1.812338,0.936912,-0.404453,-1.333921,-0.226552,-0.637245,0.197151,0.835155,0.813965,0.114986,-0.898193,0.201606,2.535016,-1.583905,-0.036983,0.516645,-0.37362,-1.842875,-1.410311,0.893568,0.347667,-0.13818,-0.74112,0.642289,0.280091,1.119931,1.513154
TRAIN_0235,J82,Wee1 Inhibitor,5.43418,0.100215,-0.482359,0.871899,1.976278,-0.875603,0.246025,2.181079,0.568567,-1.332168,0.578627,-0.779079,-0.502312,0.1088,-3.29969,-2.264097,-0.827562,-0.89858,0.028001,-0.250303,-2.650603,2.414381,-0.383094,0.510827,-1.669816,-0.083489,-0.060572,-1.930518,1.161095,-0.777515,-0.239257,-0.10468,1.70678,-0.091633,-0.863396,0.616739,-0.817326,0.813757,-1.043926,-0.622567,0.708772,0.278992,-0.521087,0.529352,-0.125095,-0.878096,-0.778104,-0.603709,1.101005,0.712596,-0.738244,0.604227,0.037667,-0.368164,0.304411,1.26606,0.410115,-0.352971,-0.60022,-0.117301,0.507273,-0.709133,0.279914,-1.383207,-0.717185
TRAIN_0236,MKN45,Gefitinib,4.692637,1.220544,0.035898,1.192501,1.435198,-0.257908,-0.376857,1.263496,-0.084473,-0.289626,0.467244,-0.043632,-0.371628,0.136016,-2.154398,-1.513509,-0.136014,-1.48155,0.326042,-0.699205,-1.62778,1.022742,-0.087521,-0.506046,-1.104965,-0.936725,0.631075,0.134915,-0.092869,-0.272482,-0.625415,-0.020068,1.031371,-0.429039,-0.7257,0.721522,-0.325846,0.783495,-1.971816,-0.926738,-0.006226,0.731179,-0.01498,0.27138,0.425285,-1.030614,-0.235222,0.016014,1.298014,-0.237316,-0.854621,1.21564,-0.489368,-0.840028,0.897783,1.272528,0.799706,-1.436654,-0.146201,0.596096,1.3064,-0.288782,-0.315116,-0.57298,-1.123975
TRAIN_0237,MELJUSO,Erlotinib,4.174587,0.212325,-0.979412,0.611509,1.583324,-0.160486,0.440302,1.505685,0.729346,-1.034354,0.968193,-0.384379,-0.688925,-0.703527,-1.245226,-2.387579,-0.873841,-0.862325,-0.275137,-1.680479,-2.51425,1.86763,-0.50476,1.533075,-1.962251,-1.020516,-0.168634,-1.062003,0.15123,-0.311473,-0.789244,-1.309533,1.005596,0.219222,-1.150448,1.572434,-0.257218,0.192703,-0.886187,-0.22946,0.203358,1.859248,0.128968,-0.20487,0.178798,-1.424799,-0.564894,0.315928,0.901843,-0.557488,-1.304383,-0.074613,0.107618,-0.223242,1.251968,1.323951,1.331142,-1.042866,0.141012,1.263819,0.479056,0.495436,-0.431375,-1.359756,-0.861523
TRAIN_0238,HCC1954,Dactolisib,-0.545922,1.041225,-0.53711,0.805538,1.355124,-0.06097,0.443211,1.667769,0.77685,-1.214365,-0.032867,-0.443284,-0.337149,-0.365686,-0.371009,-0.66341,-0.162355,-0.798715,0.152885,-1.224315,-1.125223,1.336804,-0.806956,0.222742,-1.251849,-1.402562,-0.338775,-1.155404,1.253479,-0.216745,-0.908143,-0.252884,0.75292,0.227638,1.056634,-0.407129,-0.178796,0.440284,1.544465,1.009237,-0.164836,0.210771,1.642187,0.106347,-0.528889,0.330371,0.616306,-0.608144,-0.361102,0.04526,1.51106,0.518427,0.594687,-0.795872,0.202574,-0.08203,-0.264762,-0.511201,-0.257988,-0.72311,-1.418905,0.200617,-0.320616,1.77921,0.420071
TRAIN_0239,KCL22,BEN,2.767493,-0.358592,0.076466,-0.111364,1.008507,-0.129473,-0.90988,0.969158,0.07979,0.214992,0.261362,-0.024961,-0.702567,-0.178404,-1.148646,-0.400468,0.568511,-0.889249,0.689419,-1.521142,-1.275703,0.224851,-0.784739,-0.759347,-0.478089,-0.368608,0.243001,-0.207813,0.31333,0.040276,-0.174924,-0.882615,1.418922,0.763299,-1.30111,0.369666,-2.044627,0.426159,-2.561093,-1.651529,1.044014,0.541753,0.236834,0.570328,-0.228194,-2.587969,-0.616202,-1.137521,1.979416,0.003335,-0.643343,1.124877,-0.863124,-0.80708,1.115153,1.63631,1.345281,-0.386908,-0.434723,0.216497,1.004111,-0.149206,-0.041511,-1.189773,-1.046278
TRAIN_0240,BT474,Dabrafenib,6.135615,-0.184103,0.137601,0.134605,2.699375,-1.321079,0.568134,1.994697,0.869714,-0.834085,0.848624,-0.573197,-0.005495,0.34657,-2.213678,-2.245299,-0.701129,-1.057734,-0.479155,-1.760348,-1.317886,1.838766,-0.362084,0.09,-1.530614,-0.921117,-0.256457,-1.278994,-0.039744,-0.514409,-1.200241,-0.205235,2.452151,0.139885,-1.896774,0.605157,-1.594931,0.445624,-3.775656,-1.195169,0.007943,0.291402,0.692678,-0.161724,0.217762,-1.697635,-0.933893,-0.673492,1.611706,0.238667,-2.711719,0.725065,-0.571427,-0.860711,1.337607,1.279548,1.214737,-1.387704,-0.185463,0.604331,1.714989,-0.910719,-0.469579,-1.038075,-1.424538
TRAIN_0241,SKM1,Taselisib,-0.156775,-0.530944,-0.478484,0.332219,0.710785,-0.01,-0.235135,1.034909,0.307979,0.182658,-0.691614,-2.127989,-0.025727,-0.625298,-0.794836,-0.771865,0.591327,-0.16453,0.19603,0.091688,-0.324054,0.298664,0.454479,-0.530571,-0.351159,-0.969714,0.141894,-0.31776,0.973445,-0.998663,-0.405427,0.194781,0.834313,0.115257,-0.308976,0.752809,-1.383475,0.528205,-0.93831,-1.056313,-0.265347,0.243678,-0.554063,0.796815,0.575614,-0.596442,-0.512047,-0.354742,0.96696,1.07002,-1.265728,-0.378551,0.559654,-1.270045,-0.164076,0.44997,-0.262277,0.089337,0.256482,-0.103162,1.182365,0.458149,-0.159841,-0.840632,0.464521
TRAIN_0242,LP1,AT13148,2.699387,1.719383,-1.245352,0.869479,1.050285,-0.497507,-0.514172,0.923486,1.511853,0.01153,0.484984,0.271174,-1.162616,-0.454239,-2.75833,-1.854706,-0.409749,-0.832271,0.348853,-1.497784,-0.830664,1.398599,0.169536,-0.887462,-1.087354,-1.068859,-0.101881,-0.737065,0.373345,-0.94983,-0.251368,-1.290759,2.191255,0.189418,-1.592353,0.725207,-2.103474,0.132005,-2.305007,-1.309178,-0.095581,0.852748,0.021528,-0.292769,-0.290528,-1.603634,-0.410035,-0.566252,0.98612,0.287,-2.293721,0.175994,0.592634,-1.199819,0.53249,0.938627,0.899261,-1.087352,-0.199995,-0.491253,1.59005,-0.209997,-0.825349,-2.349653,-1.802358
TRAIN_0243,EJM,ML323,3.531612,0.399734,-0.606668,0.864966,0.906328,-0.293092,-0.675954,-0.075332,0.490474,0.847833,0.806583,-0.363481,-0.487061,0.195987,-1.187358,-1.907497,0.127817,-0.415674,0.599042,-0.474099,-1.06858,1.455552,0.123512,-0.125458,-1.374691,-0.364744,0.859207,-1.498414,-0.446892,-0.376247,-0.197284,-0.372772,1.536315,-0.287157,-1.058824,1.27759,-1.021178,0.573679,-3.183565,-2.677462,0.424786,0.74543,-0.255857,-0.791907,-0.331191,-1.267629,-1.18853,-0.334665,1.394198,-0.174885,-2.04308,-0.104248,-0.515684,-1.09627,1.282842,0.88054,1.468711,-1.567304,-0.678318,-1.364686,2.379846,-0.379864,-0.637513,-2.074945,-1.883317
TRAIN_0244,CALU6,Ipatasertib,5.5263,0.153723,-0.793265,1.43804,1.955851,-0.567146,0.903163,1.995349,0.568695,-1.696956,1.662351,-1.13627,-1.266385,0.741795,-0.602846,-0.951139,-0.253719,-0.667515,0.726081,-0.485582,-1.204862,1.448378,-0.246387,-0.31265,-1.49765,-1.365095,0.056503,-1.590811,-0.193879,-0.482263,0.418114,-0.114069,0.979357,-0.041169,-1.74887,1.291162,-0.898377,-0.120488,-1.685044,-1.194355,-0.435497,0.341316,0.747428,0.034391,-0.595412,-1.967452,-1.006603,-0.701476,0.67682,-0.513391,-1.264212,0.822485,-1.037257,-0.636096,0.185252,0.94184,0.796495,-1.087016,0.679777,0.124475,0.610799,-0.879811,0.328734,-1.977052,-1.625812
TRAIN_0245,NCIH1792,Wnt-C59,4.126374,0.416797,-0.11213,0.057088,0.896803,-0.062258,-0.559829,0.289747,1.402295,-0.622208,0.304762,0.20379,1.461393,-0.464755,-1.020403,-1.476491,-0.635377,-1.019338,-0.35829,-0.611661,-1.656492,1.427366,-0.119452,0.25517,-1.160435,-0.53793,0.215979,-1.331185,0.065539,-0.820751,-0.635142,-1.446558,1.875275,0.048762,-2.276183,0.845499,-1.454352,0.485049,-2.641868,-1.382872,0.200472,0.963872,0.347919,0.313621,-0.728087,-2.159561,-1.26736,-0.763082,2.083138,0.731689,-2.850428,0.119786,-0.312679,-1.330538,0.430057,2.008645,0.900242,-0.610285,0.226925,0.062583,0.819316,-0.759071,-0.784926,-1.373283,-1.653098
TRAIN_0246,HS683,Ipatasertib,3.368944,0.544142,1.152567,-0.436553,1.12077,0.145481,-0.113239,1.122286,-0.076734,-0.23406,0.026628,-1.440893,0.249639,0.659813,-1.402394,-1.173078,0.117423,-0.643888,0.686588,-0.826562,-0.398264,1.254469,-0.071511,-0.584622,-0.920067,-0.822348,-0.23634,-1.266881,-0.252667,0.614021,0.447926,0.511022,0.77124,-0.041169,-1.74887,1.291162,-0.898377,-0.120488,-1.685044,-1.194355,-0.435497,0.341316,0.747428,0.034391,-0.595412,-1.967452,-1.006603,-0.701476,0.67682,-0.513391,-1.264212,0.822485,-1.037257,-0.636096,0.185252,0.94184,0.796495,-1.087016,0.679777,0.124475,0.610799,-0.879811,0.328734,-1.977052,-1.625812
TRAIN_0247,HT1080,Pevonedistat,0.068575,-0.053871,-0.337587,0.749017,2.16581,0.063063,-0.663736,2.85102,0.914018,0.159537,0.476739,-0.20531,-0.05461,0.855535,-1.419987,-1.320726,-0.730232,-1.317439,0.486364,-0.458256,-1.549788,2.025346,0.496356,-0.389383,-1.869563,-0.62464,0.266781,-1.434568,1.058749,-0.399716,-0.277366,-1.330792,1.228633,-0.682816,-0.490825,1.152252,-0.778952,-0.043693,-0.835052,-0.66123,0.146066,0.914007,0.277556,-0.435219,1.289514,-0.388409,-0.496842,0.572798,0.071261,0.930856,-0.94532,0.808764,-0.01087,0.449711,1.127824,-0.268064,0.90728,-0.947214,-0.613039,-0.305879,0.534017,-0.122104,-0.137274,-0.246915,-0.050385
TRAIN_0248,HUPT3,AZD5363,4.521165,0.272807,-0.516333,1.245692,1.092433,0.530991,0.140734,2.389335,0.664594,-0.623133,-0.083078,-0.803422,-0.296963,0.930549,-2.787543,-2.196784,-0.732182,-1.880486,0.662593,-1.422213,-1.746715,1.485331,-0.658288,0.075324,-1.771355,-0.821555,-0.234717,-1.184149,1.265477,-0.631368,0.157475,-1.397669,2.241619,0.574594,-1.193661,1.704456,-0.918871,-0.337467,-1.541829,-1.361554,0.390457,0.629118,0.188102,-0.557676,0.229776,-1.880555,-1.188523,-0.222116,1.732685,0.126411,-1.202649,0.822169,0.068107,-0.751933,-0.006672,-0.195523,0.688983,-0.150258,-0.834481,0.641929,0.384322,-0.369088,0.190341,-1.304364,-0.968546
TRAIN_0249,RCC10RGB,Schweinfurthin A,2.007659,0.098759,-0.103861,0.600406,1.930951,-0.272105,-0.77659,2.223979,0.904064,-1.062237,1.776855,-0.32243,-0.640073,1.00033,-1.393789,-2.15949,-0.50656,-1.71933,0.306582,-1.198064,-1.616199,1.93953,0.006769,0.200517,-2.32904,-1.127831,-0.139009,-1.533599,0.979909,-1.308126,-0.5316,-0.251443,2.090958,-0.267055,-0.042644,0.491052,-0.123102,-0.499507,-0.040935,-0.726426,-0.473982,0.065581,1.308064,-0.238521,-0.278832,-0.667047,-0.352309,-0.568633,0.479859,0.6705,-0.523728,-0.430424,-0.320889,-0.537186,0.262695,1.06339,0.285212,-0.368177,0.769407,0.566034,0.663789,0.794012,0.173206,-1.420522,-0.045633
TRAIN_0250,NCIH1623,Gemcitabine,-2.948538,0.077343,-1.137384,0.714357,1.968337,-0.486244,0.029308,0.502313,0.853739,-0.579113,0.060746,-0.75767,-0.576177,0.388313,-2.214589,-1.60363,-0.47876,-1.374545,1.15431,-1.1664,-1.485144,0.704725,0.715329,0.331459,-1.628858,0.109676,0.190704,-0.808942,0.133795,-0.863972,-0.068723,-0.762678,2.417195,-0.230534,0.060748,-0.99047,0.083254,0.314386,0.449794,0.950039,-0.159605,0.13818,0.371893,1.187947,0.11539,-0.310914,0.526781,0.998657,-0.312265,0.371461,0.866181,0.462243,0.117781,-0.252551,-0.128006,0.082041,0.321095,0.286839,-0.145789,0.230375,0.290704,0.258246,-0.391576,0.067316,0.644766
TRAIN_0251,UACC812,Oxaliplatin,4.295673,1.467358,0.272945,0.292414,1.368938,0.054408,-0.02104,1.328693,0.030978,1.163064,0.485093,-0.637483,-0.420314,0.126443,-1.898138,-1.123115,-0.638146,-1.618655,0.241017,-1.162161,-0.734473,2.086616,-0.177468,-0.570208,-2.072114,-0.549973,0.281764,-1.366111,0.144689,-0.911549,-0.310438,-1.807624,1.346363,0.838461,-1.450774,0.590721,-1.221463,0.050561,-2.609698,-1.943189,-0.150314,1.330016,0.081487,-0.869923,-0.119171,-2.540909,-1.520236,-0.007524,0.787557,-0.707791,-1.999647,0.272893,-0.613612,-1.044592,0.91765,0.975124,1.958824,-1.838202,-0.182893,0.755296,0.898965,-1.139992,0.265216,-1.945667,-1.871377
TRAIN_0252,L540,Podophyllotoxin bromide,-2.611048,0.305939,-0.43019,-0.566556,0.455612,-0.820279,0.72776,0.780768,0.234432,0.195357,-0.272858,-0.629437,-0.213196,0.64283,-0.76482,-0.791508,-0.259431,-0.337542,0.267644,-0.997009,-0.72668,0.241193,-0.079312,-0.204477,0.513365,-0.308932,-0.643237,-0.678093,0.459118,0.517834,-0.449571,-1.110629,1.391698,0.140031,0.972054,-0.436908,-0.37429,-0.078027,0.738552,-0.572516,0.704447,-0.16993,-0.386633,-0.786953,0.387476,0.082423,0.167151,-0.398062,-0.279672,-0.282337,0.150042,-0.371603,-0.723333,1.44117,-0.751209,-0.026426,-0.991838,-0.903161,0.08405,0.049541,0.519896,0.254223,-0.053808,-0.349084,0.885434
TRAIN_0253,NCIH520,Ibrutinib,4.699298,0.63058,-0.526789,1.280287,1.488832,0.158564,0.489629,1.402611,0.834771,-0.008706,0.115695,-0.381357,-0.347646,-0.264802,-0.527242,-2.223715,-1.144563,-0.235435,0.633561,-1.31317,-0.940935,2.025515,-0.214095,1.35892,-2.117577,-0.13282,0.681014,-0.56863,0.228903,-0.674528,-0.03498,-0.122371,1.93354,0.708188,-1.891867,0.671413,-1.920425,1.071822,-1.468927,-1.295316,0.639379,0.638947,1.189277,-0.011658,0.047712,-1.91301,-1.03971,0.251954,1.599913,1.158022,-2.090559,-0.016427,-0.776175,-0.800208,0.456349,0.743453,1.772427,-1.328322,-0.319949,0.564856,0.933335,0.122512,-0.792163,-1.261157,-1.381985
TRAIN_0254,ME1,UMI-77,2.97328,0.44871,0.137516,0.075242,0.628309,-0.150983,-0.363996,1.693024,0.630577,-0.307656,-0.33764,0.539316,-0.489043,0.560203,-2.089737,-1.353108,-1.14271,-0.658908,0.09658,-0.778773,-0.884986,0.664312,-0.539514,0.287664,-0.195735,-0.544685,0.392485,-1.059144,1.299382,-1.398407,-0.207551,-1.338501,0.365106,-0.703148,-1.775516,1.784482,-1.383722,0.098608,-2.352912,-0.743447,-0.210307,0.431359,0.306862,-0.638044,-0.365328,-0.654332,-0.445791,-0.35702,1.07655,0.120445,-0.618193,-0.108974,-0.247562,-0.563056,1.065136,1.496757,0.837743,-0.62402,-0.119203,-0.832385,0.099837,-0.741815,-0.451002,-1.613875,-0.721833
TRAIN_0255,HPAC,Pevonedistat,1.369456,1.111409,-0.345986,0.748778,1.152787,0.580564,0.681365,1.881097,1.38783,-0.448285,-0.049004,-0.734926,-0.46569,0.048938,-2.293431,-2.014779,-0.682318,-1.130068,-0.171574,-1.395063,-2.254507,2.162018,-1.310558,0.653882,-0.933246,-0.77253,-1.174945,-1.494571,0.396786,-1.190958,-0.590592,0.07822,2.446931,-0.682816,-0.490825,1.152252,-0.778952,-0.043693,-0.835052,-0.66123,0.146066,0.914007,0.277556,-0.435219,1.289514,-0.388409,-0.496842,0.572798,0.071261,0.930856,-0.94532,0.808764,-0.01087,0.449711,1.127824,-0.268064,0.90728,-0.947214,-0.613039,-0.305879,0.534017,-0.122104,-0.137274,-0.246915,-0.050385
TRAIN_0256,D283MED,YK-4-279,0.046085,-0.272338,-0.40229,0.554029,0.788359,0.067916,0.137202,1.041699,0.906849,-0.010425,0.128227,0.123731,0.736325,0.044664,-1.364829,-0.237628,-0.318095,-1.55089,0.567847,-0.684148,-0.693048,0.83824,-0.008307,0.385699,-0.871233,0.006861,-0.078896,-0.158521,0.480005,-0.743214,0.4092,-0.543967,1.253614,1.284911,-0.694366,0.88434,-0.185009,0.790217,-1.165152,-1.033341,0.399766,0.127205,0.200288,-0.638484,-1.108704,-1.046532,0.109341,0.128996,0.725327,1.122576,-1.562517,-0.723996,-1.370188,-1.08128,0.851702,0.429946,0.905542,0.214813,-0.774189,0.479375,0.976631,-0.777711,0.542526,-0.945809,-1.058978
TRAIN_0257,TE441T,SCH772984,4.007446,0.300314,-0.155114,0.909225,1.253562,-0.759929,-0.32938,1.457027,0.802536,-0.203867,0.853719,-0.511414,-0.242869,-1.515198,-1.589565,-0.84843,-0.596276,-0.955565,-0.296574,-0.146009,-0.733162,1.458152,-1.024153,-0.032057,-1.156326,-0.528593,-0.228893,-0.994054,0.692807,-1.38486,0.680583,-0.187276,1.300061,0.112859,-0.871256,0.502775,-1.023537,-0.284351,-1.629988,-1.091055,0.141547,0.718013,0.030703,-0.59647,-0.911607,0.254949,-1.073085,-0.584503,1.00478,0.423009,-0.984193,0.00743,-0.152572,-0.447204,0.27575,0.850544,1.185124,-0.60355,-0.226063,0.767937,1.169371,0.453693,-1.009182,-0.328463,-0.543677
TRAIN_0258,ALLSIL,glutathione,8.675802,-0.159686,0.013991,0.457591,1.612286,0.371559,-0.392097,0.249864,0.58568,-0.867939,1.155905,0.384579,-0.440753,-0.749458,-0.170017,-0.82084,0.37,-1.245564,-0.160579,-0.399334,-0.601695,0.423767,0.21148,-0.503917,-0.701884,-0.180834,0.306322,-0.153704,-0.396011,-1.032942,0.509714,-0.100201,0.445706,-0.952984,-3.362468,2.196447,-3.459791,0.300237,-5.435536,-4.286325,0.720562,0.872282,0.458898,-0.618562,-0.320805,-3.192769,-2.147283,-0.572792,2.752237,0.46293,-3.980761,1.152603,-1.057926,-1.520002,1.821074,2.803769,1.90063,-2.445664,-0.539645,0.850594,3.136874,-1.127356,-0.950194,-3.705366,-3.371789
TRAIN_0259,NCIH2087,PFI3,6.358637,0.492484,-0.485878,1.175099,1.77486,-0.175343,-0.683958,0.940831,0.992638,-0.082531,0.505397,0.190105,-0.882703,-0.251613,-2.213984,-2.007008,-0.255797,-1.541701,1.042163,-0.051323,-1.629029,2.295105,-0.785543,0.614566,-1.100001,-0.188658,0.118626,-2.788794,0.107281,-0.997444,-0.821541,-0.624582,1.901369,0.417754,-1.696534,0.878457,-2.212129,0.510318,-2.27043,-2.397057,0.721811,1.03417,0.333288,0.570053,-0.106409,-3.019625,-1.45422,-0.119299,1.786172,-0.016882,-3.270096,0.877589,-0.12761,-1.089412,2.230132,2.084924,1.389308,-1.769525,-0.989155,0.705202,1.338482,0.059388,0.431915,-1.47855,-2.530403
TRAIN_0260,CAL78,Ruxolitinib,5.785754,0.336329,-0.227848,0.571643,1.409784,0.144211,-0.193616,1.847407,0.679391,-0.400986,-0.490253,0.023541,-0.263547,0.725933,-3.242524,-0.573551,-0.597144,-0.395806,-0.225232,-0.545216,-1.851257,1.062695,0.745268,-0.032009,-1.227504,-0.075523,0.351871,-1.004266,0.534834,0.63839,-0.302378,-0.463769,2.262512,-0.730951,-0.311658,1.924286,-0.693945,0.335053,-2.5754,-2.161819,0.727832,0.466459,-1.022261,-0.563586,-1.165745,-1.411808,-0.139302,-1.371545,2.183629,0.975546,-3.349542,0.276304,-0.850252,-0.610705,0.275402,1.450335,1.011744,-0.98412,-0.5582,0.214258,1.312455,0.320978,-0.478524,-2.129862,-1.448377
TRAIN_0261,EPLC272H,5-azacytidine,4.068088,0.401166,0.195277,1.442279,0.285592,0.644454,-0.111963,0.657708,-0.12715,-0.423683,0.841184,-0.388651,0.42908,-0.555961,-1.34734,-1.835442,-0.212373,-0.266597,0.009921,-1.938673,-0.890615,1.245855,0.043868,0.665231,-1.53434,-0.041529,0.674016,-1.696192,0.423207,-0.673165,-0.245252,-0.247985,1.054916,-0.507593,-1.104617,1.7235,-1.070543,0.781267,-1.527475,-0.650134,-1.221073,0.518895,0.809309,-0.39097,0.607591,-0.601747,-0.888765,-0.670214,0.453918,-0.002514,-2.218559,0.508936,-1.077989,-0.313325,0.869935,0.106378,1.621264,-0.505883,0.093834,-0.078278,1.197772,0.12772,-0.218032,-0.004484,-1.065089
TRAIN_0262,HCC1806,I-BET-762,2.915293,0.488077,-0.664604,0.467754,-0.495835,-0.247149,-0.968927,1.639609,0.892456,-0.074832,1.116645,-0.77865,0.567972,0.624922,-1.374175,-0.564444,-0.922238,-1.07709,-0.09802,-0.860525,-1.45533,1.573609,-0.277629,0.220579,-1.220395,-1.26764,0.207839,-1.711652,0.212295,-1.078423,0.802167,0.060715,1.268731,-0.704534,-2.06734,1.547844,-0.922476,0.50493,-2.429602,-0.913011,0.327607,-0.079501,0.877522,-0.032266,-0.488624,-1.615853,-1.702302,-0.147874,1.151112,0.234571,-1.062192,-0.37917,-0.670013,-1.078272,0.450905,1.028708,1.113745,-0.983379,-0.737085,1.162692,2.147277,-0.390787,-0.557562,-0.329949,-1.877786
TRAIN_0263,REH,Venetoclax,-2.743805,0.302333,0.269761,0.145131,1.390342,0.01624,-0.471086,0.880011,0.310794,-0.018811,-0.285483,-0.274678,-0.063646,0.152265,-0.399982,-0.58076,-0.319214,-0.459908,0.324142,-0.3078,-1.705207,0.671544,-0.868892,0.677027,-0.829785,-0.402098,0.510632,-0.434607,-0.353531,-0.372443,-0.331239,-1.209856,0.694089,0.539926,-0.317065,0.237162,-0.3984,0.574361,-1.305218,-1.522368,0.019091,0.41263,-0.509114,0.111238,-0.048298,-0.701624,-0.310475,0.077001,0.571087,0.31567,-1.300853,-0.089682,0.42843,-1.444992,0.820706,0.334153,0.207075,-0.393762,-0.938077,-0.200956,0.185192,-0.410206,-0.518114,0.109048,0.150823
TRAIN_0264,PANC0813,UMI-77,4.229503,0.590519,0.423043,0.642825,2.365102,-0.190526,-0.071411,2.196418,0.162115,-1.152069,0.733129,-1.426036,-0.169697,0.739862,-2.240916,-2.728345,-0.016581,-0.254263,0.468466,-0.885885,-1.674033,2.107128,-0.343522,0.067583,-1.337683,0.488663,-0.560634,-1.498409,-0.118075,0.041164,-0.660453,-1.477791,2.646931,-0.703148,-1.775516,1.784482,-1.383722,0.098608,-2.352912,-0.743447,-0.210307,0.431359,0.306862,-0.638044,-0.365328,-0.654332,-0.445791,-0.35702,1.07655,0.120445,-0.618193,-0.108974,-0.247562,-0.563056,1.065136,1.496757,0.837743,-0.62402,-0.119203,-0.832385,0.099837,-0.741815,-0.451002,-1.613875,-0.721833
TRAIN_0265,ME1,Lestaurtinib,0.996352,0.44871,0.137516,0.075242,0.628309,-0.150983,-0.363996,1.693024,0.630577,-0.307656,-0.33764,0.539316,-0.489043,0.560203,-2.089737,-1.353108,-1.14271,-0.658908,0.09658,-0.778773,-0.884986,0.664312,-0.539514,0.287664,-0.195735,-0.544685,0.392485,-1.059144,1.299382,-1.398407,-0.207551,-1.338501,0.365106,0.641604,0.00259,-0.89192,-0.874125,0.371957,-0.323725,0.192203,0.060997,-0.068864,-0.044803,-0.434974,-0.013824,-0.321391,-0.200317,-0.170904,-0.092509,0.46786,-0.099648,0.518239,0.761337,0.414129,0.279291,0.183739,0.451036,0.028138,0.48619,0.313583,-0.160691,0.43848,0.04208,-0.074874,-0.261679
TRAIN_0266,NCIH226,LJI308,7.955898,0.907178,0.186648,0.88733,2.010256,-0.669886,-0.367657,1.956188,0.957867,-0.997045,1.916307,-2.11636,-0.822902,1.243713,-2.950718,-2.338436,-0.835168,-1.927936,-0.62631,-1.326567,-2.610871,1.906869,-0.604882,0.978725,-1.040237,-0.748293,-0.057783,-2.40036,0.825646,-0.053996,-0.582817,-2.136627,3.250644,0.086647,-2.078158,1.482891,-1.770383,0.629542,-2.388969,-2.173994,-0.13918,1.542023,0.662961,-0.126305,0.628789,-2.477609,-1.549615,-0.49466,1.277468,0.772695,-3.109852,0.294973,0.357141,-1.236909,0.535015,2.160369,0.89717,-1.628521,-0.184095,0.975268,2.100552,-1.105632,0.014378,-1.923172,-2.13024
TRAIN_0267,CAPAN1,AZD1208,6.065802,0.156033,0.002328,0.224883,2.583537,-0.826097,-0.077371,1.883588,0.968253,-0.558398,0.473351,-0.43784,-0.535541,0.721985,-0.792859,-1.989996,-1.242734,-1.048947,1.601612,-1.302667,-0.581555,2.292886,-0.500781,0.351485,-0.599261,-0.729633,0.008254,-1.432714,-0.134657,-0.920518,-0.901353,-0.579897,1.452615,0.171083,-3.034266,1.438174,-2.664675,-0.151145,-3.519593,-2.441881,-0.374803,1.275011,-0.433133,-0.005407,0.640094,-3.013744,-1.285938,-1.993588,1.52908,0.867297,-2.440785,0.553584,-0.167184,0.197539,1.827979,1.376783,0.754058,-1.536418,-0.964766,0.751982,0.959342,-0.797719,0.124034,-1.808084,-2.37368
TRAIN_0268,A172,Cediranib,0.549915,0.534815,0.022871,0.506864,1.068577,-0.890003,-0.392628,1.058259,0.196406,-0.446188,0.624477,0.582264,-0.27534,0.317173,-1.526953,-2.302451,-0.451069,-0.758502,1.476302,-0.803192,-0.948883,1.123836,-0.760134,0.623991,-0.733379,-0.028355,-0.368327,-0.194796,-0.408397,-0.174244,0.868107,-0.963773,1.159083,0.535635,-0.22993,0.116155,-0.069144,-0.57985,-1.706431,-0.705326,-0.286743,0.65723,0.242444,-0.175805,0.202005,-1.165952,-0.396303,0.245553,1.147345,0.637447,-1.828758,0.492939,-0.713184,-1.122247,0.399273,0.281271,1.057791,-0.189724,-1.171277,-0.178501,-0.035923,-0.572183,0.095516,-0.908154,-1.145821
TRAIN_0269,HDQP1,Osimertinib,-1.239623,0.73129,0.85966,0.080568,1.033131,-0.07217,0.135365,1.159385,0.179337,0.06398,0.795938,-0.83,0.304003,0.779259,-1.468138,-1.344339,-0.174171,-1.243584,0.267179,-1.804824,-0.695057,0.395344,0.570539,-0.110873,-1.249104,-0.7507,-0.055011,-0.214334,-0.94243,0.156508,-0.065054,-1.086342,0.94868,-0.453254,-0.081563,1.169145,-0.166139,0.603459,-1.299116,-0.153011,0.175295,0.639959,0.271869,-0.120909,-0.586648,-0.810258,0.118888,-0.460382,0.996633,0.5473,-1.066676,0.863002,-0.378109,0.40261,0.535283,0.528436,0.04059,-0.480726,-0.262745,-0.456811,0.398712,-0.651188,0.196408,0.077578,-1.235775
TRAIN_0270,OCIAML5,Topotecan,-1.385501,0.848582,0.034453,0.21361,1.01667,-0.39496,0.723551,0.820215,0.401392,-1.379869,0.216578,0.149793,-0.80365,-0.235196,-0.711973,-1.737543,0.203177,-0.852787,-0.012246,-1.087941,-0.629099,2.07896,0.25996,-0.393025,-0.257521,-0.473691,0.751498,-0.263412,-1.253936,-0.849979,0.30322,-0.272729,0.561113,0.0613,-0.686108,0.011542,-1.072884,0.325548,0.454128,-0.29841,-0.051789,-0.022524,0.104188,-0.028353,0.359929,0.498034,-0.464723,-0.191579,0.535525,-0.683298,-1.126647,0.139129,0.217313,-0.415397,-0.240307,-0.297474,-0.358832,0.279495,-0.615029,-0.106215,-0.37449,-0.766045,0.420211,-0.348572,-0.001642
TRAIN_0271,G361,EPZ004777,5.109057,0.018528,-0.017198,0.221373,1.027484,0.657876,0.491393,0.556434,1.001044,0.047107,-0.159717,0.055424,0.413235,-0.376458,-1.920142,-0.808686,-0.293735,-0.497876,0.410321,-0.498213,-1.741973,1.643142,0.412344,-0.063116,-1.109981,-1.181361,0.341852,-0.593116,0.255868,0.1034,-0.389838,-0.177289,0.904964,-0.797923,-1.158517,0.539009,-1.716331,0.151955,-3.575381,-1.910836,0.40965,2.214791,-0.043305,0.538452,-0.296614,-2.652246,-0.730754,-0.440476,1.677929,0.672734,-3.06701,0.096018,-0.224977,-1.174946,0.920479,1.758898,1.595041,-2.032493,0.157567,0.580777,1.43058,-0.537028,-0.173271,-1.353755,-1.609421
TRAIN_0272,CORL95,glutathione,9.849241,1.129158,-0.14523,0.127105,1.22142,0.193724,0.046797,1.408708,0.55922,-0.650181,0.06382,0.359247,-0.611838,0.842722,-1.090787,-1.170015,-0.759925,-0.778232,0.291993,-1.330529,-1.20448,0.828761,0.37536,-0.166963,-1.278122,-0.385145,-0.022115,-0.820448,0.126104,-0.145578,-0.955256,-0.51907,2.761879,-0.952984,-3.362468,2.196447,-3.459791,0.300237,-5.435536,-4.286325,0.720562,0.872282,0.458898,-0.618562,-0.320805,-3.192769,-2.147283,-0.572792,2.752237,0.46293,-3.980761,1.152603,-1.057926,-1.520002,1.821074,2.803769,1.90063,-2.445664,-0.539645,0.850594,3.136874,-1.127356,-0.950194,-3.705366,-3.371789
TRAIN_0273,SKMEL3,GSK591,3.300169,-0.033561,-0.302433,0.793329,2.239137,0.116353,0.049984,1.522204,0.074162,-0.315829,0.416909,-0.208015,-0.312393,0.382414,-1.678402,-1.343457,-1.061406,-0.966007,0.945508,-0.563239,-1.134431,2.114486,-0.8601,-0.500986,-0.277519,-0.410262,-0.033015,-1.515611,0.522844,-0.205783,-0.779389,-0.549001,1.306363,-0.136081,-1.662679,-0.172512,-1.44335,0.551778,-1.825702,-2.174394,-0.171218,-0.350186,0.082911,0.295546,-0.709469,-0.91002,-1.093143,-0.543923,0.735366,0.60418,-3.352758,0.781236,-0.153932,-0.227669,0.309878,1.462185,1.530153,-0.903708,-0.847104,-0.751981,1.481056,-0.718513,-0.532184,-1.100908,-1.6258
TRAIN_0274,HCC1954,Venetoclax,1.971214,1.041225,-0.53711,0.805538,1.355124,-0.06097,0.443211,1.667769,0.77685,-1.214365,-0.032867,-0.443284,-0.337149,-0.365686,-0.371009,-0.66341,-0.162355,-0.798715,0.152885,-1.224315,-1.125223,1.336804,-0.806956,0.222742,-1.251849,-1.402562,-0.338775,-1.155404,1.253479,-0.216745,-0.908143,-0.252884,0.75292,0.539926,-0.317065,0.237162,-0.3984,0.574361,-1.305218,-1.522368,0.019091,0.41263,-0.509114,0.111238,-0.048298,-0.701624,-0.310475,0.077001,0.571087,0.31567,-1.300853,-0.089682,0.42843,-1.444992,0.820706,0.334153,0.207075,-0.393762,-0.938077,-0.200956,0.185192,-0.410206,-0.518114,0.109048,0.150823
TRAIN_0275,SKM1,Dacarbazine,5.333308,-0.530944,-0.478484,0.332219,0.710785,-0.01,-0.235135,1.034909,0.307979,0.182658,-0.691614,-2.127989,-0.025727,-0.625298,-0.794836,-0.771865,0.591327,-0.16453,0.19603,0.091688,-0.324054,0.298664,0.454479,-0.530571,-0.351159,-0.969714,0.141894,-0.31776,0.973445,-0.998663,-0.405427,0.194781,0.834313,-0.475878,-1.131013,0.538355,-1.667342,-0.280267,-2.362943,-3.012864,0.908218,1.204929,0.105786,-0.102393,-0.191992,-2.946372,-1.622225,-0.452266,0.929626,0.287547,-1.453792,0.062702,-0.075708,-1.434899,1.286381,2.066408,2.135488,-1.515833,0.472821,0.264152,1.762792,-0.685698,-0.874179,-2.009252,-1.937167
TRAIN_0276,A673,PD0325901,2.116752,0.925598,-0.435155,0.602848,1.283088,-0.601183,-0.16747,-0.691819,-0.060827,-0.402406,-0.304785,0.543646,-0.98899,-0.077712,-1.059927,-0.293875,-1.048641,-0.014115,0.189941,-1.024809,-0.599596,0.961552,-0.432899,0.074618,-1.030623,-0.26342,0.396305,0.116051,-0.397941,0.713251,-1.147604,-0.429787,1.383577,-0.224669,-0.280945,0.774946,-1.051888,-0.065424,-0.765045,-0.735482,0.520815,-0.094234,-0.215982,-0.39661,0.437585,-0.778714,-0.02923,0.821953,0.343315,0.679785,0.200716,0.630315,-0.147089,0.07726,-0.423393,-0.018706,0.033064,0.818061,-0.517656,-0.294433,-0.170617,0.107331,0.004445,0.144931,-0.095186
TRAIN_0277,QGP1,Cediranib,4.387369,0.80085,0.478635,0.875922,1.309145,-0.24414,-0.949455,2.325786,0.914098,-1.41824,0.46698,-0.295619,-0.696424,0.137353,-2.789104,-1.679316,-0.963997,-2.230607,0.171917,-0.542562,-1.800364,2.536587,-0.042401,0.246212,-1.685257,-0.653534,-0.005506,-1.460719,0.692897,-1.151314,-0.869832,-1.246211,3.130323,0.535635,-0.22993,0.116155,-0.069144,-0.57985,-1.706431,-0.705326,-0.286743,0.65723,0.242444,-0.175805,0.202005,-1.165952,-0.396303,0.245553,1.147345,0.637447,-1.828758,0.492939,-0.713184,-1.122247,0.399273,0.281271,1.057791,-0.189724,-1.171277,-0.178501,-0.035923,-0.572183,0.095516,-0.908154,-1.145821
TRAIN_0278,RT112,Sapitinib,4.524815,0.919598,-0.149034,0.431362,0.398537,-0.321781,-0.678006,0.977917,0.038843,-0.584121,0.212603,-0.30665,-1.164173,-0.53739,-1.284818,-1.720189,0.106493,-0.663301,0.544128,0.009703,-1.23683,0.835599,0.262883,0.306491,-1.185173,0.278674,-0.021144,-0.865396,0.298436,-0.92745,-0.184676,0.237409,1.641526,-0.321152,-0.89322,2.150448,-1.544818,0.463063,-2.484274,-1.98229,-0.116526,-0.209851,0.869648,-1.245265,-0.470904,-2.253622,-1.252609,0.169662,1.290669,-0.095844,-2.279635,-0.017879,-0.455308,-0.67565,1.636428,0.202576,1.031053,-1.102597,0.125155,0.550354,1.393475,-0.366924,-0.675015,-0.639908,-0.947468
TRAIN_0279,BFTC909,Navitoclax,1.050309,0.481707,0.284138,-0.264788,1.687669,-0.002296,-0.379176,1.473343,1.697579,-0.25301,0.521597,-0.569186,-0.766122,0.592433,-1.829737,-1.227915,-0.650768,-0.502524,0.397053,-0.146461,-1.289681,0.938816,-0.654789,-0.172675,-0.855139,-0.020328,-0.379819,-0.40843,0.95306,-0.233318,0.724699,-0.827713,0.734676,-0.029509,-0.646634,0.08071,-0.382076,-0.66279,-0.656617,-0.414112,0.397478,0.462774,0.857842,0.374347,-0.464051,-1.08276,-0.823571,0.030084,0.063461,0.724872,-0.278355,-0.266745,-0.298054,-0.352543,0.768064,1.354277,-0.346299,-0.60646,-0.297843,-0.523745,0.277489,-0.041554,-0.238311,-1.362076,0.799367
TRAIN_0280,CAS1,Entospletinib,4.99151,0.65156,-0.926777,0.862617,2.056166,-1.248912,-0.064999,2.313712,0.221253,0.33094,0.793526,-0.851333,-0.5292,0.539614,-2.021468,-1.587338,-1.065588,-1.005539,-0.368599,-1.033018,-1.972169,1.209871,0.375019,0.618343,-1.229042,-1.132134,-0.038806,-0.63239,0.475263,0.513132,-0.117323,-0.551657,1.839249,-0.460445,-1.155298,1.828462,-0.691748,0.688008,-1.794165,-1.13593,0.799578,0.597705,-0.485857,-0.094858,-0.745593,-2.181326,-1.165328,0.727405,1.250517,0.565312,-2.583247,-0.559369,-0.840264,-0.03808,0.851334,1.452532,1.410976,-1.23439,0.34811,0.054134,1.794322,-0.314834,-1.102193,-1.611507,-2.230498
TRAIN_0281,NCIH1105,Savolitinib,3.693,0.803774,-0.34998,0.667137,1.38274,-0.678999,-0.272872,1.385312,0.625573,-0.417305,0.538458,-0.643744,0.206628,-0.361481,-2.125871,-0.201602,-1.037819,-1.611418,0.657195,-1.876395,-1.420771,2.425268,-0.980792,-0.928674,-2.064207,-0.053123,0.664737,-1.318317,0.688263,0.140918,0.624527,-0.678363,0.558363,0.446683,-0.236442,0.884214,-0.261916,0.360314,-1.718579,-1.093851,0.149717,0.346646,0.956652,0.053191,-0.199862,-1.01985,0.898876,-0.944084,0.445465,-0.408147,-1.5639,0.388859,-0.548845,-0.825672,0.573439,0.595481,0.919745,-0.131949,0.084627,0.712501,1.343962,-0.252027,-0.231762,-1.294518,-1.177773
TRAIN_0282,KMH2,SCH772984,2.593272,0.723242,-0.023722,0.299547,1.664207,0.16958,0.659078,1.2925690919220059,0.471341,-1.107265,0.23075,-0.41936,0.016782,0.176836,-0.906459,-0.746514,0.719463,-0.802506,-0.270434,-0.455086,-1.300337,1.674141,-0.285358,-0.239794,-1.142778,0.012607,-0.00825,-1.053657,1.071878,-0.810504,-0.167935,-0.056946,0.363655,0.112859,-0.871256,0.502775,-1.023537,-0.284351,-1.629988,-1.091055,0.141547,0.718013,0.030703,-0.59647,-0.911607,0.254949,-1.073085,-0.584503,1.00478,0.423009,-0.984193,0.00743,-0.152572,-0.447204,0.27575,0.850544,1.185124,-0.60355,-0.226063,0.767937,1.169371,0.453693,-1.009182,-0.328463,-0.543677
TRAIN_0283,HCC1428,Savolitinib,3.188743,0.919853,-0.004588,1.082043,1.117566,-0.45944,0.102603,2.133735,0.346196,-0.667795,1.593526,-0.00987,-0.667477,0.806395,-2.79798,-3.209242,-1.230666,-0.602711,0.29246,-1.362616,-2.080001,2.955053,0.504429,1.201675,-2.026611,-0.596152,-0.606732,-0.834503,-0.070453,-0.712457,-0.947286,-1.116737,2.112729,0.446683,-0.236442,0.884214,-0.261916,0.360314,-1.718579,-1.093851,0.149717,0.346646,0.956652,0.053191,-0.199862,-1.01985,0.898876,-0.944084,0.445465,-0.408147,-1.5639,0.388859,-0.548845,-0.825672,0.573439,0.595481,0.919745,-0.131949,0.084627,0.712501,1.343962,-0.252027,-0.231762,-1.294518,-1.177773
TRAIN_0284,SU8686,Motesanib,6.701445,-0.089051,-0.138621,1.477262,2.074998,0.462062,0.358422,2.470165,1.048771,-0.607486,1.096958,-0.806589,-1.555061,0.564892,-3.08711,-2.754398,-0.740946,-1.382407,-0.291881,-1.11397,-1.378253,1.367457,0.338684,-0.691088,-0.819061,-0.92309,0.218997,-2.46295,0.464077,-0.677361,-0.427514,-1.07455,1.967897,-0.33743,-1.714718,0.221293,-1.94992,-0.867438,-2.722298,-1.9528,0.188785,1.512195,-0.20341,-0.156568,-0.104476,-4.011462,-1.423408,-0.779089,1.663805,1.301275,-3.500487,0.229585,-1.599768,-0.373112,0.896363,1.499208,1.525964,-1.080643,-0.341696,1.876073,1.852952,-1.031283,-0.590124,-2.040356,-2.744688
TRAIN_0285,CHAGOK1,EPZ004777,4.022883,0.935861,-0.870795,-0.675732,1.88094,-0.900796,-0.329725,0.880876,-0.188605,-0.165067,0.883219,-0.718431,-1.727843,-0.048516,-1.580135,-2.340642,-0.430273,-0.947833,0.581351,-0.783099,-1.797531,1.9588,-0.288846,0.049032,-1.789182,-0.726974,-0.339435,-1.154903,1.204603,-1.243504,-1.077551,0.17704,1.614748,-0.797923,-1.158517,0.539009,-1.716331,0.151955,-3.575381,-1.910836,0.40965,2.214791,-0.043305,0.538452,-0.296614,-2.652246,-0.730754,-0.440476,1.677929,0.672734,-3.06701,0.096018,-0.224977,-1.174946,0.920479,1.758898,1.595041,-2.032493,0.157567,0.580777,1.43058,-0.537028,-0.173271,-1.353755,-1.609421
TRAIN_0286,LOXIMVI,Dabrafenib,1.33831,0.111913,0.76042,0.223345,-0.252332,-1.129862,-0.113394,1.186467,0.61517,-0.1777,0.883322,-0.527908,0.188055,-0.681241,-1.518123,-1.864257,-0.450603,-0.587252,0.232079,-0.474805,-1.250394,0.721209,-0.874475,0.719226,-0.945362,-0.547651,0.856251,-1.262198,-0.353539,-0.882651,-0.196402,-0.11932,1.40151,0.139885,-1.896774,0.605157,-1.594931,0.445624,-3.775656,-1.195169,0.007943,0.291402,0.692678,-0.161724,0.217762,-1.697635,-0.933893,-0.673492,1.611706,0.238667,-2.711719,0.725065,-0.571427,-0.860711,1.337607,1.279548,1.214737,-1.387704,-0.185463,0.604331,1.714989,-0.910719,-0.469579,-1.038075,-1.424538
TRAIN_0287,JVM3,Uprosertib,1.49548,0.885396,0.266385,0.424901,0.186,-0.803703,-0.165904,1.019257,-0.561447,-0.651201,0.20604,-0.614388,-0.518932,-0.148068,-1.186753,-0.941392,0.203611,-0.920457,-0.716166,-0.554179,-0.006013,0.28758,-0.291758,0.039966,-1.248122,0.103966,0.220934,-0.507818,0.601918,-0.721952,0.487124,-0.081238,0.3196,-0.484458,-0.113664,1.309084,-0.393676,0.243803,-1.573191,-1.750486,0.668881,0.831331,0.432499,0.743707,-0.564513,-1.347279,-0.461904,-0.867817,0.824391,0.544933,-1.694045,0.935986,-1.089935,-0.026572,0.86188,0.611087,0.346683,-1.769065,-0.666162,0.811316,0.819292,0.165291,-0.471194,-0.607383,-1.397745
TRAIN_0288,KYSE180,Schweinfurthin A,0.595156,0.197702,-0.614301,0.403936,1.249395,-0.496171,-0.286171,0.665528,1.111314,-0.484722,1.116412,0.431234,-0.375325,-0.330283,-2.418362,-1.976022,-1.091133,-0.038866,0.283817,-0.457955,-2.125483,0.454638,0.281235,0.191932,-1.097821,-0.108923,0.897639,-0.937944,0.304766,-0.335487,0.986363,-1.482231,1.673172,-0.267055,-0.042644,0.491052,-0.123102,-0.499507,-0.040935,-0.726426,-0.473982,0.065581,1.308064,-0.238521,-0.278832,-0.667047,-0.352309,-0.568633,0.479859,0.6705,-0.523728,-0.430424,-0.320889,-0.537186,0.262695,1.06339,0.285212,-0.368177,0.769407,0.566034,0.663789,0.794012,0.173206,-1.420522,-0.045633
TRAIN_0289,GA10,MN-64,4.905454,0.04907,-0.192365,0.641046,0.748163,0.196423,0.395215,0.43381,-0.014803,-0.720786,-0.206751,1.298635,0.44555,-0.583689,-1.387504,-0.41384,0.06019,-0.110025,-0.008191,-0.40741,-0.372166,0.599302,-1.195354,-0.089266,-0.966533,-0.11904,1.534735,-0.253172,-0.014151,0.2329,0.130618,-0.018359,1.006544,0.339362,-2.441094,1.091857,-0.840315,-0.271749,-2.729759,-0.775707,0.594335,1.106768,0.495544,-0.363899,0.224212,-2.289524,-1.997075,-0.846754,1.010852,0.3451,-2.621561,1.056797,-0.196659,-0.825182,0.863118,0.927866,0.225757,-1.129636,-0.039744,0.414067,1.111485,-0.445051,-0.304091,-0.720908,-1.074448
TRAIN_0290,SW626,AZD6738,2.619811,0.403529,-0.467023,0.277902,2.016219,-0.359076,-0.449952,1.324597,0.456573,-0.354697,-0.062863,-0.010651,-0.777543,0.190466,-2.766186,-1.897361,-0.780645,-1.135496,1.080391,-0.906697,-1.945762,1.251259,0.050027,0.723384,-1.421117,-0.252498,0.426483,-0.552403,-0.562884,-0.324923,0.172059,-1.329065,1.587981,0.399296,-0.097103,-0.103205,-0.434453,-0.83835,-1.314308,-0.304488,-0.148214,-0.27502,0.184134,-0.377286,0.119699,-1.400575,-0.852694,-1.308942,0.769866,0.142173,-1.736439,0.306868,0.264046,-0.546351,0.530379,0.804624,0.001197,0.484577,-0.435759,0.542679,1.016648,-0.380247,0.183112,-0.593868,-1.483824
TRAIN_0291,KE37,Pictilisib,0.829048,-0.154432,-0.506803,0.093756,-0.026755,-0.27477,0.105976,0.619671,-0.23242,-0.376293,0.690224,0.117469,0.906149,0.658322,0.032405,-1.180538,0.223307,-0.312276,-0.186841,-0.172148,0.074191,0.663879,-0.502929,0.390279,-0.720719,-0.04523,-0.120383,-0.434132,0.489107,-0.689539,0.89031,-1.080286,0.223699,0.328966,0.14286,1.224368,-0.477249,-0.180723,-0.442156,-1.079718,-0.264118,0.781909,0.003427,-0.648293,-0.859974,-0.540686,0.295847,0.388231,0.459439,1.135775,-0.726188,0.054571,-1.430884,-0.48238,0.659771,1.175996,-0.059212,-0.089596,0.405268,0.132202,-0.768818,-0.05948,0.309762,-0.896517,-0.584229
TRAIN_0292,KE37,IWP-2,1.886844,-0.154432,-0.506803,0.093756,-0.026755,-0.27477,0.105976,0.619671,-0.23242,-0.376293,0.690224,0.117469,0.906149,0.658322,0.032405,-1.180538,0.223307,-0.312276,-0.186841,-0.172148,0.074191,0.663879,-0.502929,0.390279,-0.720719,-0.04523,-0.120383,-0.434132,0.489107,-0.689539,0.89031,-1.080286,0.223699,-0.085543,-1.183603,0.250224,-0.466901,0.914298,-1.117102,-0.912395,0.316643,0.036216,0.02658,-0.442813,-1.175417,-0.761234,-0.975855,0.196143,1.36303,0.578107,-1.231507,-0.02495,0.593007,-0.568935,0.684548,0.574831,0.346799,-0.493425,-0.160978,-0.105706,0.131782,-1.052958,0.436111,-1.271713,-1.212938
TRAIN_0293,MKN7,GW441756,4.647996,0.781493,-0.587142,0.602202,1.143918,0.156051,-0.673596,1.996627,0.664116,-0.568756,0.665029,-0.885833,-0.402256,1.028799,-2.473678,-1.293494,0.136404,-1.511616,-0.385136,-0.838365,-1.812491,2.531212,-0.228593,-0.327524,-2.125926,-0.048184,-0.164735,-1.23216,0.887246,-0.89656,-0.340782,-0.663879,2.359828,-0.673499,-2.055086,0.282676,-0.060868,0.576502,-1.924002,-1.458759,0.079055,1.344161,-0.068802,0.169351,-0.484327,-0.552684,-0.370239,0.148356,0.796549,0.882968,-1.972083,0.388799,0.420919,-1.218565,0.731603,1.280852,1.219148,-1.089721,0.724667,-0.30629,1.734178,0.114021,0.75923,-1.933553,-1.666416
TRAIN_0294,TYKNU,Schweinfurthin A,0.633224,0.065125,-0.358222,0.779081,1.592285,0.035303,0.331709,0.761177,0.228915,-0.32331,0.144115,1.25644,-0.176742,0.186625,-2.043137,-1.84971,-0.509635,-0.889145,0.064894,-0.98391,-0.645767,2.059941,-0.084669,-0.607615,-1.06027,0.269143,0.788399,-0.706852,1.061799,-0.533802,0.041854,-0.901878,1.87461,-0.267055,-0.042644,0.491052,-0.123102,-0.499507,-0.040935,-0.726426,-0.473982,0.065581,1.308064,-0.238521,-0.278832,-0.667047,-0.352309,-0.568633,0.479859,0.6705,-0.523728,-0.430424,-0.320889,-0.537186,0.262695,1.06339,0.285212,-0.368177,0.769407,0.566034,0.663789,0.794012,0.173206,-1.420522,-0.045633
TRAIN_0295,RERFLCKJ,YK-4-279,2.238128,0.338772,-0.17732,-0.179712,1.895965,-0.254011,-0.184169,1.569151,0.271159,-0.178753,0.286743,-0.849974,-0.116962,0.955565,-1.295979,-1.033636,-0.747695,-1.676712,1.017452,0.2402,-0.452754,1.102503,-0.773016,-0.474309,-2.07681,-0.52555,0.898985,-1.06849,0.476809,0.167177,-0.454882,0.496218,2.601566,1.284911,-0.694366,0.88434,-0.185009,0.790217,-1.165152,-1.033341,0.399766,0.127205,0.200288,-0.638484,-1.108704,-1.046532,0.109341,0.128996,0.725327,1.122576,-1.562517,-0.723996,-1.370188,-1.08128,0.851702,0.429946,0.905542,0.214813,-0.774189,0.479375,0.976631,-0.777711,0.542526,-0.945809,-1.058978
TRAIN_0296,QGP1,Tretinoin,6.356605,0.80085,0.478635,0.875922,1.309145,-0.24414,-0.949455,2.325786,0.914098,-1.41824,0.46698,-0.295619,-0.696424,0.137353,-2.789104,-1.679316,-0.963997,-2.230607,0.171917,-0.542562,-1.800364,2.536587,-0.042401,0.246212,-1.685257,-0.653534,-0.005506,-1.460719,0.692897,-1.151314,-0.869832,-1.246211,3.130323,0.398319,-1.043628,1.428883,-1.975526,0.752678,-3.190019,-1.059528,0.244501,0.306169,-0.34765,-0.146683,-0.36881,-1.169451,-1.568098,-0.651442,1.010568,0.254341,-1.72685,-0.095962,-0.267563,-0.789855,0.879157,1.761935,0.776911,-0.39462,0.511885,0.506219,2.63297,-0.897694,-0.070298,-0.89604,-1.972434
TRAIN_0297,NCIH1623,WZ4003,4.582389,0.077343,-1.137384,0.714357,1.968337,-0.486244,0.029308,0.502313,0.853739,-0.579113,0.060746,-0.75767,-0.576177,0.388313,-2.214589,-1.60363,-0.47876,-1.374545,1.15431,-1.1664,-1.485144,0.704725,0.715329,0.331459,-1.628858,0.109676,0.190704,-0.808942,0.133795,-0.863972,-0.068723,-0.762678,2.417195,-0.352394,-2.224651,1.006627,-2.14779,0.240393,-1.357918,-1.892007,0.34007,1.363676,0.351402,0.003676,-0.55239,-1.938602,-1.3674,-0.144835,0.432432,0.909143,-2.875255,0.880821,-0.651623,-1.450417,1.043699,1.735359,0.929006,-0.674249,-1.523727,-0.25193,1.848817,-0.702541,-1.15998,-1.713279,-1.936336
TRAIN_0298,COLO668,BMS-345541,3.91883,0.7578,0.468056,0.646461,0.658893,-0.001144,-0.526652,1.091226,0.951918,0.216163,0.476348,-0.243363,0.451343,0.328067,-0.341443,-1.197847,-1.363027,-0.492704,0.460317,-0.134536,-0.875675,1.188827,-0.805947,-0.046548,-1.648208,-0.757538,0.389501,-0.153015,0.51982,-1.113506,-0.028077,0.081834,1.285031,-0.169039,-1.1617,0.043758,-1.063142,0.53618,-1.745866,-0.831165,0.300938,0.990229,0.252296,0.226182,-1.094784,-1.950184,0.061497,-1.698605,1.004816,0.935536,-1.839328,0.12703,-0.326849,-0.864869,0.63739,0.706652,1.501283,-0.141702,-0.381109,-0.356409,0.730034,-0.579229,0.063987,-1.628952,-1.60091
TRAIN_0299,MFE280,glutathione,10.384747,1.13432,-0.060806,0.984699,1.599176,-1.115746,-0.669905,1.951856,0.868475,0.110185,0.75672,-0.957464,-0.874511,0.299005,-3.114461,-0.928008,-0.354392,-0.42269,-0.468802,-0.306699,-0.32915,0.839037,0.154714,0.069642,-2.229848,-0.310505,0.530284,-1.478122,0.967327,-1.447883,-1.045804,-0.547295,1.907721,-0.952984,-3.362468,2.196447,-3.459791,0.300237,-5.435536,-4.286325,0.720562,0.872282,0.458898,-0.618562,-0.320805,-3.192769,-2.147283,-0.572792,2.752237,0.46293,-3.980761,1.152603,-1.057926,-1.520002,1.821074,2.803769,1.90063,-2.445664,-0.539645,0.850594,3.136874,-1.127356,-0.950194,-3.705366,-3.371789
TRAIN_0300,KYSE180,AZD7762,-1.012914,0.197702,-0.614301,0.403936,1.249395,-0.496171,-0.286171,0.665528,1.111314,-0.484722,1.116412,0.431234,-0.375325,-0.330283,-2.418362,-1.976022,-1.091133,-0.038866,0.283817,-0.457955,-2.125483,0.454638,0.281235,0.191932,-1.097821,-0.108923,0.897639,-0.937944,0.304766,-0.335487,0.986363,-1.482231,1.673172,-0.166955,-0.370453,-0.180964,-0.726078,0.57589,0.682091,0.408412,0.647209,-0.12751,-0.30773,-0.396311,0.303763,0.02382,-0.082288,0.619624,0.266613,-0.398479,-0.447429,0.360661,0.497501,0.234767,0.985559,0.880061,0.277024,-0.470211,-0.673756,-0.173591,0.435799,0.884249,0.197458,0.517233,-0.195235
TRAIN_0301,COLO680N,RVX-208,6.32914,0.554048,-0.404524,1.181598,2.43739,-0.25709,0.437493,1.461185,0.890656,-0.962501,-0.235137,-0.637637,-0.660145,1.068066,-2.146481,-2.731607,0.203531,-0.692729,0.695402,-1.281629,-2.296982,1.6998,0.25386,1.029184,-1.061653,-0.944902,-0.417081,-1.410582,-0.400796,-0.61128,-0.449134,-1.007256,1.586041,-0.38742,-2.580971,1.334802,-1.679371,0.558888,-3.151337,-2.297561,0.483502,1.820233,0.251735,0.046177,-0.593295,-2.895544,-0.55026,-0.207448,1.873823,0.402596,-2.233879,0.912391,0.256952,-0.478059,0.910514,0.826787,1.415507,-1.077152,-0.089634,1.152768,1.353685,0.362214,-1.146322,-1.379454,-2.117475
TRAIN_0302,NCIH1963,WZ4003,4.817159,0.719245,-0.30049,0.668591,0.269234,0.240572,-0.435959,1.074497,0.472769,-0.953396,-0.209475,0.170373,-0.115592,0.688723,-1.132095,-1.095493,-1.243419,-0.820411,0.198911,0.362232,-0.612012,1.759611,0.146021,-0.309966,-0.905347,-0.250189,-0.394533,-0.970895,0.151294,0.396449,-1.237715,0.195826,0.784756,-0.352394,-2.224651,1.006627,-2.14779,0.240393,-1.357918,-1.892007,0.34007,1.363676,0.351402,0.003676,-0.55239,-1.938602,-1.3674,-0.144835,0.432432,0.909143,-2.875255,0.880821,-0.651623,-1.450417,1.043699,1.735359,0.929006,-0.674249,-1.523727,-0.25193,1.848817,-0.702541,-1.15998,-1.713279,-1.936336
TRAIN_0303,KARPAS422,glutathione,9.524765,0.445977,-1.062448,0.235244,-0.143492,0.536385,-0.691483,1.629007,0.959529,-0.747967,-0.22238,-0.118646,-0.71746,0.204659,-1.454536,-1.984269,-1.471754,-0.528847,-0.081529,-0.852281,-0.547544,1.516021,-0.279427,-0.127483,-0.653295,-1.023636,0.181907,-0.453848,0.578328,-1.349213,-0.565627,-0.820646,1.224387,-0.952984,-3.362468,2.196447,-3.459791,0.300237,-5.435536,-4.286325,0.720562,0.872282,0.458898,-0.618562,-0.320805,-3.192769,-2.147283,-0.572792,2.752237,0.46293,-3.980761,1.152603,-1.057926,-1.520002,1.821074,2.803769,1.90063,-2.445664,-0.539645,0.850594,3.136874,-1.127356,-0.950194,-3.705366,-3.371789
TRAIN_0304,HT1080,Selumetinib,4.388502,-0.053871,-0.337587,0.749017,2.16581,0.063063,-0.663736,2.85102,0.914018,0.159537,0.476739,-0.20531,-0.05461,0.855535,-1.419987,-1.320726,-0.730232,-1.317439,0.486364,-0.458256,-1.549788,2.025346,0.496356,-0.389383,-1.869563,-0.62464,0.266781,-1.434568,1.058749,-0.399716,-0.277366,-1.330792,1.228633,-0.810097,-0.87841,0.001992,-1.508177,0.036193,-2.431257,-1.561257,0.721834,0.414096,0.451505,-0.603579,-0.409148,-1.381885,-1.249892,-1.136838,1.349737,0.920331,-1.880418,0.109737,-0.324248,-0.679071,0.760136,-0.1876,0.437848,-1.298887,-0.247432,0.438829,1.33671,-0.371541,-0.844224,-0.431682,-0.613065
TRAIN_0305,MESSA,Dabrafenib,5.251605,-0.760918,-0.356702,0.307024,0.76012,0.456302,0.448625,0.948124,-0.35486,-0.61498,0.083343,-0.655917,-0.677842,-0.155814,-1.544775,-1.536219,-0.293028,-0.53526,-0.233344,-0.005878,-1.487655,0.226405,0.030905,-0.361003,-0.845769,-1.586376,0.774582,-0.476893,-0.484853,-1.163668,0.630086,-0.793724,0.891321,0.139885,-1.896774,0.605157,-1.594931,0.445624,-3.775656,-1.195169,0.007943,0.291402,0.692678,-0.161724,0.217762,-1.697635,-0.933893,-0.673492,1.611706,0.238667,-2.711719,0.725065,-0.571427,-0.860711,1.337607,1.279548,1.214737,-1.387704,-0.185463,0.604331,1.714989,-0.910719,-0.469579,-1.038075,-1.424538
TRAIN_0306,UMUC3,Docetaxel,-4.119967,0.150131,0.474689,0.197676,1.511902,-0.105298,0.430404,2.1054,0.687608,-0.675972,0.174534,-0.553107,-0.651751,0.502673,-1.575791,-1.314219,0.104776,-0.01399,0.355665,-0.29786,-1.494141,1.960609,0.320004,0.567242,-1.282892,-0.842331,-0.593724,-1.09441,1.1172,-0.715587,0.120283,-0.139686,1.58716,-0.201625,0.798306,-0.119953,1.481924,0.207791,2.54287,1.570925,0.270332,-1.51689,-0.066681,0.022527,1.135359,1.919822,0.393656,0.640019,-0.957178,-0.111218,1.226762,-0.139139,0.26514,0.807835,-0.964551,-1.307825,-0.330173,0.30066,-0.184375,-0.352008,-1.346629,0.02936,0.235369,0.336949,0.674003
TRAIN_0307,KURAMOCHI,Nelarabine,7.219176,-0.253138,-0.724565,1.106237,2.114376,-0.474592,-0.787517,1.365639,0.726651,-0.236438,1.109796,-0.799756,-1.130987,0.421869,-2.688665,-2.311863,-0.006512,-0.791761,0.452957,-1.716553,-1.575012,2.275523,-0.456502,0.755919,-1.049148,0.184024,0.284625,-1.076043,1.154193,-0.491093,-0.597747,-0.940332,2.323579,0.108648,-1.859486,0.940525,-2.080385,0.296109,-4.492888,-2.940245,0.753945,2.309245,0.493901,0.342122,-0.623125,-2.720623,-0.758025,-0.002749,2.564815,0.089052,-3.226043,0.725623,-0.827157,-1.031861,1.517929,2.368368,2.529324,-1.6844,-1.241947,0.778979,2.70845,-1.10619,0.007227,-1.65551,-2.070404
TRAIN_0308,NCIH2066,Afatinib,2.808549,0.694841,-0.141466,1.221626,1.4945,-1.166471,-0.216203,2.127737,1.710462,-1.22592,1.26005,0.600589,-0.77491,-0.34101,-2.610966,-2.16346,-0.425632,-1.570142,1.173016,-1.699832,-2.646703,2.39758,-1.421405,-0.017094,-0.233919,-0.691018,-0.42081,-1.476993,0.44734,-0.675458,-0.035906,-1.276682,3.174494,-0.204275,-0.566409,0.24649,-1.313204,-0.168949,-1.027645,-0.049129,1.199452,1.036593,-0.302093,-0.40567,-0.230062,0.153774,-0.442267,-0.893838,0.277433,0.550162,-0.53565,0.061768,0.149363,-1.474701,0.35744,0.945316,0.048733,-0.837349,-1.087672,0.96041,0.127197,-0.118821,0.209224,0.203431,-0.674441
TRAIN_0309,PANC0327,AZ6102,2.693361,-0.828361,-0.502996,0.326118,1.597427,-0.091515,-0.284267,1.348765,0.16935,-1.151365,0.828703,-0.0507,0.39271,-0.187436,-1.294943,-1.621613,0.112866,-0.357899,0.375189,-0.948734,-0.731111,1.580792,-0.535908,-0.605969,-1.366519,0.290696,0.668401,-1.54357,-0.261578,0.12207,-0.818054,-0.26154,1.280983,-0.132312,0.429768,0.940714,-1.89687,-0.174931,-1.620668,-0.953549,-0.497241,0.533198,-0.219423,-0.645951,-0.11513,-0.815741,-0.165025,-0.087506,0.611214,0.636786,-1.279589,0.330592,-0.619085,-0.799069,0.534502,2.058587,0.908156,-0.988242,-0.667718,0.023578,1.882188,-0.589405,0.302414,-1.087894,-0.842442
TRAIN_0310,NCIH1092,EPZ5676,5.862957,-0.392618,0.327488,0.352398,2.210119,-0.308134,-0.259504,1.754805,1.503805,-1.168982,0.938604,0.008562,-0.186638,1.445396,-2.502617,-1.539146,-0.710806,-0.568101,0.36376,-1.256139,-0.999069,1.468726,-0.970475,-0.179429,-1.357146,0.059204,0.185321,-0.687327,-0.239598,-0.924255,-0.485509,-0.761153,2.208831,0.336042,-1.117601,1.836242,-2.149894,-0.207372,-2.488257,-2.370486,0.097178,0.383532,0.459751,-0.121611,-1.268007,-2.279847,-1.469421,0.564254,1.50742,0.364927,-3.426205,1.188346,-0.839204,-1.510018,1.39043,1.057639,1.89132,-0.531995,-0.240892,0.880528,2.088836,0.042528,0.290206,-1.655694,-1.575939
TRAIN_0311,MCF7,Uprosertib,1.706687,0.627394,-0.635734,0.638629,1.238456,-0.403414,-0.418633,1.070557,-0.220319,-0.797989,0.632827,-1.132021,-0.452376,1.189232,-1.379104,-0.882729,-0.360068,-0.417087,-0.051455,-1.219446,-2.765156,2.041372,0.547058,-0.20986,-1.534859,-0.91487,0.300936,-0.574903,-0.500135,-0.38881,-0.426577,-0.537887,2.05985,-0.484458,-0.113664,1.309084,-0.393676,0.243803,-1.573191,-1.750486,0.668881,0.831331,0.432499,0.743707,-0.564513,-1.347279,-0.461904,-0.867817,0.824391,0.544933,-1.694045,0.935986,-1.089935,-0.026572,0.86188,0.611087,0.346683,-1.769065,-0.666162,0.811316,0.819292,0.165291,-0.471194,-0.607383,-1.397745
TRAIN_0312,HEL,KU-55933,4.135653,1.100329,-0.54572,-0.234869,1.37241,0.045706,-0.592525,0.941715,-0.107876,0.302654,0.817012,0.021442,-0.06495,1.008285,-1.009857,-1.501233,-0.072001,0.508519,-0.341541,-0.659925,-0.537096,0.746518,-0.610301,0.596566,0.408134,-0.189223,-0.393497,-1.381897,0.327256,0.234962,0.083648,-0.318742,0.682872,0.6512,-1.924108,1.094582,-1.852892,0.768166,-2.529505,-2.139963,-0.454233,1.248724,-0.197944,-0.921249,-1.090903,-2.090494,-0.416727,-0.682696,1.717043,1.115219,-3.459598,0.754084,-0.592769,-0.748792,0.690625,1.162566,1.489788,-0.454609,-0.040872,0.251093,0.81652,-1.57143,0.375053,-2.163908,-1.986113
TRAIN_0313,LP1,Axitinib,3.446022,1.719383,-1.245352,0.869479,1.050285,-0.497507,-0.514172,0.923486,1.511853,0.01153,0.484984,0.271174,-1.162616,-0.454239,-2.75833,-1.854706,-0.409749,-0.832271,0.348853,-1.497784,-0.830664,1.398599,0.169536,-0.887462,-1.087354,-1.068859,-0.101881,-0.737065,0.373345,-0.94983,-0.251368,-1.290759,2.191255,-0.337615,-1.336589,0.630228,-1.021339,0.030928,-1.194684,-0.948314,-0.617212,0.930371,0.457905,-0.32206,-1.020177,-1.334418,-0.655503,-0.977822,0.231364,0.267288,-1.712554,0.084749,-0.390306,-1.164181,0.336318,1.199988,0.668069,-1.595699,-0.516265,-0.235199,1.016693,-0.27436,-0.997458,-0.622018,-1.638975
TRAIN_0314,LOUCY,JNK Inhibitor VIII,5.148155,-0.175691,0.031091,-0.032536,0.565435,-0.861962,-0.217203,0.624397,0.620642,-0.102775,-0.351401,0.33045,-0.107554,0.209704,-0.878414,-1.046674,-0.147904,-0.22478,-0.729927,-0.684088,-0.772493,0.797468,0.49354,-0.355029,-0.899684,-0.504895,-0.350104,-0.699269,0.556988,-0.801238,0.080686,-1.125759,0.565293,0.890215,-2.120391,2.168326,-1.885118,-0.592558,-3.141058,-1.588407,0.124011,0.412498,0.184585,-0.608665,-0.22295,-1.915548,-1.649025,-1.070175,2.024396,0.105635,-3.286358,-0.084705,-0.423603,-0.899475,0.610435,1.607941,2.213688,-1.793799,-1.457354,0.743357,1.463848,-1.101148,0.036945,-1.303092,-2.966786
TRAIN_0315,KASUMI1,Motesanib,-0.972055,0.348239,0.71833,-0.106831,0.081955,0.523987,0.097443,0.976767,0.31102,-0.680509,-0.548742,-0.876392,0.229888,0.646843,0.509193,0.04697,0.459313,-0.509954,-0.509966,0.227853,-0.097855,0.372002,0.144656,0.176257,0.33251,0.529275,0.296198,0.172952,0.338618,-0.36102,0.314938,-0.827914,0.929186,-0.33743,-1.714718,0.221293,-1.94992,-0.867438,-2.722298,-1.9528,0.188785,1.512195,-0.20341,-0.156568,-0.104476,-4.011462,-1.423408,-0.779089,1.663805,1.301275,-3.500487,0.229585,-1.599768,-0.373112,0.896363,1.499208,1.525964,-1.080643,-0.341696,1.876073,1.852952,-1.031283,-0.590124,-2.040356,-2.744688
TRAIN_0316,SKNSH,CPI-637,5.158297,0.013414,-0.052567,0.314563,1.132023,0.057744,0.052377,0.733238,-0.02214,0.921661,0.139293,0.023938,-1.131114,0.030233,-1.408163,-0.975783,-1.756376,-0.6287,-0.354033,-0.475944,-1.510665,0.602248,-0.295479,-0.478709,-1.239013,-0.979254,-0.838634,-0.299886,-0.384001,-0.511441,0.171457,-0.730323,0.889111,-0.038354,-1.442531,0.425094,-1.164845,-0.059502,-2.550215,-0.954445,0.505543,0.128029,-0.666119,-0.179703,-0.990527,-1.562066,-0.897266,-0.505003,0.995334,1.30909,-0.828039,0.274183,-0.314779,-0.814927,0.65055,0.899343,0.645669,-1.638496,-0.191882,0.162798,-0.044519,-0.388915,-0.256,-0.738156,-1.339592
TRAIN_0317,NCIH2087,Podophyllotoxin bromide,1.087762,0.492484,-0.485878,1.175099,1.77486,-0.175343,-0.683958,0.940831,0.992638,-0.082531,0.505397,0.190105,-0.882703,-0.251613,-2.213984,-2.007008,-0.255797,-1.541701,1.042163,-0.051323,-1.629029,2.295105,-0.785543,0.614566,-1.100001,-0.188658,0.118626,-2.788794,0.107281,-0.997444,-0.821541,-0.624582,1.901369,0.140031,0.972054,-0.436908,-0.37429,-0.078027,0.738552,-0.572516,0.704447,-0.16993,-0.386633,-0.786953,0.387476,0.082423,0.167151,-0.398062,-0.279672,-0.282337,0.150042,-0.371603,-0.723333,1.44117,-0.751209,-0.026426,-0.991838,-0.903161,0.08405,0.049541,0.519896,0.254223,-0.053808,-0.349084,0.885434
TRAIN_0318,LCLC97TM1,JNK Inhibitor VIII,4.641212,0.930323,-1.091681,0.350289,1.36438,-0.652315,0.672272,0.986158,0.612979,-0.109606,0.152317,-1.305903,-0.598853,0.714494,-1.74813,-1.84738,-0.001412,-1.001622,0.004375,-0.674974,-0.780681,2.400957,0.227208,0.635674,-1.429314,-0.962399,0.122748,-0.896723,-0.229065,-0.583559,-0.041176,-0.316597,1.781461,0.890215,-2.120391,2.168326,-1.885118,-0.592558,-3.141058,-1.588407,0.124011,0.412498,0.184585,-0.608665,-0.22295,-1.915548,-1.649025,-1.070175,2.024396,0.105635,-3.286358,-0.084705,-0.423603,-0.899475,0.610435,1.607941,2.213688,-1.793799,-1.457354,0.743357,1.463848,-1.101148,0.036945,-1.303092,-2.966786
TRAIN_0319,PANC0403,Motesanib,8.413592,1.560059,-0.594408,1.551644,2.396797,-0.22818,-1.339407,1.287917,1.050858,-0.586869,0.258303,-1.245505,-0.42392,0.64752,-2.963693,-2.219726,-1.437851,-1.710397,1.2994,-1.339693,-2.073681,3.370523,-1.041274,0.500386,-1.323673,-0.986088,0.597643,-2.232481,0.225071,-0.716292,-0.042054,-0.349923,3.58734,-0.33743,-1.714718,0.221293,-1.94992,-0.867438,-2.722298,-1.9528,0.188785,1.512195,-0.20341,-0.156568,-0.104476,-4.011462,-1.423408,-0.779089,1.663805,1.301275,-3.500487,0.229585,-1.599768,-0.373112,0.896363,1.499208,1.525964,-1.080643,-0.341696,1.876073,1.852952,-1.031283,-0.590124,-2.040356,-2.744688
TRAIN_0320,SKES1,CPI-637,2.687037,0.090552,-0.412735,0.278362,0.031392,-0.151082,0.635486,0.456313,0.24987,-1.077058,0.448777,-0.091325,-0.19283,0.008316,-1.069398,-0.581198,-0.285671,-0.331132,0.259093,0.123658,-0.342837,0.8035,0.65029,0.242712,-0.034857,0.040846,-0.867447,0.097146,0.248835,-0.315742,-4.7e-05,-0.462771,1.007105,-0.038354,-1.442531,0.425094,-1.164845,-0.059502,-2.550215,-0.954445,0.505543,0.128029,-0.666119,-0.179703,-0.990527,-1.562066,-0.897266,-0.505003,0.995334,1.30909,-0.828039,0.274183,-0.314779,-0.814927,0.65055,0.899343,0.645669,-1.638496,-0.191882,0.162798,-0.044519,-0.388915,-0.256,-0.738156,-1.339592
TRAIN_0321,EFO21,Bleomycin,4.196989,0.71138,0.102659,0.205329,1.03234,-0.610492,-0.945556,2.006794,1.0248,-0.898743,1.502984,-0.500075,-0.51652,0.657506,-3.308545,-1.949906,-0.842876,-1.114769,-0.08604,-2.076843,-1.612966,2.286486,-0.774256,-0.338155,-1.477009,-1.374066,0.980138,-2.098119,0.85706,-1.024208,-0.116007,-1.133484,2.570399,-0.395806,-1.173254,1.804493,-0.520457,-0.605121,-0.838049,-0.481123,0.019135,0.75257,0.131583,0.892448,-0.642473,-1.126727,-0.798183,-1.090301,1.953611,-0.311958,-1.320537,-0.607375,-0.512007,-0.338297,0.083972,1.129996,0.621158,-0.100934,0.429973,-0.024572,0.829963,-0.297094,0.159023,-0.890534,-0.875545
TRAIN_0322,DOHH2,Gefitinib,1.72025,-0.169764,-0.025919,0.360709,0.209124,-0.24985,-0.08646,0.169327,-0.081249,-0.192871,0.872677,0.217806,-0.210707,0.38119,-0.425584,0.353354,0.1088,-0.190585,0.266345,-0.908202,-0.754326,-0.398808,0.040947,0.875387,0.923025,0.245425,0.265419,-1.056143,-0.220543,-0.475098,-0.349861,-0.165422,0.014382,-0.429039,-0.7257,0.721522,-0.325846,0.783495,-1.971816,-0.926738,-0.006226,0.731179,-0.01498,0.27138,0.425285,-1.030614,-0.235222,0.016014,1.298014,-0.237316,-0.854621,1.21564,-0.489368,-0.840028,0.897783,1.272528,0.799706,-1.436654,-0.146201,0.596096,1.3064,-0.288782,-0.315116,-0.57298,-1.123975
TRAIN_0323,SKNAS,CCT007093,5.55678,-0.083444,0.102951,0.233809,2.287489,0.558685,0.088328,2.122014,0.732913,-0.045819,1.234111,-0.30026,-0.552713,-0.631447,-1.788016,-1.1628,-0.040441,-0.672333,0.016197,-1.817258,-1.536763,1.185677,-0.362554,0.370918,-0.307677,-0.43515,-0.007115,-1.180242,0.405131,-0.962412,-0.20616,-0.323834,1.795609,-0.116483,-1.517228,1.456729,-1.842065,0.575633,-3.64622,-1.989465,0.366381,1.276841,0.305595,-0.818427,-1.13229,-3.431641,-0.722959,-0.31038,2.083765,0.693626,-3.838381,-0.003836,-0.520212,-0.996486,0.850293,1.805378,1.469969,-1.259018,-0.805671,1.011812,1.31835,-1.418674,-0.677389,-1.913594,-1.383654
TRAIN_0324,SKHEP1,Gemcitabine,1.135378,0.51371,0.18173,1.190856,0.64054,-0.335958,0.010406,1.729809,0.701249,-0.155771,0.088971,0.357479,0.072737,-0.452401,-2.277663,-2.092258,-0.17241,-1.563525,0.120293,-0.598487,-1.31756,1.462438,-0.738243,0.358843,-1.602402,-0.657421,0.219749,-0.995279,0.353684,-0.921589,-0.415068,-0.546155,0.997088,-0.230534,0.060748,-0.99047,0.083254,0.314386,0.449794,0.950039,-0.159605,0.13818,0.371893,1.187947,0.11539,-0.310914,0.526781,0.998657,-0.312265,0.371461,0.866181,0.462243,0.117781,-0.252551,-0.128006,0.082041,0.321095,0.286839,-0.145789,0.230375,0.290704,0.258246,-0.391576,0.067316,0.644766
TRAIN_0325,CAS1,Temozolomide,7.86968,0.65156,-0.926777,0.862617,2.056166,-1.248912,-0.064999,2.313712,0.221253,0.33094,0.793526,-0.851333,-0.5292,0.539614,-2.021468,-1.587338,-1.065588,-1.005539,-0.368599,-1.033018,-1.972169,1.209871,0.375019,0.618343,-1.229042,-1.132134,-0.038806,-0.63239,0.475263,0.513132,-0.117323,-0.551657,1.839249,-0.179375,-2.190063,1.275116,-2.00138,0.826558,-3.805449,-3.237334,0.580631,1.632884,0.221603,0.710941,-1.361723,-3.955455,-1.751438,-0.531723,1.507509,0.171133,-2.919127,0.85528,-0.552925,-0.912662,0.965153,1.795641,2.198019,-2.288311,-1.666732,0.421188,2.343796,-0.794844,0.07117,-3.138335,-2.145482
TRAIN_0326,PANC0813,Avagacestat,5.943888,0.590519,0.423043,0.642825,2.365102,-0.190526,-0.071411,2.196418,0.162115,-1.152069,0.733129,-1.426036,-0.169697,0.739862,-2.240916,-2.728345,-0.016581,-0.254263,0.468466,-0.885885,-1.674033,2.107128,-0.343522,0.067583,-1.337683,0.488663,-0.560634,-1.498409,-0.118075,0.041164,-0.660453,-1.477791,2.646931,-0.196777,-1.122171,1.119966,-1.808434,0.547222,-1.802093,-1.491163,0.242556,1.077667,-0.012718,-0.643517,-0.715133,-2.540525,-0.722248,-1.206824,2.207007,0.876732,-2.55879,0.472403,-0.839769,-0.851345,1.43536,1.150758,0.590333,-0.87127,-0.288391,-0.077394,1.054835,-1.127788,-0.632802,-1.773954,-1.876344
TRAIN_0327,OAW42,SCH772984,5.058467,0.399482,0.004054,0.503164,1.796678,-0.090657,0.685043,0.794515,0.696712,-0.917911,0.837894,-1.266264,-0.286805,-0.076059,-2.256665,-2.426804,-0.787862,-0.458037,0.297761,-0.582938,-0.562492,1.579375,-0.50238,0.300318,-1.679251,-0.789852,-0.650398,-0.67361,0.178044,-0.502151,-0.806062,-0.376281,1.448367,0.112859,-0.871256,0.502775,-1.023537,-0.284351,-1.629988,-1.091055,0.141547,0.718013,0.030703,-0.59647,-0.911607,0.254949,-1.073085,-0.584503,1.00478,0.423009,-0.984193,0.00743,-0.152572,-0.447204,0.27575,0.850544,1.185124,-0.60355,-0.226063,0.767937,1.169371,0.453693,-1.009182,-0.328463,-0.543677
TRAIN_0328,T47D,Tozasertib,3.803311,0.41155,-0.161633,0.67642,1.282944,-0.273995,-0.595514,1.868113,0.717293,-0.502618,0.106348,-1.075993,0.2419,0.49141,-2.504849,-1.144654,-0.036277,-0.833975,1.077105,-0.695069,-1.958033,1.479406,-0.077321,-0.241899,-0.973852,-1.315508,0.593429,-1.457472,-0.160052,-0.588364,-0.041607,-0.450434,1.267585,-0.763425,-1.106554,0.950082,0.444601,-0.842854,-1.463405,-0.717546,-0.171143,0.938327,-0.314188,-0.003504,-0.470438,-0.418521,-0.838797,-0.496288,1.208019,-0.27505,-1.19173,-0.685883,-0.811772,-0.279699,-0.069959,0.444721,0.894201,-0.873226,0.19638,0.338208,0.896284,0.287241,0.030795,2.4e-05,-0.37627
TRAIN_0329,CHAGOK1,SB590885,4.820115,0.935861,-0.870795,-0.675732,1.88094,-0.900796,-0.329725,0.880876,-0.188605,-0.165067,0.883219,-0.718431,-1.727843,-0.048516,-1.580135,-2.340642,-0.430273,-0.947833,0.581351,-0.783099,-1.797531,1.9588,-0.288846,0.049032,-1.789182,-0.726974,-0.339435,-1.154903,1.204603,-1.243504,-1.077551,0.17704,1.614748,0.022232,-1.220681,1.190029,-2.142777,1.079996,-2.117629,-1.058573,-0.006555,1.17461,0.322935,0.412665,0.186103,-1.83825,-1.700955,0.287045,1.661331,0.145436,-2.103822,-0.331454,0.023763,-1.621418,0.690015,1.471381,1.738082,-1.044918,-0.08715,0.419404,1.260494,-0.584303,-0.33748,-2.291022,-1.949503
TRAIN_0330,NCIH1435,Ruxolitinib,4.553895,-0.10819,0.266577,0.221492,1.278395,0.031671,-0.565372,1.594742,0.608506,-0.403822,-0.648929,-1.377302,-0.156785,0.760054,-2.364576,-1.843373,-0.413768,-0.664132,-0.70024,-1.349171,-1.575679,1.814195,1.023905,-0.046614,-2.125297,-0.342125,0.771192,-1.094612,-0.078401,-0.120402,0.040681,-1.113506,2.039169,-0.730951,-0.311658,1.924286,-0.693945,0.335053,-2.5754,-2.161819,0.727832,0.466459,-1.022261,-0.563586,-1.165745,-1.411808,-0.139302,-1.371545,2.183629,0.975546,-3.349542,0.276304,-0.850252,-0.610705,0.275402,1.450335,1.011744,-0.98412,-0.5582,0.214258,1.312455,0.320978,-0.478524,-2.129862,-1.448377
TRAIN_0331,LXF289,GSK2830371,5.195808,0.127337,0.318136,-0.044264,-0.134008,-0.28757,-0.244883,1.241413,0.934597,-0.030099,0.532602,0.253365,-1.105603,0.432111,-1.108632,-1.901696,-1.169313,-1.125681,-0.09723,-0.298111,-1.356858,0.661059,-0.473608,0.609501,-1.052315,-0.494197,0.027432,-0.209359,-0.095377,0.211375,-0.111531,-0.527383,2.627016,-0.413728,-2.227383,1.501842,-2.438996,-0.060321,-3.706571,-2.232893,0.797032,1.973086,-0.079888,0.884124,-0.999725,-1.900495,-1.549909,-1.196359,1.373809,0.541376,-2.622259,0.870266,-1.108083,-1.612991,0.552067,1.64736,1.43324,-1.861333,-0.375965,1.678476,1.359078,-1.008271,-0.026847,-2.106887,-1.641449
TRAIN_0332,NCIH2009,alpha-lipoic acid,8.137108,0.709192,-0.303092,-0.45558,1.129049,-1.368802,-0.008165,0.758484,0.688224,0.285987,-0.045561,0.164365,-0.584785,1.067833,-1.694741,-1.783539,-0.100786,-1.018388,-0.172359,-0.956579,-1.13852,1.829469,-1.145487,0.064911,-0.813601,-0.33353,0.7426,-0.946863,0.204658,-0.178551,-0.180884,-0.670764,1.722024,0.066269,-2.78964,1.862195,-3.18641,0.131506,-4.279298,-3.516116,0.070241,1.017918,0.143537,0.388895,-1.117887,-3.778111,-1.564374,-1.248511,3.55382,0.711776,-3.901328,1.219841,-0.426446,-1.445631,1.33113,3.391468,2.09943,-2.157683,-1.036559,-0.098876,2.662278,-2.279925,-0.431346,-2.655751,-1.640754
TRAIN_0333,SKHEP1,GSK343,3.093327,0.51371,0.18173,1.190856,0.64054,-0.335958,0.010406,1.729809,0.701249,-0.155771,0.088971,0.357479,0.072737,-0.452401,-2.277663,-2.092258,-0.17241,-1.563525,0.120293,-0.598487,-1.31756,1.462438,-0.738243,0.358843,-1.602402,-0.657421,0.219749,-0.995279,0.353684,-0.921589,-0.415068,-0.546155,0.997088,-0.374119,-0.247461,1.077217,-1.652984,-0.064588,-2.412608,-0.774678,-0.417821,0.478369,-0.092319,-0.135061,-0.46678,-2.372042,-0.991766,-0.556495,0.848824,0.72138,-1.479704,0.317311,-0.308334,-1.825167,0.462315,1.636548,0.812724,-1.291801,0.7987,1.27394,1.306923,0.042346,-1.317199,-1.610784,-1.55085
TRAIN_0334,NCIH209,Epirubicin,-2.785133,-0.122712,-0.610011,0.019858,1.448705,-0.467028,-0.393976,0.692362,0.616926,-0.045588,-1.206005,0.240636,0.446655,-0.384025,-1.601628,-1.230787,-0.705826,-0.478536,-0.79005,-1.088359,-0.053801,0.390391,0.490082,0.217039,-1.735289,0.000279,0.005836,-0.898785,0.341518,-0.112867,0.183733,0.23832,1.283981,0.584588,0.218532,-1.293734,0.454386,-0.314177,-0.314104,1.128928,0.010668,-0.307924,-0.237122,-0.731394,-0.586543,0.965222,-0.079798,0.111592,-1.252937,-0.734058,0.689781,0.118108,0.960752,0.819251,-0.248885,0.011408,-0.361602,1.210607,0.642009,0.012527,-0.112766,0.82703,0.330319,1.020829,-0.83569
TRAIN_0335,MM1S,SGC0946,1.443477,0.511677,-0.170267,0.313874,0.477346,-0.840773,0.026841,1.633797,-0.107664,-0.590957,-0.199095,0.160491,0.021431,0.026099,-1.292187,-0.704963,-1.027171,-0.369345,0.572608,-1.021018,-1.381276,1.427966,-0.404199,0.59738,-0.697435,-0.31804,0.26751,-0.943224,0.229854,-0.452305,-0.787271,-0.093285,0.674959,-0.162895,-1.12296,1.307319,-1.189147,0.257556,-1.480173,-0.819733,0.352993,-0.219274,0.104798,0.522409,0.690803,-0.997718,-0.433266,0.815077,1.234337,-0.091874,-1.421688,0.68272,-0.748444,0.116834,0.55302,0.909256,0.459122,-0.844325,0.535933,0.085606,0.409946,-0.342351,-0.02061,-1.213333,-1.037051
TRAIN_0336,RH41,UNC0379,1.74753,0.757858,0.215366,0.191694,0.566247,0.033775,0.164256,1.526022,0.997524,-0.51662,0.233158,0.092798,0.290077,0.596211,-1.034004,-1.530423,-0.793962,-0.394145,0.335697,-1.02491,-0.717398,1.083234,-0.693862,0.587866,-0.934966,0.34369,-0.208631,-1.116136,-0.0323,-0.362154,-0.347012,-0.42314,1.137098,-0.013534,-1.250915,0.261235,-1.342215,-1.087525,-2.20022,-1.404406,0.333798,0.016359,0.297687,-0.645751,-0.73178,-1.239572,0.228781,-0.472351,0.734384,0.465846,-1.436636,0.660889,0.955216,-1.089538,0.787443,1.889147,1.749954,-1.882378,-0.335991,1.100413,2.500054,-0.166172,-0.384661,-1.70074,-0.183934
TRAIN_0337,NCIH1755,Obatoclax Mesylate,0.637141,-0.580116,-0.852515,0.523201,0.96128,0.806442,0.727385,0.84461,0.899904,-0.005457,0.140531,-1.122966,-0.383216,0.109476,-1.766923,-1.175379,-0.830607,-1.396013,0.308964,-0.542174,-1.73176,1.650672,-1.068035,-0.234384,-1.282517,-0.758858,-0.192724,0.003663,-0.121267,0.734318,-0.017599,-0.441129,1.737772,-0.387512,0.083772,0.487023,0.97321,0.599962,-0.226746,-0.546194,0.181862,0.294548,-0.226199,0.371311,-0.752565,-0.384982,0.149989,-0.225663,0.084508,-0.007821,-0.731151,0.644551,-0.577461,0.038768,0.315539,-0.291069,0.202071,-0.603973,0.640564,-0.510515,-0.153562,-0.697277,-0.711847,0.598976,0.058782
TRAIN_0338,HPAFII,Entospletinib,4.864927,0.06736,-0.94623,0.527116,1.517265,-0.001576,-0.517317,1.939651,1.785886,-0.092846,0.554483,-0.585714,-0.67494,0.848323,-2.353771,-1.816654,-0.573963,-1.330865,-0.351154,-0.806731,-1.536429,1.812929,-0.507544,0.682415,-1.957584,0.275549,-0.755542,-1.00991,0.638319,-1.038234,-0.098834,-0.001835,0.866659,-0.460445,-1.155298,1.828462,-0.691748,0.688008,-1.794165,-1.13593,0.799578,0.597705,-0.485857,-0.094858,-0.745593,-2.181326,-1.165328,0.727405,1.250517,0.565312,-2.583247,-0.559369,-0.840264,-0.03808,0.851334,1.452532,1.410976,-1.23439,0.34811,0.054134,1.794322,-0.314834,-1.102193,-1.611507,-2.230498
TRAIN_0339,NCIH1755,Venetoclax,2.762369,-0.580116,-0.852515,0.523201,0.96128,0.806442,0.727385,0.84461,0.899904,-0.005457,0.140531,-1.122966,-0.383216,0.109476,-1.766923,-1.175379,-0.830607,-1.396013,0.308964,-0.542174,-1.73176,1.650672,-1.068035,-0.234384,-1.282517,-0.758858,-0.192724,0.003663,-0.121267,0.734318,-0.017599,-0.441129,1.737772,0.539926,-0.317065,0.237162,-0.3984,0.574361,-1.305218,-1.522368,0.019091,0.41263,-0.509114,0.111238,-0.048298,-0.701624,-0.310475,0.077001,0.571087,0.31567,-1.300853,-0.089682,0.42843,-1.444992,0.820706,0.334153,0.207075,-0.393762,-0.938077,-0.200956,0.185192,-0.410206,-0.518114,0.109048,0.150823
TRAIN_0340,HCC1187,AZD5153,2.308804,0.230882,-0.204517,0.567777,1.196232,-0.121118,-0.597756,0.909213,1.027914,-0.123586,0.104434,0.014982,-0.750643,0.352504,-1.376269,-1.627372,-0.297641,-1.203901,0.195181,-0.950757,-1.691965,1.280098,-0.985118,-0.182525,-1.472733,-0.636383,-0.01718,-1.105572,0.590512,-0.123561,-0.597239,-1.163417,1.208461,0.666368,-0.786091,0.731835,-0.478855,-0.721845,-1.358154,-0.684141,0.646441,0.570575,-0.505149,-0.123203,0.870795,-0.622545,-0.493835,0.034588,0.866569,-0.070476,-0.55737,-0.015797,0.183037,-0.225639,0.521543,0.093299,0.016509,0.087823,-0.181525,0.294459,0.294257,0.22958,-0.389062,-0.575245,-0.15567
TRAIN_0341,MDST8,Cytarabine,-0.790921,0.396073,-0.117594,0.355441,1.027675,0.356733,-0.2499,0.75623,0.366426,-0.020474,1.064443,-0.620218,-0.258207,0.329026,-1.760254,-1.129319,-1.104299,-1.553629,0.390974,-0.791803,-0.831866,0.9593,-0.637354,0.021984,-1.557778,0.335852,-0.604707,-0.85827,-0.272939,-0.111588,-0.358417,-0.656837,1.650266,-0.408395,0.42008,0.202968,-0.559458,0.334507,-1.589595,-0.07442,0.42115,1.164031,-0.250305,-0.010705,-0.137237,-0.638562,-1.102442,-0.184636,-0.162331,0.358238,-1.983103,-0.756903,0.208595,-0.626186,-0.175164,1.172711,0.649134,-0.001299,-0.244262,1.512447,0.206132,0.622534,-0.127436,-1.403803,-0.381958
TRAIN_0342,ESS1,Schweinfurthin A,-0.94497,1.270634,1.479023,0.659078,0.744864,0.138654,0.315238,0.706984,1.319088,-0.142804,0.546851,0.078449,-0.04499,0.552358,-1.359418,-1.226492,-0.858891,-0.336506,0.562056,-0.269809,0.061596,0.80215,0.210372,-0.508763,-0.976035,0.048789,0.485471,-0.77912,0.170537,-1.088813,-0.338715,0.114729,1.304891,-0.267055,-0.042644,0.491052,-0.123102,-0.499507,-0.040935,-0.726426,-0.473982,0.065581,1.308064,-0.238521,-0.278832,-0.667047,-0.352309,-0.568633,0.479859,0.6705,-0.523728,-0.430424,-0.320889,-0.537186,0.262695,1.06339,0.285212,-0.368177,0.769407,0.566034,0.663789,0.794012,0.173206,-1.420522,-0.045633
TRAIN_0343,NCIH1573,Uprosertib,5.839128,1.266345,-0.459069,-0.227147,2.29363,-0.502678,-0.554424,0.806965,1.691578,-1.147049,0.60973,-0.039518,-0.287443,0.229057,-2.897923,-2.250417,-0.507712,-1.477253,0.437905,-0.630657,-1.029825,0.955063,0.856756,0.455991,-1.525249,-0.037687,1.301384,-1.950851,0.289342,-1.831862,-0.215768,-0.461091,1.962241,-0.484458,-0.113664,1.309084,-0.393676,0.243803,-1.573191,-1.750486,0.668881,0.831331,0.432499,0.743707,-0.564513,-1.347279,-0.461904,-0.867817,0.824391,0.544933,-1.694045,0.935986,-1.089935,-0.026572,0.86188,0.611087,0.346683,-1.769065,-0.666162,0.811316,0.819292,0.165291,-0.471194,-0.607383,-1.397745
TRAIN_0344,NCIH1341,Ulixertinib,3.45766,0.536372,-0.510364,0.301337,1.390667,0.085685,0.493457,1.139404,0.726916,-0.569821,0.496582,-0.126682,-0.397308,-0.720998,-1.264525,-1.107171,-0.760421,-1.399329,0.972853,-0.433065,-1.170299,0.52712,-0.579685,0.701775,-0.99623,-0.682243,0.337764,-1.267617,1.031272,0.227397,-0.451341,-0.764137,0.075592,0.354142,-1.225604,0.521775,-0.770105,0.430188,-1.934917,-1.313641,-0.677279,1.079517,-0.04094,0.145518,0.482942,-1.010541,-0.602009,-0.252128,0.832721,0.883489,-1.180675,-0.026598,0.232096,0.102247,-0.205615,1.54772,0.888113,-0.494354,0.26898,-0.032445,1.216385,-0.551523,-0.878174,-1.337298,-0.623017
TRAIN_0345,EN,Docetaxel,-3.888927,0.353405,-0.142298,0.039722,1.865822,0.200781,-0.466414,1.386221,0.920799,-0.700329,0.523934,0.57411,-0.601638,0.069232,-2.287972,-1.398729,-0.667864,-1.364473,0.983263,-0.222389,-1.750103,0.571386,0.271972,-0.272989,-1.067354,-1.543923,0.560173,-1.787212,0.751079,-0.609488,-0.776427,-0.821239,2.244734,-0.201625,0.798306,-0.119953,1.481924,0.207791,2.54287,1.570925,0.270332,-1.51689,-0.066681,0.022527,1.135359,1.919822,0.393656,0.640019,-0.957178,-0.111218,1.226762,-0.139139,0.26514,0.807835,-0.964551,-1.307825,-0.330173,0.30066,-0.184375,-0.352008,-1.346629,0.02936,0.235369,0.336949,0.674003
TRAIN_0346,SKMES1,GW441756,2.589749,0.026189,-0.611527,0.741368,1.793052,-0.026143,-0.739367,1.823147,0.940833,-0.980609,0.122434,-0.095283,-0.558978,1.024064,-1.564097,-1.879324,-0.538408,-0.928934,-0.066146,-1.317515,-0.988812,1.812739,0.087752,0.821707,-1.622197,0.320813,-0.345255,-1.598009,-0.523647,-0.792577,-0.52852,-0.307723,1.878749,-0.673499,-2.055086,0.282676,-0.060868,0.576502,-1.924002,-1.458759,0.079055,1.344161,-0.068802,0.169351,-0.484327,-0.552684,-0.370239,0.148356,0.796549,0.882968,-1.972083,0.388799,0.420919,-1.218565,0.731603,1.280852,1.219148,-1.089721,0.724667,-0.30629,1.734178,0.114021,0.75923,-1.933553,-1.666416
TRAIN_0347,NCIH69,glutathione,9.090859,0.898153,-0.130713,0.488533,0.908955,0.225281,0.230448,1.254333,0.810539,-0.429135,0.644489,-0.487861,-0.319397,0.029195,-1.545319,-1.531636,-0.153118,-0.041722,0.801814,-1.25318,-0.327339,0.849573,0.144988,-0.406635,-0.909515,-0.21778,-0.665966,-0.487974,0.931521,-0.50068,0.479342,-0.508938,1.699521,-0.952984,-3.362468,2.196447,-3.459791,0.300237,-5.435536,-4.286325,0.720562,0.872282,0.458898,-0.618562,-0.320805,-3.192769,-2.147283,-0.572792,2.752237,0.46293,-3.980761,1.152603,-1.057926,-1.520002,1.821074,2.803769,1.90063,-2.445664,-0.539645,0.850594,3.136874,-1.127356,-0.950194,-3.705366,-3.371789
TRAIN_0348,MDAMB361,Tanespimycin,-3.11997,0.467399,0.040194,0.119453,1.554543,0.857708,-0.688591,1.075451,0.720985,0.022986,0.148077,-1.781956,0.312331,0.571059,-2.380243,-1.664015,0.340684,-0.074797,0.717128,-0.804103,-1.072217,1.090314,0.386078,-0.38467,-1.526424,0.07585,0.06529,-0.218413,-0.039489,-0.501039,-0.691229,-0.470811,0.721391,-0.488535,0.537047,-0.921752,-0.043662,0.300602,0.212947,-0.330252,0.325922,-0.458804,-0.014855,0.328393,0.237892,-0.305917,0.614134,0.053193,0.348902,0.757206,0.596444,0.553138,0.104571,0.411436,0.093724,-0.626699,0.131466,0.146118,0.298474,-0.071079,-0.40158,0.338495,-0.652668,0.753057,-0.090141
TRAIN_0349,RL,SL0101,4.888165,0.829438,0.07157,-0.155166,0.486762,0.036576,-0.200908,1.188546,-0.415449,-0.960899,0.337481,-0.456782,-0.525586,-0.773855,-0.861407,-0.81179,0.070711,-0.426722,0.076785,0.175047,-1.299302,0.935553,-0.938377,-0.388433,-1.255064,0.143096,0.017802,-0.530837,-0.382299,-0.423337,-0.51455,-0.082249,0.347858,-0.328282,-1.087156,0.731135,-2.620539,-0.685411,-3.53246,-1.215109,0.289107,1.304726,0.512858,-0.136987,-0.467192,-1.588207,-0.954521,0.042024,1.819371,0.181589,-2.765164,0.098871,0.0591,-1.168777,0.473882,1.631557,1.280743,-1.050631,0.503531,0.929387,1.406017,-1.388194,-0.514994,-1.22368,-2.293008
TRAIN_0350,KPNYN,alpha-lipoic acid,8.440275,0.717131,-0.15775,-0.093188,1.067603,-0.349926,-1.016485,1.104484,1.04247,0.275457,0.296695,-0.054298,-1.391731,0.555567,-2.187783,-1.456323,-0.648701,-0.285144,-0.143907,-0.533724,-1.457963,1.288848,-0.302661,-0.359807,-1.336874,-0.539437,0.224153,-1.032056,0.749665,-0.098867,-0.797571,-0.127232,1.135702,0.066269,-2.78964,1.862195,-3.18641,0.131506,-4.279298,-3.516116,0.070241,1.017918,0.143537,0.388895,-1.117887,-3.778111,-1.564374,-1.248511,3.55382,0.711776,-3.901328,1.219841,-0.426446,-1.445631,1.33113,3.391468,2.09943,-2.157683,-1.036559,-0.098876,2.662278,-2.279925,-0.431346,-2.655751,-1.640754
TRAIN_0351,HOP62,Uprosertib,4.237926,0.496718,-0.186394,1.682193,0.943455,0.001204,0.492983,2.832541,0.622387,-0.258721,0.867844,-0.400187,-0.549835,0.477969,-3.321885,-1.512337,-0.541072,-1.199494,1.36108,-1.313111,-1.719016,2.570572,-0.65862,-0.202501,-1.604361,-0.164555,0.223084,-1.88302,0.137592,-0.949045,-0.352027,-0.433594,2.19932,-0.484458,-0.113664,1.309084,-0.393676,0.243803,-1.573191,-1.750486,0.668881,0.831331,0.432499,0.743707,-0.564513,-1.347279,-0.461904,-0.867817,0.824391,0.544933,-1.694045,0.935986,-1.089935,-0.026572,0.86188,0.611087,0.346683,-1.769065,-0.666162,0.811316,0.819292,0.165291,-0.471194,-0.607383,-1.397745
TRAIN_0352,HEP3B217,Foretinib,-0.673706,-0.277845,0.34271,0.806653,0.049607,0.668471,0.160596,1.552609,-0.256631,-0.936439,0.21851,0.001136,0.646676,0.483705,-1.154556,-1.44468,0.311352,-1.029305,0.983935,-0.632546,0.032614,1.13095,-0.190422,-0.223231,-0.939851,-0.079821,0.098479,-0.918469,0.12007,-0.28507,-1.221888,-0.095851,0.510413,0.13707,-0.119824,0.375506,-0.381484,0.816465,-1.22701,0.123945,0.4685,0.56425,0.608394,-0.079978,-1.022172,-0.46671,-0.705225,-0.500073,-0.313363,-0.138607,-0.811731,-1.094408,0.23797,0.913033,0.481246,0.198778,0.243827,-0.454883,-0.045026,0.077964,-0.136433,0.701903,-0.797643,0.036987,-0.398949
TRAIN_0353,KYM1,Dactinomycin,-7.140523,-0.387766,-0.143311,0.884059,-0.306033,0.645847,0.439802,0.588839,0.669561,-0.241819,0.896278,0.251089,-0.941487,0.419073,-1.094728,-0.852844,-0.655596,0.34898,0.682948,-0.840638,-1.399495,0.567009,0.100201,0.155112,-0.112075,0.112732,0.542291,-0.433289,-0.499874,-0.409242,0.37882,-0.337708,1.211833,-0.201461,2.364545,-1.309025,1.910249,0.202311,2.112765,1.004041,-0.597064,-1.057753,-1.078233,-0.376641,-0.415547,2.272195,1.087858,0.891241,-0.84903,-0.288194,2.637349,-0.65593,0.469863,1.105729,-1.32223,0.433104,-0.993045,0.978742,0.962902,0.099163,-1.036169,0.583368,-0.551254,0.918445,1.552493
TRAIN_0354,RERFLCSQ1,LGK974,5.077499,-0.667231,-0.830466,0.899895,1.321717,0.100638,-0.169901,1.648633,0.25524,-0.120002,0.965539,0.210258,0.604764,0.330908,-1.514568,-2.250517,-0.751066,-0.970806,0.796415,-1.089297,-0.820916,1.264322,-0.283472,0.182737,-1.425406,-0.684424,-0.756646,-1.117503,0.084314,-0.776455,-0.04335,-0.190071,1.714964,-0.949171,-0.212719,0.818389,-0.973451,-0.106997,-1.704396,-2.026518,-0.347378,0.827852,-0.049584,0.152177,-0.405756,-1.552364,-1.05411,-0.91398,1.042537,1.45619,-2.112754,-0.582817,-0.746162,-0.805989,1.694768,1.815694,0.714619,0.149903,-0.405873,1.041291,0.653845,-1.803903,-0.938558,-3.021601,-0.453828
TRAIN_0355,A498,Sapitinib,5.422767,0.575771,-0.753342,0.697781,1.629865,-0.662887,-0.144081,1.519327,0.152704,-0.264125,0.792379,0.104222,0.087415,-0.460507,-2.274378,-1.3702,-0.273709,-0.698233,2.222905,-0.571411,-0.764937,1.860059,0.112642,-0.093912,-0.964978,-0.900119,-0.013737,-1.328816,0.395464,0.590537,-1.208889,-0.22467,0.941543,-0.321152,-0.89322,2.150448,-1.544818,0.463063,-2.484274,-1.98229,-0.116526,-0.209851,0.869648,-1.245265,-0.470904,-2.253622,-1.252609,0.169662,1.290669,-0.095844,-2.279635,-0.017879,-0.455308,-0.67565,1.636428,0.202576,1.031053,-1.102597,0.125155,0.550354,1.393475,-0.366924,-0.675015,-0.639908,-0.947468
TRAIN_0356,DU4475,AZD5991,2.612133,-0.802268,0.321796,-0.292035,0.694176,0.948709,-0.548019,-0.669396,0.146508,0.373374,1.183851,-0.789596,0.072656,-0.141377,-0.774746,0.671458,-0.963604,-0.255214,0.352394,0.200347,-0.483791,0.706931,-0.280997,0.160038,-0.709073,0.105421,-0.14296,-0.245654,0.127098,0.336438,-0.135736,-1.113506,1.32972,-0.318767,-0.530279,0.252386,-1.428662,0.719992,-2.580821,-1.349365,0.494611,0.406036,0.157832,-0.209221,-0.616862,-0.523557,-1.196761,-0.019198,1.000768,-0.154178,-1.945198,0.691565,0.024157,0.014533,2.165334,1.292842,0.723109,-0.723959,-0.483283,0.838132,0.456202,0.641513,0.217769,-2.094903,-1.709193
TRAIN_0357,COLO792,YK-4-279,1.879342,-0.384268,-0.375036,0.914805,0.590154,-0.040371,-0.865428,1.495419,0.59556,-1.182799,1.016017,-0.737688,-0.777366,0.293676,-0.954892,-1.886571,-0.418575,-0.595109,0.597719,-0.637528,-1.312314,0.757641,-0.137382,-0.482097,-2.599421,-0.216824,0.540624,-2.101411,-0.204584,-0.17049,0.795608,-0.470524,1.116453,1.284911,-0.694366,0.88434,-0.185009,0.790217,-1.165152,-1.033341,0.399766,0.127205,0.200288,-0.638484,-1.108704,-1.046532,0.109341,0.128996,0.725327,1.122576,-1.562517,-0.723996,-1.370188,-1.08128,0.851702,0.429946,0.905542,0.214813,-0.774189,0.479375,0.976631,-0.777711,0.542526,-0.945809,-1.058978
TRAIN_0358,NCIH1915,Staurosporine,-3.412117,0.657809,0.362688,1.428593,0.549056,-0.892155,0.420304,1.442663,0.432495,-1.097118,0.265703,-1.165158,0.579259,0.231035,-1.944551,-1.432949,-0.08179,-0.541102,0.851435,-1.224536,-1.562931,1.851923,-0.489742,0.065056,-1.227076,-0.152443,-0.777785,-0.795002,0.259287,-0.24763,0.096422,0.201529,2.531227,-0.07757,0.566728,-0.722462,1.234676,-1.25675,1.776703,1.225191,-0.12761,-0.669918,-1.421196,-0.126705,1.137432,1.198255,0.426606,0.379764,-0.674737,0.052427,1.306708,-0.048777,1.148732,1.048777,0.677091,-1.159451,0.08741,0.281138,0.426032,0.099214,-1.041754,0.430234,0.604886,0.536657,1.798928
TRAIN_0359,YH13,Obatoclax Mesylate,0.627395,0.671503,0.432012,0.210504,0.736098,-0.33943,-0.669504,1.534277,0.02756,0.794301,1.078115,-0.361118,0.064458,-0.626569,-0.255196,-1.662653,-0.50604,-1.730957,0.492285,-1.27307,-1.068872,0.889855,-0.717871,-0.348643,-1.016672,-1.072342,-0.286464,-0.580891,1.5991,-0.237403,-0.689891,-0.660601,1.484314,-0.387512,0.083772,0.487023,0.97321,0.599962,-0.226746,-0.546194,0.181862,0.294548,-0.226199,0.371311,-0.752565,-0.384982,0.149989,-0.225663,0.084508,-0.007821,-0.731151,0.644551,-0.577461,0.038768,0.315539,-0.291069,0.202071,-0.603973,0.640564,-0.510515,-0.153562,-0.697277,-0.711847,0.598976,0.058782
TRAIN_0360,U87MG,Alpelisib,3.698816,0.735623,-1.32594,0.199647,1.104907,-0.163817,-0.624657,1.484872,0.625587,-0.526671,0.158502,-0.760821,-0.983664,0.420463,-1.536532,-2.028008,0.224834,-1.121855,1.064361,-1.185806,-2.358274,1.596887,-0.090742,0.081506,-1.677953,-0.535721,-0.149994,-1.247306,0.778606,-0.4799,0.027186,-0.68896,1.59298,-0.132531,-1.172411,0.399383,-0.747257,-0.312857,-2.115799,-1.241381,0.882446,0.766422,0.647157,0.229445,-0.252926,-2.089818,-1.46953,-0.428116,0.833348,0.818713,-1.469455,0.246363,-0.981269,-0.452018,0.130229,0.698166,0.483483,-0.946236,0.261968,0.343651,0.797839,-1.263546,0.082048,-1.546326,-1.191281
TRAIN_0361,A172,Leflunomide,4.497743,0.534815,0.022871,0.506864,1.068577,-0.890003,-0.392628,1.058259,0.196406,-0.446188,0.624477,0.582264,-0.27534,0.317173,-1.526953,-2.302451,-0.451069,-0.758502,1.476302,-0.803192,-0.948883,1.123836,-0.760134,0.623991,-0.733379,-0.028355,-0.368327,-0.194796,-0.408397,-0.174244,0.868107,-0.963773,1.159083,0.252107,-1.164767,1.356237,-2.06541,0.142726,-2.966831,-1.894703,0.225741,1.132436,-0.498062,0.157835,-0.36727,-1.747149,-1.094439,-1.569597,1.428125,0.422505,-2.30924,-0.542369,-0.564926,-0.772418,0.599306,1.604943,1.102488,-1.640812,-0.674366,0.148338,1.82512,-1.096058,-0.733748,-0.798211,-1.338455
TRAIN_0362,KP3,Camptothecin,0.828222,0.145252,-0.133502,0.022524,2.008626,0.00455,-0.006965,1.719845,1.042769,0.291128,0.448051,-0.435126,-1.050028,-0.170745,-2.033774,-1.325674,-0.740213,-1.220465,0.138628,-1.255798,-1.389863,0.846788,0.394703,-0.259204,-1.189943,-1.227581,0.455164,-0.91693,0.601063,-1.151033,-0.192746,-1.246509,1.889896,-0.731007,-0.462044,-0.867392,0.440922,0.342674,1.205027,1.38657,-0.783915,0.026868,0.25473,-0.937742,0.847143,0.959238,0.640293,-0.148153,-0.014808,-0.804999,1.504153,0.210287,-0.24942,1.409467,-0.261748,-0.309362,-1.338325,1.57681,-0.42144,0.307995,-1.099469,-0.013759,0.508961,1.19658,0.102629
TRAIN_0363,MDAMB436,GSK2801,6.15348,0.329015,-0.877579,1.093904,2.114718,-1.135167,0.396926,3.069923,0.908042,-0.861975,2.037869,-1.193917,-0.527046,0.368852,-1.533903,-1.809379,-0.897771,-1.643632,0.191493,-1.550636,-1.604816,1.408151,-1.007394,0.705449,-1.891917,-1.261874,0.043791,-1.293189,-0.439962,-0.526858,-0.859972,0.161601,2.398107,0.441237,-1.365966,1.029381,-1.903446,0.154709,-3.405698,-2.442269,0.810124,0.196958,1.066507,-0.345493,-0.839272,-1.854592,-0.340415,-0.134226,1.841392,1.060414,-3.510785,0.226677,-1.034951,-0.406126,0.728543,1.973867,1.669062,-1.693776,-0.758697,1.145303,1.07999,-0.658495,-0.670599,-1.821484,-1.822803
TRAIN_0364,NCIH2227,ML323,7.017476,-0.444903,0.144018,0.426335,0.800981,-0.111963,-0.991615,1.457444,-0.012828,-0.196735,0.031724,-0.647355,-0.276988,-0.166008,-1.770677,-2.327141,-0.196423,-0.039542,1.68217,-0.781007,-0.891545,0.443895,0.545839,0.449586,-1.538942,0.123028,-0.026263,-1.276784,0.579672,-1.07845,0.245278,-1.07574,1.161137,-0.287157,-1.058824,1.27759,-1.021178,0.573679,-3.183565,-2.677462,0.424786,0.74543,-0.255857,-0.791907,-0.331191,-1.267629,-1.18853,-0.334665,1.394198,-0.174885,-2.04308,-0.104248,-0.515684,-1.09627,1.282842,0.88054,1.468711,-1.567304,-0.678318,-1.364686,2.379846,-0.379864,-0.637513,-2.074945,-1.883317
TRAIN_0365,EKVX,SCH772984,1.835754,0.518361,0.569577,0.020985,1.517348,-0.348595,-1.118541,1.914924,1.804041,-0.584972,0.803457,-1.217816,-0.898847,0.119273,-2.585393,-1.546821,-0.434281,-1.840262,0.5218,-0.902499,-1.221093,2.649093,-0.79389,-0.319785,-2.435739,-0.807428,0.373858,-0.966091,0.438507,-0.921689,-0.294064,-1.180692,3.393939,0.112859,-0.871256,0.502775,-1.023537,-0.284351,-1.629988,-1.091055,0.141547,0.718013,0.030703,-0.59647,-0.911607,0.254949,-1.073085,-0.584503,1.00478,0.423009,-0.984193,0.00743,-0.152572,-0.447204,0.27575,0.850544,1.185124,-0.60355,-0.226063,0.767937,1.169371,0.453693,-1.009182,-0.328463,-0.543677
TRAIN_0366,TE441T,GSK343,2.59841,0.300314,-0.155114,0.909225,1.253562,-0.759929,-0.32938,1.457027,0.802536,-0.203867,0.853719,-0.511414,-0.242869,-1.515198,-1.589565,-0.84843,-0.596276,-0.955565,-0.296574,-0.146009,-0.733162,1.458152,-1.024153,-0.032057,-1.156326,-0.528593,-0.228893,-0.994054,0.692807,-1.38486,0.680583,-0.187276,1.300061,-0.374119,-0.247461,1.077217,-1.652984,-0.064588,-2.412608,-0.774678,-0.417821,0.478369,-0.092319,-0.135061,-0.46678,-2.372042,-0.991766,-0.556495,0.848824,0.72138,-1.479704,0.317311,-0.308334,-1.825167,0.462315,1.636548,0.812724,-1.291801,0.7987,1.27394,1.306923,0.042346,-1.317199,-1.610784,-1.55085
TRAIN_0367,KP3,Bleomycin,3.766463,0.145252,-0.133502,0.022524,2.008626,0.00455,-0.006965,1.719845,1.042769,0.291128,0.448051,-0.435126,-1.050028,-0.170745,-2.033774,-1.325674,-0.740213,-1.220465,0.138628,-1.255798,-1.389863,0.846788,0.394703,-0.259204,-1.189943,-1.227581,0.455164,-0.91693,0.601063,-1.151033,-0.192746,-1.246509,1.889896,-0.395806,-1.173254,1.804493,-0.520457,-0.605121,-0.838049,-0.481123,0.019135,0.75257,0.131583,0.892448,-0.642473,-1.126727,-0.798183,-1.090301,1.953611,-0.311958,-1.320537,-0.607375,-0.512007,-0.338297,0.083972,1.129996,0.621158,-0.100934,0.429973,-0.024572,0.829963,-0.297094,0.159023,-0.890534,-0.875545
TRAIN_0368,KYSE270,Navitoclax,4.54486,0.333123,0.17468,0.180536,1.172947,0.17161,1.372373,1.645619,0.179336,-0.580988,0.199862,-1.262168,-0.531209,0.556649,-2.141366,-0.831915,-0.198192,-1.16342,0.176301,0.085259,-0.743601,1.156707,-0.29635,0.091396,-1.376041,-1.480377,1.108298,-0.827266,0.494453,-0.501185,-0.596892,-0.566033,0.656592,-0.029509,-0.646634,0.08071,-0.382076,-0.66279,-0.656617,-0.414112,0.397478,0.462774,0.857842,0.374347,-0.464051,-1.08276,-0.823571,0.030084,0.063461,0.724872,-0.278355,-0.266745,-0.298054,-0.352543,0.768064,1.354277,-0.346299,-0.60646,-0.297843,-0.523745,0.277489,-0.041554,-0.238311,-1.362076,0.799367
TRAIN_0369,NCIH226,Alisertib,4.616598,0.907178,0.186648,0.88733,2.010256,-0.669886,-0.367657,1.956188,0.957867,-0.997045,1.916307,-2.11636,-0.822902,1.243713,-2.950718,-2.338436,-0.835168,-1.927936,-0.62631,-1.326567,-2.610871,1.906869,-0.604882,0.978725,-1.040237,-0.748293,-0.057783,-2.40036,0.825646,-0.053996,-0.582817,-2.136627,3.250644,0.152882,-0.610151,0.333783,0.06396,0.384152,-1.293213,-0.909122,-0.148002,0.824835,-0.064159,-0.957256,-0.182146,-1.544277,0.714421,-0.724526,0.473728,0.309394,-1.069376,0.025028,0.008865,0.407935,0.704694,1.280211,-0.034678,-0.281647,-0.084617,0.349356,1.199973,-0.361812,-0.300165,-0.313491,-1.516737
TRAIN_0370,TE4,AMG-319,4.951352,-0.085087,-0.700835,0.245553,1.118446,-0.768733,0.549332,0.591888,1.282703,0.21963,0.880162,-0.715023,-0.198751,-0.44647,-1.064459,-1.407269,-0.651342,-1.416467,-0.989115,-1.240606,-0.565537,0.962897,-0.264021,0.381422,-0.228987,0.230044,-0.39805,-1.885636,1.478262,0.657348,-0.137495,-1.113241,1.953066,0.279261,-2.041372,1.592153,-2.056416,0.342497,-2.932861,-1.434402,-0.365831,-0.056932,0.144996,0.064397,-0.366138,-1.555606,-0.838648,-0.958528,0.39003,0.386063,-2.07564,0.280003,-0.551463,-0.783608,0.390807,1.825988,2.18646,-1.319081,-1.018715,0.453272,0.320725,-0.535377,-0.046566,-0.787208,-1.85403
TRAIN_0371,HCC70,GSK2110183B,1.139811,0.050207,0.065188,-0.105422,1.558698,0.029665,-1.130531,0.738552,0.499628,-0.542679,-0.151426,-0.192699,-0.263384,0.105027,-1.976455,-0.916828,0.357908,-1.088009,-0.043528,-0.513057,-1.359005,1.154862,0.181189,-0.898258,-0.531236,-0.418495,-0.11307,-1.006281,0.295113,-1.367439,0.503757,-0.482067,1.769093,0.438054,-0.879301,0.798975,-0.36036,1.279707,-2.222348,-2.307343,-0.855321,1.387822,0.145151,-0.022213,-1.191706,-1.831922,-0.856292,-0.349493,0.841242,-0.180435,-2.127665,0.923161,-0.256649,-0.360224,0.152643,-0.462086,0.655118,-1.259337,-0.129855,1.968928,1.307824,0.896323,0.101638,-1.403922,-1.003483
TRAIN_0372,GRANTA519,Dactinomycin,-3.35058,-0.090691,0.318394,0.679575,1.672597,-0.802416,-0.662139,1.746081,0.229238,-0.198705,-0.186272,-0.00067,-1.043138,0.497927,-1.44085,-1.929403,-0.224366,-0.798115,0.01861,-1.33655,-2.275795,1.518202,-0.989342,0.109567,-1.437613,-0.159396,-0.049354,-1.219696,0.710291,-0.383002,-0.109281,-0.316876,0.929966,-0.201461,2.364545,-1.309025,1.910249,0.202311,2.112765,1.004041,-0.597064,-1.057753,-1.078233,-0.376641,-0.415547,2.272195,1.087858,0.891241,-0.84903,-0.288194,2.637349,-0.65593,0.469863,1.105729,-1.32223,0.433104,-0.993045,0.978742,0.962902,0.099163,-1.036169,0.583368,-0.551254,0.918445,1.552493
TRAIN_0373,NCIH2170,IWP-2,3.277572,-0.035579,0.235997,0.978675,0.777924,0.356722,0.219834,1.958485,0.297212,-0.96831,0.123286,-0.216754,-0.293676,-0.029022,-2.280633,-0.960245,0.596468,-0.469836,0.522363,-0.3431,-0.7803,1.481628,0.041208,-0.109537,-1.385443,-0.501781,0.233942,-0.955759,0.417554,-0.196709,0.214426,0.224373,1.32276,-0.085543,-1.183603,0.250224,-0.466901,0.914298,-1.117102,-0.912395,0.316643,0.036216,0.02658,-0.442813,-1.175417,-0.761234,-0.975855,0.196143,1.36303,0.578107,-1.231507,-0.02495,0.593007,-0.568935,0.684548,0.574831,0.346799,-0.493425,-0.160978,-0.105706,0.131782,-1.052958,0.436111,-1.271713,-1.212938
TRAIN_0374,SNU81,Bortezomib,-4.303449,0.432251,-0.168425,1.204088,1.42959,-0.429477,0.303858,1.535289,0.341728,0.139037,0.603551,-0.431342,-0.34601,-0.309355,-2.05072,-1.609182,-0.622476,-0.309712,0.402192,-0.42059,-1.314312,1.896975,-0.012098,0.069778,-1.337274,-0.985641,0.357053,-1.095064,0.099884,-0.007731,-0.897533,-0.773207,2.24378,-0.102771,1.541252,-0.504799,2.035498,0.057659,3.11033,1.786119,-0.11672,-1.578421,0.394029,-1.229262,0.378779,2.644345,0.327779,0.84602,-1.82319,-0.666389,2.945956,-0.355558,-0.47703,0.461294,-0.37032,-1.221694,-0.432222,2.018479,0.262604,0.786962,-1.35614,0.190795,-0.056399,0.423474,2.481408
TRAIN_0375,H4,AZ960,-0.224574,0.648141,0.231148,-0.156606,0.70506,-0.146814,-0.194399,1.024541,1.132448,0.28593,-0.361466,0.05937,0.411546,0.324805,-0.49354,0.069397,0.206498,-0.425376,0.6932,-0.42067,-0.755017,0.620231,0.659096,-0.372542,-0.007543,-0.045702,-0.639415,-0.441237,-0.845986,-0.01343,0.284208,-0.622942,1.067676,0.387802,-0.918437,0.171306,0.0994,0.617192,-0.776499,-0.400585,0.347506,1.450473,0.124428,0.219476,-0.905509,-1.296601,-1.030859,0.361581,-0.644137,0.00432,-2.551109,-0.22185,-0.475744,0.287653,0.564082,0.199942,1.089865,-0.492916,-0.166118,-0.403248,0.088345,-0.699083,-0.087789,-0.622619,0.056744
TRAIN_0376,EBC1,Mycophenolic acid,1.561813,-0.054999,-0.437633,0.220967,1.907163,-1.255394,1.381331,1.792975,0.726333,-0.403495,0.577367,-0.110636,-0.050441,0.471614,-1.487744,-1.480325,-0.526028,-0.90873,0.818597,-0.430547,-2.601447,1.501932,-0.083478,0.044736,-1.33548,0.126007,0.562612,-1.308383,0.50446,-0.966939,-0.923455,-0.795325,1.914868,0.011935,-0.234957,0.180674,-1.127037,0.881724,-1.874341,-1.820856,-0.459811,-0.332677,0.294648,-0.248874,-0.288247,-0.299553,-0.772173,0.114617,1.382003,-0.024238,-0.676085,0.07111,0.233889,-1.186819,-0.46034,0.415231,0.107319,-0.755589,-0.292971,0.556279,0.374178,-0.69584,-0.285759,-1.040073,-1.175752
TRAIN_0377,NCIH1651,Romidepsin,-6.666998,-0.463585,-0.462852,0.776581,0.918365,-0.314128,0.038005,1.577008,0.10008,0.107107,1.016033,-0.951298,-0.800219,0.797281,-1.668618,-2.548033,-1.168646,-0.969129,-0.319519,-0.963774,-1.161305,1.953107,-0.333467,0.592572,-0.473499,0.263278,0.234859,-1.941281,0.543649,0.02342,-0.283732,0.370621,1.974247,-0.0185,1.678768,-1.268802,2.229651,-0.431356,3.317843,1.985626,0.606659,-1.103839,0.90484,0.355194,0.359698,1.841129,0.393897,0.218002,-2.07773,-0.334999,2.468608,-0.408679,1.237644,1.004933,0.091834,-2.185357,-1.518236,1.030645,0.947353,-1.633162,-2.233087,0.688769,1.063353,1.827099,1.177654
TRAIN_0378,K562,GSK2801,4.331079,0.372863,-0.160188,1.109291,0.635404,-0.561713,0.337711,0.919274,1.0417,0.487911,0.217234,-0.016458,-0.935767,0.563838,-1.374783,-1.092812,-0.75612,-1.611093,0.493805,-1.731482,-1.247086,1.600113,-0.078049,1.026213,-0.585447,-0.746485,0.099141,-0.910714,-0.501552,-0.93309,-0.505178,-1.481823,1.45123,0.441237,-1.365966,1.029381,-1.903446,0.154709,-3.405698,-2.442269,0.810124,0.196958,1.066507,-0.345493,-0.839272,-1.854592,-0.340415,-0.134226,1.841392,1.060414,-3.510785,0.226677,-1.034951,-0.406126,0.728543,1.973867,1.669062,-1.693776,-0.758697,1.145303,1.07999,-0.658495,-0.670599,-1.821484,-1.822803
TRAIN_0379,PANC0403,Linsitinib,5.171511,1.560059,-0.594408,1.551644,2.396797,-0.22818,-1.339407,1.287917,1.050858,-0.586869,0.258303,-1.245505,-0.42392,0.64752,-2.963693,-2.219726,-1.437851,-1.710397,1.2994,-1.339693,-2.073681,3.370523,-1.041274,0.500386,-1.323673,-0.986088,0.597643,-2.232481,0.225071,-0.716292,-0.042054,-0.349923,3.58734,0.066676,-0.781733,1.439853,-1.300678,0.552573,-1.7356,-1.682256,-0.319483,1.544203,-0.057512,-0.485118,-1.262472,-1.503557,-1.681829,-0.932561,1.57337,0.776782,-2.459353,0.325106,-0.902295,-1.09336,0.873313,0.996816,1.004859,-1.747913,0.192292,0.655904,1.576986,0.065351,-0.637277,-1.518002,-2.394978
TRAIN_0380,TC71,AZD3759,2.786951,-0.251614,-0.048554,0.071277,1.035588,-0.420688,-0.673289,0.384194,1.253876,0.155323,1.199447,-0.015465,-0.50186,0.810706,-1.195011,-0.952035,-0.367751,-2.097301,0.995927,-0.313792,-0.704991,0.871872,-0.057352,-0.257046,-0.569278,-0.98886,0.161357,-0.428163,0.132075,-0.184527,-0.675335,-0.853532,1.259262,-0.072685,-0.864889,1.294764,-1.309489,0.03204,-2.697501,-0.169229,-0.38159,0.739807,0.083044,-0.139261,0.169928,-0.318313,-0.436071,-0.031976,0.989499,0.77695,-1.60746,0.790633,0.254704,0.01295,0.147322,0.720497,0.846571,-1.340406,0.556129,0.252403,0.903349,-0.662484,-0.80834,-1.165477,-0.824003
TRAIN_0381,GA10,Buparlisib,-0.09933,0.04907,-0.192365,0.641046,0.748163,0.196423,0.395215,0.43381,-0.014803,-0.720786,-0.206751,1.298635,0.44555,-0.583689,-1.387504,-0.41384,0.06019,-0.110025,-0.008191,-0.40741,-0.372166,0.599302,-1.195354,-0.089266,-0.966533,-0.11904,1.534735,-0.253172,-0.014151,0.2329,0.130618,-0.018359,1.006544,-0.08547,0.307882,0.542348,-0.976333,-0.432765,-1.000466,-0.277662,0.249551,-0.157462,-0.52232,0.099434,-0.19861,0.549861,-0.239128,0.742393,-0.207145,-0.663722,-1.190538,0.710463,0.740338,-0.63317,-0.011536,-0.215786,-0.572777,0.059086,0.00093,0.12371,-0.351155,0.648617,-0.318073,-0.128833,-1.155066
TRAIN_0382,NCIH520,WZ4003,6.001266,0.63058,-0.526789,1.280287,1.488832,0.158564,0.489629,1.402611,0.834771,-0.008706,0.115695,-0.381357,-0.347646,-0.264802,-0.527242,-2.223715,-1.144563,-0.235435,0.633561,-1.31317,-0.940935,2.025515,-0.214095,1.35892,-2.117577,-0.13282,0.681014,-0.56863,0.228903,-0.674528,-0.03498,-0.122371,1.93354,-0.352394,-2.224651,1.006627,-2.14779,0.240393,-1.357918,-1.892007,0.34007,1.363676,0.351402,0.003676,-0.55239,-1.938602,-1.3674,-0.144835,0.432432,0.909143,-2.875255,0.880821,-0.651623,-1.450417,1.043699,1.735359,0.929006,-0.674249,-1.523727,-0.25193,1.848817,-0.702541,-1.15998,-1.713279,-1.936336
TRAIN_0383,FLO1,Sorafenib,3.922841,-0.194716,0.51671,0.396095,0.840564,-0.091368,0.079526,1.714528,1.285936,-0.523493,-0.265923,-0.545909,-0.210728,-0.304787,-1.878908,-1.090576,-0.435865,-0.724894,-0.14925,-0.779785,-1.495784,1.51781,0.352379,-0.87367,-1.507531,-1.146699,-0.243828,-0.884133,-0.449849,-0.900538,-0.71547,-0.336756,1.390357,0.553772,-2.203726,-0.350646,-0.688345,0.426407,-1.846934,-0.961804,-1.112203,0.929341,0.258495,-0.113004,-0.224379,-0.906319,-0.575783,-1.296232,1.922506,0.868353,-2.017285,0.080151,-0.418303,0.011563,-0.602651,0.554466,-0.154109,-0.796967,-0.477373,0.298165,0.45829,-0.74917,0.165052,-0.63538,-0.657099
TRAIN_0384,NCIH838,Staurosporine,-4.423672,0.121853,0.476145,1.221504,1.316566,-0.480238,-0.408147,1.070855,0.66144,-0.800402,0.715698,-0.259759,-1.161879,-0.306512,-1.501038,-1.162441,0.577583,-0.542082,-0.215248,-0.482435,-1.097984,1.119143,0.142899,0.648697,-0.942207,0.464112,0.526421,-1.105079,1.35018,-0.228595,-0.607978,0.433667,2.248041,-0.07757,0.566728,-0.722462,1.234676,-1.25675,1.776703,1.225191,-0.12761,-0.669918,-1.421196,-0.126705,1.137432,1.198255,0.426606,0.379764,-0.674737,0.052427,1.306708,-0.048777,1.148732,1.048777,0.677091,-1.159451,0.08741,0.281138,0.426032,0.099214,-1.041754,0.430234,0.604886,0.536657,1.798928
TRAIN_0385,MDAMB157,MG-132,-1.251659,0.372046,-0.181549,0.500894,1.914464,-0.010364,-0.109437,0.846556,0.530919,0.008751,0.52802,-0.105134,0.446186,0.746376,-1.748962,-1.874265,-1.80446,-1.034696,0.131903,-0.656963,-1.402347,1.215264,-1.101582,-0.406611,-1.098747,0.347071,0.055334,-0.916259,0.828818,-0.969124,-0.090337,-0.934924,2.170706,-0.015584,1.2538,-0.267041,0.291557,0.298798,0.654974,1.431583,-0.075705,0.073603,-0.4415,0.294869,0.250347,0.525632,0.01879,-0.14645,-0.254844,0.185743,0.596891,0.022225,0.125303,0.302852,-0.329369,-0.377248,1.000143,0.470206,0.438486,0.094914,-0.496868,0.826503,-0.07603,0.941984,0.281021
TRAIN_0386,MOLT13,Lenalidomide,3.029993,0.116079,-0.532068,0.958804,1.152341,-0.408209,0.143146,0.981956,0.667762,-1.059166,0.74835,-0.494152,-0.38926,1.428223,-0.713195,-0.972219,-1.356604,0.237438,-0.530675,-0.911828,-0.803542,1.370165,0.284648,-0.04842,-0.48934,-0.546063,0.119925,-0.483177,0.654069,0.212311,0.115245,-0.452934,1.207491,-0.952203,-2.062993,1.428182,-1.777934,-0.413381,-2.534459,-1.697757,0.553746,1.851722,0.498434,0.040536,0.300413,-1.79863,-1.564522,-0.415316,1.347539,0.798056,-2.563007,-0.176793,-0.672784,-0.94294,0.753754,1.795521,1.88267,-1.348738,-0.379011,1.21806,1.786653,-0.660953,-0.774035,-1.422355,-1.735591
TRAIN_0387,MOLT13,SGC0946,1.605731,0.116079,-0.532068,0.958804,1.152341,-0.408209,0.143146,0.981956,0.667762,-1.059166,0.74835,-0.494152,-0.38926,1.428223,-0.713195,-0.972219,-1.356604,0.237438,-0.530675,-0.911828,-0.803542,1.370165,0.284648,-0.04842,-0.48934,-0.546063,0.119925,-0.483177,0.654069,0.212311,0.115245,-0.452934,1.207491,-0.162895,-1.12296,1.307319,-1.189147,0.257556,-1.480173,-0.819733,0.352993,-0.219274,0.104798,0.522409,0.690803,-0.997718,-0.433266,0.815077,1.234337,-0.091874,-1.421688,0.68272,-0.748444,0.116834,0.55302,0.909256,0.459122,-0.844325,0.535933,0.085606,0.409946,-0.342351,-0.02061,-1.213333,-1.037051
TRAIN_0388,HCT116,ML323,4.527022,0.417962,0.122152,0.535416,1.6371,-0.629541,-0.49187,0.64814,0.917807,0.142668,0.581019,0.288183,-0.894099,0.99211,-0.491683,-0.762104,0.522571,-1.491771,-0.056375,-0.962457,-0.564396,0.435009,0.230852,0.729503,-0.585686,-0.214725,-0.421276,-1.177389,0.870912,-0.003776,-0.210585,-0.603105,0.200439,-0.287157,-1.058824,1.27759,-1.021178,0.573679,-3.183565,-2.677462,0.424786,0.74543,-0.255857,-0.791907,-0.331191,-1.267629,-1.18853,-0.334665,1.394198,-0.174885,-2.04308,-0.104248,-0.515684,-1.09627,1.282842,0.88054,1.468711,-1.567304,-0.678318,-1.364686,2.379846,-0.379864,-0.637513,-2.074945,-1.883317
TRAIN_0389,D283MED,Elephantin,1.184257,-0.272338,-0.40229,0.554029,0.788359,0.067916,0.137202,1.041699,0.906849,-0.010425,0.128227,0.123731,0.736325,0.044664,-1.364829,-0.237628,-0.318095,-1.55089,0.567847,-0.684148,-0.693048,0.83824,-0.008307,0.385699,-0.871233,0.006861,-0.078896,-0.158521,0.480005,-0.743214,0.4092,-0.543967,1.253614,-0.457784,-0.772914,0.400138,-1.523644,-1.312009,-1.950436,-1.7799,0.771669,1.005719,0.750161,-0.668747,0.188668,-0.570061,-0.408101,-0.110473,1.245213,0.114859,-1.554711,-0.397291,-0.631586,-1.628593,0.319615,1.452761,1.274973,-0.895761,-0.254225,-0.579301,0.884585,-0.86667,-0.53333,-0.914646,-1.743342
TRAIN_0390,KS1,ABT737,3.209199,0.744422,0.184471,-0.368238,1.4278,-0.446613,-0.591733,2.107692,0.369185,-0.828978,0.529922,-0.077501,-0.493217,0.802633,-1.46976,-2.653518,-0.7747,-1.199507,0.524687,-2.13594,-0.006383,1.594782,-0.130329,0.652029,-0.120347,-0.058354,0.575008,-0.978548,0.269976,-0.782646,-0.677607,-0.889224,1.004644,0.428559,-0.320388,0.695403,-2.238251,0.273291,-1.985564,-0.461513,0.853551,-0.026844,-0.029648,-0.368001,0.439828,-0.825975,0.438891,-0.065262,0.745758,0.237108,-0.632582,-0.677379,-0.184829,-0.434939,0.724079,0.515249,0.03082,-0.492122,-0.724098,-0.766925,0.939899,0.006442,0.123861,-0.002142,-1.039217
TRAIN_0391,OCIM1,JQ1,-1.714327,-0.810162,-0.71624,1.158015,1.418461,-0.059004,0.739573,0.53976,0.179492,-0.156,0.150479,-0.289477,0.388913,0.170031,-0.394668,-0.161292,-0.026589,-0.882644,-0.5531,-0.281984,-0.639918,0.618922,-0.096638,1.31829,-1.224287,-1.208628,0.209722,-0.639944,0.305485,0.056208,0.527571,-0.989766,0.448609,-0.334863,0.48765,0.8136,-0.436563,0.718969,-1.234859,-0.444381,0.483938,0.738071,-0.052274,0.012652,-0.485228,-0.931702,-1.04098,-0.687583,0.529579,-0.25383,-1.371143,0.123666,-0.0432,0.045127,0.156211,1.321713,1.060195,-0.280429,-0.119368,0.369744,1.212501,0.307758,0.549674,-0.681297,-0.481499
TRAIN_0392,OE33,IWP-2,3.470404,0.478227,-0.845046,1.358175,1.462285,-0.490973,-0.823033,1.522184,0.584936,0.393402,0.282002,-0.807283,0.057367,0.665535,-1.520028,-1.108227,-0.490342,-0.732363,0.846003,-0.448752,-1.268904,1.90518,-1.371749,1.082661,-2.047682,-0.770031,0.072554,-1.03839,0.818242,-1.032575,-0.114212,-0.793659,1.700772,-0.085543,-1.183603,0.250224,-0.466901,0.914298,-1.117102,-0.912395,0.316643,0.036216,0.02658,-0.442813,-1.175417,-0.761234,-0.975855,0.196143,1.36303,0.578107,-1.231507,-0.02495,0.593007,-0.568935,0.684548,0.574831,0.346799,-0.493425,-0.160978,-0.105706,0.131782,-1.052958,0.436111,-1.271713,-1.212938
TRAIN_0393,RCC10RGB,5-azacytidine,4.807663,0.098759,-0.103861,0.600406,1.930951,-0.272105,-0.77659,2.223979,0.904064,-1.062237,1.776855,-0.32243,-0.640073,1.00033,-1.393789,-2.15949,-0.50656,-1.71933,0.306582,-1.198064,-1.616199,1.93953,0.006769,0.200517,-2.32904,-1.127831,-0.139009,-1.533599,0.979909,-1.308126,-0.5316,-0.251443,2.090958,-0.507593,-1.104617,1.7235,-1.070543,0.781267,-1.527475,-0.650134,-1.221073,0.518895,0.809309,-0.39097,0.607591,-0.601747,-0.888765,-0.670214,0.453918,-0.002514,-2.218559,0.508936,-1.077989,-0.313325,0.869935,0.106378,1.621264,-0.505883,0.093834,-0.078278,1.197772,0.12772,-0.218032,-0.004484,-1.065089
TRAIN_0394,WSUDLCL2,Afatinib,0.657641,0.710218,0.533366,0.374429,0.628996,0.153703,-1.06452,0.447716,-0.369212,-0.029916,-0.437979,-0.706496,0.687879,0.594256,-0.472817,-0.332016,-0.262304,0.03574,-0.260709,0.273459,-0.474028,0.150686,-0.044694,-0.278959,-0.186205,-0.402622,0.261553,0.324812,-0.267224,-0.21307,0.158897,-0.365973,0.687897,-0.204275,-0.566409,0.24649,-1.313204,-0.168949,-1.027645,-0.049129,1.199452,1.036593,-0.302093,-0.40567,-0.230062,0.153774,-0.442267,-0.893838,0.277433,0.550162,-0.53565,0.061768,0.149363,-1.474701,0.35744,0.945316,0.048733,-0.837349,-1.087672,0.96041,0.127197,-0.118821,0.209224,0.203431,-0.674441
TRAIN_0395,MOLP8,Methotrexate,-1.971662,0.20755,-0.396454,0.803813,0.796339,-0.351029,-0.76504,0.313653,-0.451141,-0.219958,-0.33707,-0.355933,0.460785,0.716164,-0.937455,-0.874155,0.669175,-0.227338,-0.012581,-1.150257,-0.483141,1.120427,-0.424546,0.178119,-0.867856,-0.354157,-1.190498,-0.665137,0.665597,-0.604931,-0.114198,-0.66772,1.072162,0.478853,0.308269,-0.590182,0.250011,0.202104,0.172412,0.157654,0.239521,1.399723,-0.026655,0.46045,-0.255592,0.296636,0.421613,0.151467,0.905182,-0.419203,-0.361286,0.127821,0.414701,0.044533,0.683706,-0.26203,-0.50813,0.09805,-0.059229,0.293542,0.051412,-0.201993,-0.049861,-0.059419,-0.232333
TRAIN_0396,OE21,MK-1775,0.148453,0.626654,0.270472,1.634307,1.741968,-0.222742,-0.639552,1.028603,0.34062,-0.062047,0.578824,-1.046462,-0.604507,0.639603,-1.412193,-1.147361,-0.275238,-0.027435,0.378847,-0.946672,-1.630091,1.341295,-1.407747,-0.036096,-1.285462,-1.134074,-0.372067,-0.550497,0.427186,-0.447637,-0.088932,-0.453103,2.158824,-0.205085,-0.880136,-0.673072,-0.681537,0.141074,-0.417621,-0.531497,0.142575,0.67618,0.233303,-0.085111,0.40036,-0.792595,-0.264689,-0.197957,-0.394922,-0.13727,-1.410319,1.024625,-0.550142,0.649905,0.148396,0.500463,-0.047458,-0.073509,0.259854,0.40233,0.59369,-0.2855,-0.279442,-1.03105,0.008642
TRAIN_0397,NCIH196,UMI-77,3.372589,1.246982,0.562142,0.893759,1.775166,0.165965,0.095616,1.669431,1.088786,-0.559783,0.199681,0.109991,-0.51031,1.303816,-3.022552,-2.27064,-0.633113,-0.601112,0.562685,-0.893516,-2.194819,1.114329,-0.099515,-0.604059,-1.911499,-0.378294,-0.363048,-0.5267,1.045893,-1.479437,-0.803087,-1.83785,1.748054,-0.703148,-1.775516,1.784482,-1.383722,0.098608,-2.352912,-0.743447,-0.210307,0.431359,0.306862,-0.638044,-0.365328,-0.654332,-0.445791,-0.35702,1.07655,0.120445,-0.618193,-0.108974,-0.247562,-0.563056,1.065136,1.496757,0.837743,-0.62402,-0.119203,-0.832385,0.099837,-0.741815,-0.451002,-1.613875,-0.721833
TRAIN_0398,OCILY19,Serdemetan,1.887034,-0.1323,-1.004474,0.196385,1.671045,0.315495,1.008243,1.027767,0.798789,0.812662,0.390155,-0.265741,0.343342,0.816792,-0.950634,-1.001472,-0.139423,0.039553,0.515767,-1.049352,0.43123,0.223805,-0.216393,-0.426245,0.819969,-0.081165,-0.384287,0.004447,0.524114,-0.316959,0.311959,-0.636138,0.441534,-0.26772,-1.068026,0.821505,-1.471754,0.079409,-2.020396,-1.488161,0.423895,0.841351,-0.604784,-0.117448,-0.314856,-1.58075,-1.125536,-1.128014,1.529243,0.258764,-1.943958,0.23235,-0.446331,-1.003903,0.220109,1.423734,0.770513,-0.884116,-0.15073,0.087938,0.521087,0.661426,-0.477613,-0.961884,-0.40732
TRAIN_0399,EFO21,AZD1208,7.011454,0.71138,0.102659,0.205329,1.03234,-0.610492,-0.945556,2.006794,1.0248,-0.898743,1.502984,-0.500075,-0.51652,0.657506,-3.308545,-1.949906,-0.842876,-1.114769,-0.08604,-2.076843,-1.612966,2.286486,-0.774256,-0.338155,-1.477009,-1.374066,0.980138,-2.098119,0.85706,-1.024208,-0.116007,-1.133484,2.570399,0.171083,-3.034266,1.438174,-2.664675,-0.151145,-3.519593,-2.441881,-0.374803,1.275011,-0.433133,-0.005407,0.640094,-3.013744,-1.285938,-1.993588,1.52908,0.867297,-2.440785,0.553584,-0.167184,0.197539,1.827979,1.376783,0.754058,-1.536418,-0.964766,0.751982,0.959342,-0.797719,0.124034,-1.808084,-2.37368
TRAIN_0400,OC314,BI-2536,-4.648563,0.220483,0.357817,0.775268,0.882287,-1.021403,1.359077,1.799185,0.811461,-0.651963,0.261432,-0.543519,0.358764,0.27317,-1.514278,-1.247093,0.230796,0.205993,0.948481,-0.154067,-0.954671,-0.76111,0.016155,0.038693,-0.765666,-0.292348,-0.598072,-0.396388,0.536466,-0.011123,0.302201,-0.050893,0.881402,-1.021679,0.456496,-0.125152,1.18236,-0.823823,1.337125,0.416255,0.188387,0.627487,0.231538,0.233145,0.206964,0.179659,0.19092,-0.226468,-0.323577,-1.265901,0.717009,-0.153237,-0.058348,0.302811,-0.891118,0.670787,-0.316811,0.166266,-0.394569,-0.082441,0.415437,0.654529,0.480134,0.588519,0.161663
TRAIN_0401,CHP212,SCH772984,-2.241292,0.116778,-0.202833,1.026748,1.130883,0.096838,0.951404,0.562467,0.893619,-0.23436,0.438084,0.504759,-0.006852,0.404627,-0.535022,-1.148285,-0.734438,-1.089505,-0.807226,0.519687,-1.342375,0.710013,-0.264822,0.191513,-0.38987,0.125428,-0.229431,-0.72802,0.351649,-0.460653,0.640349,-0.091418,1.404559,0.112859,-0.871256,0.502775,-1.023537,-0.284351,-1.629988,-1.091055,0.141547,0.718013,0.030703,-0.59647,-0.911607,0.254949,-1.073085,-0.584503,1.00478,0.423009,-0.984193,0.00743,-0.152572,-0.447204,0.27575,0.850544,1.185124,-0.60355,-0.226063,0.767937,1.169371,0.453693,-1.009182,-0.328463,-0.543677
TRAIN_0402,SF126,Taselisib,1.005125,-0.59091,-0.347998,-0.622375,1.052914,-0.023604,0.635963,1.135678,1.044595,-0.027769,0.151831,-1.020043,-0.179636,-0.581288,-0.655239,-1.255609,0.214701,-0.929791,0.348411,-0.513642,-0.984226,0.781699,0.042486,-0.417099,-1.574896,0.250718,0.439116,-0.75082,1.088402,-0.542886,0.462724,-0.321943,0.748928,0.115257,-0.308976,0.752809,-1.383475,0.528205,-0.93831,-1.056313,-0.265347,0.243678,-0.554063,0.796815,0.575614,-0.596442,-0.512047,-0.354742,0.96696,1.07002,-1.265728,-0.378551,0.559654,-1.270045,-0.164076,0.44997,-0.262277,0.089337,0.256482,-0.103162,1.182365,0.458149,-0.159841,-0.840632,0.464521
TRAIN_0403,NCIH1963,AZD2014,5.242612,0.719245,-0.30049,0.668591,0.269234,0.240572,-0.435959,1.074497,0.472769,-0.953396,-0.209475,0.170373,-0.115592,0.688723,-1.132095,-1.095493,-1.243419,-0.820411,0.198911,0.362232,-0.612012,1.759611,0.146021,-0.309966,-0.905347,-0.250189,-0.394533,-0.970895,0.151294,0.396449,-1.237715,0.195826,0.784756,0.578593,-1.630197,0.373241,-0.818065,0.144346,-1.189456,-0.562112,0.110851,0.298204,-0.091888,-0.381279,0.197145,-1.288769,-0.046687,-0.291307,0.429695,0.533593,-1.515027,0.530725,-0.145103,-0.740206,0.663754,0.946558,1.186904,-0.064952,0.043715,-0.347474,1.861344,-1.014718,0.353393,-0.506817,-1.368218
TRAIN_0404,TE8,Bleomycin,3.759869,0.581401,0.565289,0.692378,1.70231,0.347753,0.41873,2.28076,0.404351,-0.759294,0.854063,-0.040758,-0.009024,1.150824,-1.624674,-1.256772,-0.969335,0.204599,0.099506,-0.92786,-1.376838,0.926472,-0.557109,-0.204309,-1.896965,-0.856543,1.069002,-0.612966,0.783095,0.076784,0.668507,-1.398442,0.963436,-0.395806,-1.173254,1.804493,-0.520457,-0.605121,-0.838049,-0.481123,0.019135,0.75257,0.131583,0.892448,-0.642473,-1.126727,-0.798183,-1.090301,1.953611,-0.311958,-1.320537,-0.607375,-0.512007,-0.338297,0.083972,1.129996,0.621158,-0.100934,0.429973,-0.024572,0.829963,-0.297094,0.159023,-0.890534,-0.875545
TRAIN_0405,KYSE180,glutathione,8.746403,0.197702,-0.614301,0.403936,1.249395,-0.496171,-0.286171,0.665528,1.111314,-0.484722,1.116412,0.431234,-0.375325,-0.330283,-2.418362,-1.976022,-1.091133,-0.038866,0.283817,-0.457955,-2.125483,0.454638,0.281235,0.191932,-1.097821,-0.108923,0.897639,-0.937944,0.304766,-0.335487,0.986363,-1.482231,1.673172,-0.952984,-3.362468,2.196447,-3.459791,0.300237,-5.435536,-4.286325,0.720562,0.872282,0.458898,-0.618562,-0.320805,-3.192769,-2.147283,-0.572792,2.752237,0.46293,-3.980761,1.152603,-1.057926,-1.520002,1.821074,2.803769,1.90063,-2.445664,-0.539645,0.850594,3.136874,-1.127356,-0.950194,-3.705366,-3.371789
TRAIN_0406,SNU175,Zoledronate,3.225748,1.289704,0.384878,0.017827,1.221661,-0.084757,0.051854,1.039396,1.066555,-0.115771,0.302461,0.236237,-0.169637,0.209471,-1.019061,-1.107093,-0.341019,-0.915924,-0.182419,-1.057438,-1.56412,0.46106,-0.225916,0.093068,-1.011426,-1.512478,0.855476,-0.164263,0.453817,0.584539,-0.667983,0.57395,0.655968,-0.147288,-0.506287,-0.276325,-0.874861,0.64106,-2.074867,-3.229003,0.873321,0.354722,-0.052432,-0.221221,-0.150186,-1.418032,-0.399632,-0.133474,1.368927,0.611825,-2.617525,0.005391,-0.004867,-0.377,1.080819,0.954553,1.549804,-1.566977,0.175254,0.258907,1.988669,-1.323907,0.663492,-1.481037,-1.595673
TRAIN_0407,MDAMB157,GSK2110183B,4.255374,0.372046,-0.181549,0.500894,1.914464,-0.010364,-0.109437,0.846556,0.530919,0.008751,0.52802,-0.105134,0.446186,0.746376,-1.748962,-1.874265,-1.80446,-1.034696,0.131903,-0.656963,-1.402347,1.215264,-1.101582,-0.406611,-1.098747,0.347071,0.055334,-0.916259,0.828818,-0.969124,-0.090337,-0.934924,2.170706,0.438054,-0.879301,0.798975,-0.36036,1.279707,-2.222348,-2.307343,-0.855321,1.387822,0.145151,-0.022213,-1.191706,-1.831922,-0.856292,-0.349493,0.841242,-0.180435,-2.127665,0.923161,-0.256649,-0.360224,0.152643,-0.462086,0.655118,-1.259337,-0.129855,1.968928,1.307824,0.896323,0.101638,-1.403922,-1.003483
TRAIN_0408,TE5,GSK343,5.721655,0.957146,-0.866134,0.324485,1.484002,0.44532,-0.260692,1.826543,0.483484,-0.232684,1.388842,0.027801,-0.513035,0.583125,-1.651543,-1.495985,-0.014252,-0.474896,0.255106,-0.599908,-1.623797,1.024812,-0.363712,0.030343,-2.27566,-0.121905,-1.271174,0.19016,1.131943,-0.739626,-0.2911,-0.458718,1.583857,-0.374119,-0.247461,1.077217,-1.652984,-0.064588,-2.412608,-0.774678,-0.417821,0.478369,-0.092319,-0.135061,-0.46678,-2.372042,-0.991766,-0.556495,0.848824,0.72138,-1.479704,0.317311,-0.308334,-1.825167,0.462315,1.636548,0.812724,-1.291801,0.7987,1.27394,1.306923,0.042346,-1.317199,-1.610784,-1.55085
TRAIN_0409,LN18,VE821,4.773658,0.833547,0.09396,0.0698,1.030359,-0.433189,-0.941288,0.938748,0.087959,-0.606856,0.093634,-1.20895,0.613874,0.832744,-2.022168,-1.335712,-0.271084,-0.268736,-0.141146,-0.22879,-1.479113,0.58275,0.169407,0.703003,0.078175,-1.0644,0.444113,-1.187077,0.712274,-1.247787,-0.880296,-0.901391,1.620085,0.004315,-1.359636,0.225638,-2.611089,0.351575,-1.721628,-1.439581,0.550675,1.687929,0.372325,-0.201657,-0.774628,-0.782962,-0.610199,-1.030749,0.697149,1.043485,-2.658029,1.320167,-1.845498,-0.110093,0.985668,1.310333,1.042305,-0.072958,-0.021675,-0.04964,0.324291,-0.492791,-0.225818,-2.102383,-1.479198
TRAIN_0410,SKMEL5,Paclitaxel,-2.580589,-0.033035,-0.020639,-0.231262,2.000687,-0.20379,-0.487539,1.114516,0.627057,-0.111221,0.800107,-0.802245,-0.874738,0.563132,-2.216894,-1.64307,-0.483494,-0.826329,0.733929,-1.512188,-2.325395,1.137832,0.68178,1.076584,-0.466297,-0.624496,-0.783472,-2.287886,0.057376,-0.681606,0.367394,-0.149702,1.910256,0.729463,1.66533,-0.65524,0.499719,-0.710878,0.688747,0.632163,-0.139596,-0.932565,-0.241542,0.34858,0.114116,0.745965,0.60966,-0.042082,-1.069794,0.367661,1.423115,0.599018,1.056196,0.308685,-1.096228,-0.937587,-0.246503,0.496697,0.727361,0.311413,-1.249306,0.085521,0.520437,1.053824,0.714308
TRAIN_0411,MFE296,Cytarabine,4.028165,0.146331,0.264333,0.923442,1.976335,-0.299448,0.063427,1.381517,1.806556,-0.883218,1.603842,-0.453348,-1.160896,0.929852,-1.880775,-1.326804,0.040693,-0.85997,0.023127,-0.434616,-1.434399,1.8319,-1.306234,0.292094,-1.766712,0.27361,0.424231,-1.04938,0.624831,-1.109417,0.515293,0.384404,2.078209,-0.408395,0.42008,0.202968,-0.559458,0.334507,-1.589595,-0.07442,0.42115,1.164031,-0.250305,-0.010705,-0.137237,-0.638562,-1.102442,-0.184636,-0.162331,0.358238,-1.983103,-0.756903,0.208595,-0.626186,-0.175164,1.172711,0.649134,-0.001299,-0.244262,1.512447,0.206132,0.622534,-0.127436,-1.403803,-0.381958
TRAIN_0412,EN,Gallibiscoquinazole,3.839573,0.353405,-0.142298,0.039722,1.865822,0.200781,-0.466414,1.386221,0.920799,-0.700329,0.523934,0.57411,-0.601638,0.069232,-2.287972,-1.398729,-0.667864,-1.364473,0.983263,-0.222389,-1.750103,0.571386,0.271972,-0.272989,-1.067354,-1.543923,0.560173,-1.787212,0.751079,-0.609488,-0.776427,-0.821239,2.244734,0.734822,-1.812219,-0.123784,-1.252606,0.268524,-0.822631,-1.189752,-0.141507,0.765689,0.376353,0.125091,-0.337713,-2.198844,-1.05342,0.329635,0.966748,0.122577,-0.897237,-0.297356,-0.430763,-0.490278,0.284573,0.902016,0.675417,-1.392889,-0.164679,-0.390543,0.888636,0.291256,-0.293871,-1.499606,-1.051595
TRAIN_0413,KURAMOCHI,Schweinfurthin A,4.143164,-0.253138,-0.724565,1.106237,2.114376,-0.474592,-0.787517,1.365639,0.726651,-0.236438,1.109796,-0.799756,-1.130987,0.421869,-2.688665,-2.311863,-0.006512,-0.791761,0.452957,-1.716553,-1.575012,2.275523,-0.456502,0.755919,-1.049148,0.184024,0.284625,-1.076043,1.154193,-0.491093,-0.597747,-0.940332,2.323579,-0.267055,-0.042644,0.491052,-0.123102,-0.499507,-0.040935,-0.726426,-0.473982,0.065581,1.308064,-0.238521,-0.278832,-0.667047,-0.352309,-0.568633,0.479859,0.6705,-0.523728,-0.430424,-0.320889,-0.537186,0.262695,1.06339,0.285212,-0.368177,0.769407,0.566034,0.663789,0.794012,0.173206,-1.420522,-0.045633
TRAIN_0414,A172,Gallibiscoquinazole,2.740593,0.534815,0.022871,0.506864,1.068577,-0.890003,-0.392628,1.058259,0.196406,-0.446188,0.624477,0.582264,-0.27534,0.317173,-1.526953,-2.302451,-0.451069,-0.758502,1.476302,-0.803192,-0.948883,1.123836,-0.760134,0.623991,-0.733379,-0.028355,-0.368327,-0.194796,-0.408397,-0.174244,0.868107,-0.963773,1.159083,0.734822,-1.812219,-0.123784,-1.252606,0.268524,-0.822631,-1.189752,-0.141507,0.765689,0.376353,0.125091,-0.337713,-2.198844,-1.05342,0.329635,0.966748,0.122577,-0.897237,-0.297356,-0.430763,-0.490278,0.284573,0.902016,0.675417,-1.392889,-0.164679,-0.390543,0.888636,0.291256,-0.293871,-1.499606,-1.051595
TRAIN_0415,SKGT4,Fludarabine,6.60981,0.337221,0.460891,0.768811,1.750106,-0.760937,-0.164065,2.106568,1.172457,-1.112062,-0.108992,-0.27792,0.148658,-0.204749,-1.644128,-2.056788,-0.720276,-1.489825,-0.29169,-0.663589,-2.188059,1.478351,0.208167,-0.855414,-2.577918,-0.702989,0.288035,-1.224798,0.328001,0.499554,-0.485767,-0.882385,1.962596,0.338668,-1.055539,0.694492,-1.527252,-0.044322,-3.544727,-2.362277,-0.094146,1.316028,0.820983,-0.901859,-0.254281,-2.70108,-0.714077,-0.969594,0.984908,0.890845,-2.812753,0.305117,-1.660257,-0.49401,1.284508,1.475973,0.56696,-0.594513,-0.77498,0.246681,2.550025,-1.036533,0.105808,-1.299849,-1.514231
TRAIN_0416,NCIH810,Epirubicin,-0.943843,-0.65437,1.08276,1.340913,1.252551,-1.200493,-0.07042,0.724356,0.92528,-0.224184,0.026201,0.136063,-0.02375,0.709512,-1.747845,-2.287524,-0.026034,-1.062785,-0.407087,-0.155592,-0.243751,1.321687,0.872784,0.107503,-1.49508,-0.813801,0.920129,-1.444207,0.711717,-0.829676,-0.4973,-0.035947,1.506386,0.584588,0.218532,-1.293734,0.454386,-0.314177,-0.314104,1.128928,0.010668,-0.307924,-0.237122,-0.731394,-0.586543,0.965222,-0.079798,0.111592,-1.252937,-0.734058,0.689781,0.118108,0.960752,0.819251,-0.248885,0.011408,-0.361602,1.210607,0.642009,0.012527,-0.112766,0.82703,0.330319,1.020829,-0.83569
TRAIN_0417,CADOES1,P22077,4.59108,0.259153,-0.02204,1.050132,0.642358,0.022781,-0.358214,1.103962,1.168723,-0.228368,0.397562,-0.999667,0.051793,0.489686,-0.238455,-1.344009,-0.278379,-0.574119,1.005544,-0.674146,-0.834919,1.315184,-0.062472,-0.176625,-0.885971,0.161215,-0.436726,-0.727652,-0.090845,0.183108,-0.96285,-0.694613,1.466599,0.425315,-1.419809,0.219072,-0.785308,0.018791,-2.864107,-1.676799,0.580026,1.983954,-0.597185,0.255837,-0.037624,-2.077544,-0.584461,-0.158762,0.745398,1.341779,-3.174936,-0.127305,-0.65413,0.042693,0.676995,1.384918,1.981429,-1.290457,-1.009365,0.241491,2.010931,-0.615652,0.713062,-1.13428,-1.947767
TRAIN_0418,HS746T,Temsirolimus,2.031677,0.51079,-0.779019,0.271739,0.997886,0.395798,-0.422093,2.044884,1.036198,0.702714,-0.220702,0.186306,0.127698,-0.255225,-1.326701,-1.482005,-0.651629,-1.380854,-0.058942,0.156279,-1.350686,1.793123,-0.61143,-0.325328,-0.821939,-1.195551,-0.101497,-1.084041,0.415084,-0.664125,-0.081128,-0.229172,2.139231,0.322664,-1.009865,0.691131,-0.441811,1.601715,-1.708299,0.264562,-0.134828,-0.57506,-0.209288,0.10217,0.423519,0.393448,0.48332,-0.628353,0.899362,0.3043,-0.884805,-0.003474,-0.476691,-0.195508,-0.171407,-0.187978,0.534046,0.04899,-0.191577,0.788577,0.178269,-0.30291,0.271536,-0.416055,-0.335862
TRAIN_0419,OV17R,Irinotecan,3.481432,-0.004738,0.058031,-0.371107,1.418322,-0.62602,-0.495568,0.684675,0.966391,0.136412,0.436103,-0.794716,0.430451,-0.185933,-2.577654,-1.120099,-0.992229,-0.297969,0.055247,-0.408433,-0.404005,0.542054,-0.459579,0.014987,-0.345714,-0.755027,-0.210484,-0.661279,0.00527,-0.393579,-1.003942,0.636488,0.775065,0.712293,-0.749282,0.773522,0.060419,0.295223,-1.968346,-1.235114,-0.405554,1.236271,0.428443,0.466943,0.358462,-1.425018,-1.065339,-0.405302,0.43441,0.365529,-0.886233,0.18289,-0.242209,-0.604528,0.905224,0.515381,-0.331093,-0.45586,0.239208,0.496061,0.483477,-0.96222,0.094315,-0.840589,-1.048256
TRAIN_0420,EM2,Cediranib,1.827939,-0.559433,0.02434,1.330484,0.752773,-0.21023,-0.293925,0.686821,1.064024,-1.336926,1.033672,-0.939993,-0.362478,-0.09557,-0.647111,-1.64777,-0.045575,0.513813,-0.526968,-0.35192,-1.025884,0.934084,-0.101514,-0.287518,-0.45708,0.634322,-0.040875,-0.206442,-0.461783,-0.773749,0.092682,0.446001,1.08918,0.535635,-0.22993,0.116155,-0.069144,-0.57985,-1.706431,-0.705326,-0.286743,0.65723,0.242444,-0.175805,0.202005,-1.165952,-0.396303,0.245553,1.147345,0.637447,-1.828758,0.492939,-0.713184,-1.122247,0.399273,0.281271,1.057791,-0.189724,-1.171277,-0.178501,-0.035923,-0.572183,0.095516,-0.908154,-1.145821
TRAIN_0421,RERFLCMS,Dinaciclib,-3.704599,0.212317,-0.366115,0.71095,0.678253,-0.709268,0.509638,1.491669,0.507075,-0.894066,-0.311244,-0.205631,-0.510475,-0.035188,-0.559348,-0.598366,0.374516,-1.061911,0.004201,-0.128477,-0.566033,1.586105,0.083964,0.961831,-0.527025,0.226545,-0.099705,-0.636747,0.665646,0.470479,0.201439,-0.378193,1.724871,0.076356,1.002574,-0.646197,0.657305,-1.143869,1.234096,0.545156,0.080164,-0.118801,0.336212,0.468281,0.167054,0.887145,0.185432,-0.396048,-0.324964,-0.354187,0.74589,-0.664908,-0.134457,0.547165,0.058747,-0.974601,-1.849437,0.557091,0.162017,-0.369697,-1.071274,0.480815,0.177241,0.846691,1.135216
TRAIN_0422,COLO679,PD0325901,-3.829524,0.385448,-0.118601,0.19753,1.711467,-0.273764,-0.003509,0.994758,0.480327,-0.066453,0.307801,0.441355,-0.624051,0.332746,-1.27651,-2.280409,-1.392592,-1.685415,0.91754,-1.103047,-0.007367,1.052934,-0.113384,0.832566,-0.294756,0.534874,0.705222,-0.536408,0.638486,-0.157941,-0.541296,-0.957194,1.685551,-0.224669,-0.280945,0.774946,-1.051888,-0.065424,-0.765045,-0.735482,0.520815,-0.094234,-0.215982,-0.39661,0.437585,-0.778714,-0.02923,0.821953,0.343315,0.679785,0.200716,0.630315,-0.147089,0.07726,-0.423393,-0.018706,0.033064,0.818061,-0.517656,-0.294433,-0.170617,0.107331,0.004445,0.144931,-0.095186
TRAIN_0423,RT112,Wnt-C59,4.068736,0.919598,-0.149034,0.431362,0.398537,-0.321781,-0.678006,0.977917,0.038843,-0.584121,0.212603,-0.30665,-1.164173,-0.53739,-1.284818,-1.720189,0.106493,-0.663301,0.544128,0.009703,-1.23683,0.835599,0.262883,0.306491,-1.185173,0.278674,-0.021144,-0.865396,0.298436,-0.92745,-0.184676,0.237409,1.641526,0.048762,-2.276183,0.845499,-1.454352,0.485049,-2.641868,-1.382872,0.200472,0.963872,0.347919,0.313621,-0.728087,-2.159561,-1.26736,-0.763082,2.083138,0.731689,-2.850428,0.119786,-0.312679,-1.330538,0.430057,2.008645,0.900242,-0.610285,0.226925,0.062583,0.819316,-0.759071,-0.784926,-1.373283,-1.653098
TRAIN_0424,SNU175,Buparlisib,0.419382,1.289704,0.384878,0.017827,1.221661,-0.084757,0.051854,1.039396,1.066555,-0.115771,0.302461,0.236237,-0.169637,0.209471,-1.019061,-1.107093,-0.341019,-0.915924,-0.182419,-1.057438,-1.56412,0.46106,-0.225916,0.093068,-1.011426,-1.512478,0.855476,-0.164263,0.453817,0.584539,-0.667983,0.57395,0.655968,-0.08547,0.307882,0.542348,-0.976333,-0.432765,-1.000466,-0.277662,0.249551,-0.157462,-0.52232,0.099434,-0.19861,0.549861,-0.239128,0.742393,-0.207145,-0.663722,-1.190538,0.710463,0.740338,-0.63317,-0.011536,-0.215786,-0.572777,0.059086,0.00093,0.12371,-0.351155,0.648617,-0.318073,-0.128833,-1.155066
TRAIN_0425,G401,Fulvestrant,3.314949,0.270681,-0.165801,0.480963,0.681309,-0.198888,0.279881,0.679639,-0.366886,0.607825,0.999254,-0.909654,0.080016,-0.113895,-0.956245,-0.833764,-0.436949,-0.96783,-0.166573,-0.974445,-1.219019,0.799854,-0.486268,0.379426,-0.066561,-0.59959,0.182778,-0.404671,0.449642,-0.303576,0.205469,-0.101037,0.434469,0.93508,-1.031397,0.754668,-1.511043,0.257276,-2.798081,-1.892593,-0.668787,0.377598,0.241671,0.018682,-1.331795,-1.748584,-0.536222,-0.604859,0.884266,0.184357,-2.273645,0.049877,-0.35064,0.384688,0.32317,1.012407,1.032323,-1.297242,0.197774,-0.809043,0.842939,-0.135307,-0.358003,-1.667498,-1.138818
TRAIN_0426,EFM19,GSK591,4.717445,0.292298,-0.049404,1.007468,0.965378,-0.544134,-0.366924,0.777613,0.29528,-0.669335,0.93555,-0.294381,-0.33099,0.647698,-1.826085,-1.38915,-0.568087,-0.797631,-0.002735,-2.053453,-1.364378,2.057611,0.255726,0.544725,-0.690604,-0.455701,0.200543,-1.366044,0.187052,-0.243817,0.334014,-0.622407,1.476272,-0.136081,-1.662679,-0.172512,-1.44335,0.551778,-1.825702,-2.174394,-0.171218,-0.350186,0.082911,0.295546,-0.709469,-0.91002,-1.093143,-0.543923,0.735366,0.60418,-3.352758,0.781236,-0.153932,-0.227669,0.309878,1.462185,1.530153,-0.903708,-0.847104,-0.751981,1.481056,-0.718513,-0.532184,-1.100908,-1.6258
TRAIN_0427,A549,PLX-4720,3.429568,0.070282,0.459229,0.431471,0.400148,-0.502019,0.195442,0.608476,0.581389,-0.266667,0.008714,0.786253,0.029815,-0.86339,-1.086401,-1.394387,0.07954,-1.020719,0.13638,-0.307346,-0.437875,0.303494,-0.306452,-0.195838,-1.205089,0.547089,0.27088,-1.340084,0.690567,0.690756,0.33639,-1.130666,0.8999,-0.353624,-0.744683,0.785829,-1.023137,0.50833,-2.517076,-2.074916,0.208332,1.053083,0.738643,-0.592937,-0.522131,-1.896169,-0.602755,-1.051973,0.713473,0.782873,-3.046755,1.063032,-0.577659,-1.652163,0.553522,1.527422,0.94211,-1.078982,-0.031205,0.328764,0.797372,-0.771285,0.466503,-0.593086,-2.562201
TRAIN_0428,AMO1,TW 37,-0.057069,-0.108274,-0.570987,0.162505,0.933393,-0.562942,0.181949,0.207508,-0.166754,-0.194022,-0.35524,-0.415519,-0.738326,1.054779,-0.554987,-0.866107,-0.061295,-0.359291,-0.016435,0.035324,-0.043929,0.173398,-0.355481,-0.117316,-1.577368,-0.920522,0.716635,0.478007,-0.012077,0.108515,0.068325,1.359358,1.114149,-0.697958,0.526327,0.845572,-0.556786,-0.113754,-1.075242,-0.624832,0.0583,0.937267,1.056185,0.051196,-0.549073,-0.892836,-0.39339,-0.708216,-0.146199,1.192649,-0.58797,-0.280672,0.246829,-0.87302,-0.291518,0.030797,1.217761,-0.47834,-1.350512,0.743938,0.255874,-1.125631,-0.236192,-0.203406,-0.299568
TRAIN_0429,CAL29,WZ4003,5.41321,1.238292,0.113911,0.507356,1.208373,0.130208,-0.687934,1.062031,-0.25565,-0.15437,0.732686,-0.591008,0.435835,-0.430444,-2.174792,-1.188354,0.099587,0.078294,0.007499,-0.145306,-1.084125,1.018779,0.271596,0.377077,-1.86245,0.327808,0.773681,-1.180625,0.481176,-0.205864,-0.089599,-0.728837,1.060798,-0.352394,-2.224651,1.006627,-2.14779,0.240393,-1.357918,-1.892007,0.34007,1.363676,0.351402,0.003676,-0.55239,-1.938602,-1.3674,-0.144835,0.432432,0.909143,-2.875255,0.880821,-0.651623,-1.450417,1.043699,1.735359,0.929006,-0.674249,-1.523727,-0.25193,1.848817,-0.702541,-1.15998,-1.713279,-1.936336
TRAIN_0430,HCC827,NVP-ADW742,3.89702,0.461044,-0.349767,0.191299,1.865914,-0.898679,0.147918,1.118295,0.410748,-1.214815,0.305667,0.012445,-0.219768,0.737331,-1.700902,-2.320652,-0.741992,-1.428707,0.987532,-1.529528,-1.001398,1.949426,0.683288,-0.135597,-1.104847,0.582589,-0.195075,-1.947806,-0.554746,-0.259569,-1.240692,-0.80318,2.118075,0.072685,-1.32853,0.941987,-1.093688,0.108214,-1.148524,-1.508345,0.468329,0.272248,0.208743,-0.700635,-0.599034,-1.355941,0.267157,-0.35925,1.767447,0.415746,-1.761438,1.057891,-0.12395,-0.923357,0.779258,0.770584,-0.166317,-0.278341,0.27248,1.213568,1.078637,-0.550498,0.252386,-0.558968,-0.244662
TRAIN_0431,SW1271,Selumetinib,2.756676,1.22407,-0.424848,0.550961,2.331872,0.242779,-0.335761,2.308309,0.416897,0.104542,1.749783,-0.316298,-1.62195,0.022102,-2.075417,-2.35808,-0.063889,-0.966788,0.037967,-1.114261,-2.205084,1.733284,-0.558364,0.671446,-0.715654,-1.393293,-0.823521,-1.555451,-0.291504,-0.724625,0.01134,-0.00199,2.406586,-0.810097,-0.87841,0.001992,-1.508177,0.036193,-2.431257,-1.561257,0.721834,0.414096,0.451505,-0.603579,-0.409148,-1.381885,-1.249892,-1.136838,1.349737,0.920331,-1.880418,0.109737,-0.324248,-0.679071,0.760136,-0.1876,0.437848,-1.298887,-0.247432,0.438829,1.33671,-0.371541,-0.844224,-0.431682,-0.613065
TRAIN_0432,RH41,AZD1208,4.83967,0.757858,0.215366,0.191694,0.566247,0.033775,0.164256,1.526022,0.997524,-0.51662,0.233158,0.092798,0.290077,0.596211,-1.034004,-1.530423,-0.793962,-0.394145,0.335697,-1.02491,-0.717398,1.083234,-0.693862,0.587866,-0.934966,0.34369,-0.208631,-1.116136,-0.0323,-0.362154,-0.347012,-0.42314,1.137098,0.171083,-3.034266,1.438174,-2.664675,-0.151145,-3.519593,-2.441881,-0.374803,1.275011,-0.433133,-0.005407,0.640094,-3.013744,-1.285938,-1.993588,1.52908,0.867297,-2.440785,0.553584,-0.167184,0.197539,1.827979,1.376783,0.754058,-1.536418,-0.964766,0.751982,0.959342,-0.797719,0.124034,-1.808084,-2.37368
TRAIN_0433,T84,Rapamycin,-0.470126,0.202341,-0.693281,0.481458,1.933817,-0.216802,0.215051,2.175516,0.409571,-0.523699,1.583013,0.297312,-1.263181,0.415404,-1.753807,-1.16817,-0.887992,-1.348363,-0.049935,-1.118437,-0.887132,0.7531,-0.518298,-0.832597,-0.802644,0.136427,-0.061843,-1.2042,0.571049,0.186578,-0.063118,-0.900413,0.888749,-0.945214,0.557126,-1.2403,0.678786,-0.112552,1.778403,0.072486,0.331753,-0.410368,0.407815,-0.14393,-0.478802,0.311055,-0.198081,0.525475,0.080814,-0.496244,1.411374,-0.963337,0.329724,0.755402,-1.104593,-0.743338,-0.221401,-0.944799,0.860091,-0.029243,-0.248533,0.09174,-0.745861,0.955294,0.702878
TRAIN_0434,HS766T,Lestaurtinib,0.672228,0.10628,-0.308864,1.378682,2.28454,-0.968887,-0.106697,0.915876,0.949217,0.382561,0.180539,-0.976178,-0.17979,-0.479524,-2.624349,-1.782531,-0.995425,-1.339753,0.751166,-0.884568,-1.570239,1.598437,-0.087321,0.019592,-1.489757,-0.90515,0.04252,-1.883411,0.435697,-1.130045,-0.908891,-0.596502,2.340755,0.641604,0.00259,-0.89192,-0.874125,0.371957,-0.323725,0.192203,0.060997,-0.068864,-0.044803,-0.434974,-0.013824,-0.321391,-0.200317,-0.170904,-0.092509,0.46786,-0.099648,0.518239,0.761337,0.414129,0.279291,0.183739,0.451036,0.028138,0.48619,0.313583,-0.160691,0.43848,0.04208,-0.074874,-0.261679
TRAIN_0435,TOV112D,GDC0810,4.021211,-0.050428,-0.332689,0.307966,0.854081,-0.056013,-0.148008,0.755903,-0.544801,-0.828596,0.109251,-0.451416,-0.894346,-0.074211,-1.919173,-1.283319,-0.934374,-1.141048,-0.432007,-0.719193,-1.432453,1.490364,0.043184,0.012851,-1.406777,-0.1949,0.42383,-0.743004,1.067664,-0.195144,0.250425,-0.358935,1.648351,0.432517,-1.513262,0.858103,-1.640114,0.118592,-2.626224,-1.290849,-1.001538,1.185584,-0.605628,1.043922,-0.694831,-1.889346,-1.119212,-1.106442,1.156652,1.318667,-2.219952,1.467727,-0.561552,-0.891911,0.802432,1.434163,0.904163,-1.242221,-0.867801,0.727876,1.577849,-0.589423,0.553457,-1.711846,-1.452151
TRAIN_0436,CAPAN1,Alpelisib,3.995403,0.156033,0.002328,0.224883,2.583537,-0.826097,-0.077371,1.883588,0.968253,-0.558398,0.473351,-0.43784,-0.535541,0.721985,-0.792859,-1.989996,-1.242734,-1.048947,1.601612,-1.302667,-0.581555,2.292886,-0.500781,0.351485,-0.599261,-0.729633,0.008254,-1.432714,-0.134657,-0.920518,-0.901353,-0.579897,1.452615,-0.132531,-1.172411,0.399383,-0.747257,-0.312857,-2.115799,-1.241381,0.882446,0.766422,0.647157,0.229445,-0.252926,-2.089818,-1.46953,-0.428116,0.833348,0.818713,-1.469455,0.246363,-0.981269,-0.452018,0.130229,0.698166,0.483483,-0.946236,0.261968,0.343651,0.797839,-1.263546,0.082048,-1.546326,-1.191281
TRAIN_0437,ST486,AZD2014,1.704512,0.088717,-0.41637,-0.119326,1.261978,0.506931,0.36969,0.969927,0.390396,-0.458971,-0.233361,-0.026243,-0.795592,-0.388494,-0.281227,0.17708,-0.055414,0.099198,0.017946,-1.075885,-0.32702,0.941664,-0.065376,-0.090916,-0.157579,-0.736902,-0.337166,-1.020019,0.210904,-0.8132,-0.472881,-0.62261,0.700033,0.578593,-1.630197,0.373241,-0.818065,0.144346,-1.189456,-0.562112,0.110851,0.298204,-0.091888,-0.381279,0.197145,-1.288769,-0.046687,-0.291307,0.429695,0.533593,-1.515027,0.530725,-0.145103,-0.740206,0.663754,0.946558,1.186904,-0.064952,0.043715,-0.347474,1.861344,-1.014718,0.353393,-0.506817,-1.368218
TRAIN_0438,TE4,AZD3759,3.134394,-0.085087,-0.700835,0.245553,1.118446,-0.768733,0.549332,0.591888,1.282703,0.21963,0.880162,-0.715023,-0.198751,-0.44647,-1.064459,-1.407269,-0.651342,-1.416467,-0.989115,-1.240606,-0.565537,0.962897,-0.264021,0.381422,-0.228987,0.230044,-0.39805,-1.885636,1.478262,0.657348,-0.137495,-1.113241,1.953066,-0.072685,-0.864889,1.294764,-1.309489,0.03204,-2.697501,-0.169229,-0.38159,0.739807,0.083044,-0.139261,0.169928,-0.318313,-0.436071,-0.031976,0.989499,0.77695,-1.60746,0.790633,0.254704,0.01295,0.147322,0.720497,0.846571,-1.340406,0.556129,0.252403,0.903349,-0.662484,-0.80834,-1.165477,-0.824003
TRAIN_0439,WSUDLCL2,Docetaxel,-6.588209,0.710218,0.533366,0.374429,0.628996,0.153703,-1.06452,0.447716,-0.369212,-0.029916,-0.437979,-0.706496,0.687879,0.594256,-0.472817,-0.332016,-0.262304,0.03574,-0.260709,0.273459,-0.474028,0.150686,-0.044694,-0.278959,-0.186205,-0.402622,0.261553,0.324812,-0.267224,-0.21307,0.158897,-0.365973,0.687897,-0.201625,0.798306,-0.119953,1.481924,0.207791,2.54287,1.570925,0.270332,-1.51689,-0.066681,0.022527,1.135359,1.919822,0.393656,0.640019,-0.957178,-0.111218,1.226762,-0.139139,0.26514,0.807835,-0.964551,-1.307825,-0.330173,0.30066,-0.184375,-0.352008,-1.346629,0.02936,0.235369,0.336949,0.674003
TRAIN_0440,A498,Sabutoclax,0.795582,0.575771,-0.753342,0.697781,1.629865,-0.662887,-0.144081,1.519327,0.152704,-0.264125,0.792379,0.104222,0.087415,-0.460507,-2.274378,-1.3702,-0.273709,-0.698233,2.222905,-0.571411,-0.764937,1.860059,0.112642,-0.093912,-0.964978,-0.900119,-0.013737,-1.328816,0.395464,0.590537,-1.208889,-0.22467,0.941543,0.342456,-0.313155,0.244849,0.210585,0.242432,-0.17826,0.175224,-0.424909,-1.135379,0.484808,-0.741514,0.078797,0.290259,0.223535,-0.102982,0.04712,0.206721,0.515056,0.839594,0.14933,0.088686,-0.504564,0.131674,0.25574,-0.025906,0.298189,-0.173986,0.253839,0.49641,0.464854,0.151527,-0.419857
TRAIN_0441,HCC1143,Dactolisib,-2.696021,1.485088,-0.394282,0.132963,2.298495,0.741816,-0.237613,2.120855,1.455624,-0.851392,0.312245,0.141481,0.366187,0.528905,-2.396695,-0.770612,-0.840559,-1.203432,0.492562,-0.151592,-1.017431,1.70641,0.000734,0.090821,-1.178077,-1.821542,-0.034859,-1.056506,-0.191266,-0.421135,-0.400562,0.262348,2.680909,0.227638,1.056634,-0.407129,-0.178796,0.440284,1.544465,1.009237,-0.164836,0.210771,1.642187,0.106347,-0.528889,0.330371,0.616306,-0.608144,-0.361102,0.04526,1.51106,0.518427,0.594687,-0.795872,0.202574,-0.08203,-0.264762,-0.511201,-0.257988,-0.72311,-1.418905,0.200617,-0.320616,1.77921,0.420071
TRAIN_0442,NCIH1436,ML323,4.438616,0.919993,0.473656,0.516206,1.112939,0.415006,-0.803697,1.558928,-0.034002,0.134435,0.331228,0.241177,-0.14937,-0.406355,-0.910712,-0.687617,-0.035842,-1.239974,0.113567,-0.697559,-1.549905,2.089476,-0.119362,-1.29439,-1.038929,-0.635876,0.056632,-1.160692,0.722226,0.050325,-0.105916,-0.68008,1.55061,-0.287157,-1.058824,1.27759,-1.021178,0.573679,-3.183565,-2.677462,0.424786,0.74543,-0.255857,-0.791907,-0.331191,-1.267629,-1.18853,-0.334665,1.394198,-0.174885,-2.04308,-0.104248,-0.515684,-1.09627,1.282842,0.88054,1.468711,-1.567304,-0.678318,-1.364686,2.379846,-0.379864,-0.637513,-2.074945,-1.883317
TRAIN_0443,MC116,Crizotinib,1.466773,-0.353194,-0.225451,-0.388513,1.01167,0.762275,0.752648,1.167165,0.17099,-0.34767,-0.644842,0.855017,0.070756,-0.160914,-0.008608,-1.092797,0.005632,-0.442387,0.429816,-0.351013,-1.221976,0.553054,0.445058,0.009132,-0.113329,-0.714149,0.025866,-0.7169,0.505571,-0.195416,0.242488,0.332318,0.996999,0.05611,-0.313137,1.058992,-0.99243,-0.126817,-1.397791,-0.804813,-0.129202,0.672449,0.754851,0.942689,0.186911,-0.248448,-0.889107,-0.016638,1.51282,-0.173967,-1.649662,1.127564,-0.794836,-1.210734,1.252095,1.421096,0.959201,-0.692532,-0.466007,0.405315,1.568367,-0.263087,0.935328,-1.331801,-0.964386
TRAIN_0444,IM95,NVP-ADW742,2.948367,-0.178529,-1.530061,0.113039,1.695784,0.071303,-0.297914,1.251192,0.269005,-0.272894,0.816634,-1.178376,-0.222457,0.65963,-1.736929,-1.028461,0.957863,-0.861777,0.447847,-1.094857,-1.038298,1.401701,-0.083053,-0.455869,-1.03569,0.295946,0.312984,-0.439052,0.181808,-0.10517,-0.093531,-0.956429,1.639877,0.072685,-1.32853,0.941987,-1.093688,0.108214,-1.148524,-1.508345,0.468329,0.272248,0.208743,-0.700635,-0.599034,-1.355941,0.267157,-0.35925,1.767447,0.415746,-1.761438,1.057891,-0.12395,-0.923357,0.779258,0.770584,-0.166317,-0.278341,0.27248,1.213568,1.078637,-0.550498,0.252386,-0.558968,-0.244662
TRAIN_0445,KMH2,Uprosertib,2.936512,0.723242,-0.023722,0.299547,1.664207,0.16958,0.659078,1.2925690919220059,0.471341,-1.107265,0.23075,-0.41936,0.016782,0.176836,-0.906459,-0.746514,0.719463,-0.802506,-0.270434,-0.455086,-1.300337,1.674141,-0.285358,-0.239794,-1.142778,0.012607,-0.00825,-1.053657,1.071878,-0.810504,-0.167935,-0.056946,0.363655,-0.484458,-0.113664,1.309084,-0.393676,0.243803,-1.573191,-1.750486,0.668881,0.831331,0.432499,0.743707,-0.564513,-1.347279,-0.461904,-0.867817,0.824391,0.544933,-1.694045,0.935986,-1.089935,-0.026572,0.86188,0.611087,0.346683,-1.769065,-0.666162,0.811316,0.819292,0.165291,-0.471194,-0.607383,-1.397745
TRAIN_0446,NCIH209,AT13148,3.488149,-0.122712,-0.610011,0.019858,1.448705,-0.467028,-0.393976,0.692362,0.616926,-0.045588,-1.206005,0.240636,0.446655,-0.384025,-1.601628,-1.230787,-0.705826,-0.478536,-0.79005,-1.088359,-0.053801,0.390391,0.490082,0.217039,-1.735289,0.000279,0.005836,-0.898785,0.341518,-0.112867,0.183733,0.23832,1.283981,0.189418,-1.592353,0.725207,-2.103474,0.132005,-2.305007,-1.309178,-0.095581,0.852748,0.021528,-0.292769,-0.290528,-1.603634,-0.410035,-0.566252,0.98612,0.287,-2.293721,0.175994,0.592634,-1.199819,0.53249,0.938627,0.899261,-1.087352,-0.199995,-0.491253,1.59005,-0.209997,-0.825349,-2.349653,-1.802358
TRAIN_0447,NMCG1,SCH772984,6.88052,0.834521,-0.488717,1.023515,2.966814,0.237747,-0.11591,2.75657,2.063873,-0.960781,1.445043,-0.938018,-0.582436,0.357779,-3.306001,-3.144042,-0.290956,-2.101774,0.168292,-0.495246,-1.930815,1.318579,-0.669458,-0.790297,-2.916405,-2.501963,0.121552,-2.543,0.673646,-1.841651,-0.458311,-1.238378,3.924535,0.112859,-0.871256,0.502775,-1.023537,-0.284351,-1.629988,-1.091055,0.141547,0.718013,0.030703,-0.59647,-0.911607,0.254949,-1.073085,-0.584503,1.00478,0.423009,-0.984193,0.00743,-0.152572,-0.447204,0.27575,0.850544,1.185124,-0.60355,-0.226063,0.767937,1.169371,0.453693,-1.009182,-0.328463,-0.543677
TRAIN_0448,CFPAC1,Ruxolitinib,6.616678,1.172311,0.146071,0.62743,0.807301,-0.757515,-0.377555,1.21244,0.643811,-0.422713,0.7861,-0.480468,-0.204189,0.264697,-2.825877,-2.126846,-0.61225,-1.577904,0.601871,-0.10699,-0.74746,1.30137,0.528453,0.13921,-1.53734,-0.829706,-0.044668,-1.299881,0.446152,-0.496764,-0.278716,-0.359608,2.374861,-0.730951,-0.311658,1.924286,-0.693945,0.335053,-2.5754,-2.161819,0.727832,0.466459,-1.022261,-0.563586,-1.165745,-1.411808,-0.139302,-1.371545,2.183629,0.975546,-3.349542,0.276304,-0.850252,-0.610705,0.275402,1.450335,1.011744,-0.98412,-0.5582,0.214258,1.312455,0.320978,-0.478524,-2.129862,-1.448377
TRAIN_0449,RPMI8402,Doramapimod,4.446867,0.684599,0.021844,-0.274543,0.696933,0.045656,-1.313981,0.572855,0.370218,-0.096569,0.569079,-0.44145,0.062471,-0.728524,-0.231008,0.584758,-0.625138,-0.60994,-0.283634,-0.141236,-0.852287,0.543509,0.372141,0.282511,-1.207803,0.373941,0.493877,0.153662,0.271751,-0.026325,0.449944,0.825094,-0.055822,1.006391,-1.389057,0.885598,-1.659356,0.603325,-2.502008,-2.096326,0.789539,0.110977,-0.26588,-0.09506,-0.296013,-2.718724,-0.97199,-1.016914,1.479414,1.038284,-2.24381,-0.00253,-1.117982,-1.241595,0.922779,1.248964,1.945617,-1.110702,-0.270198,-0.126281,2.076687,-2.143446,0.132882,-1.226056,-2.046958
TRAIN_0450,SKNDZ,Ulixertinib,3.057827,0.553349,0.126525,-0.462716,1.31366,-0.488515,-0.700916,0.479711,0.718251,-0.418066,-0.486448,-0.063802,-1.024135,0.228021,-1.130984,-0.68436,0.523415,-1.344173,0.179108,-0.731516,-0.705996,1.065563,-0.323807,-0.176325,-1.489228,0.138204,0.302085,-0.293233,0.090302,-0.720905,-0.729765,-0.213727,0.690475,0.354142,-1.225604,0.521775,-0.770105,0.430188,-1.934917,-1.313641,-0.677279,1.079517,-0.04094,0.145518,0.482942,-1.010541,-0.602009,-0.252128,0.832721,0.883489,-1.180675,-0.026598,0.232096,0.102247,-0.205615,1.54772,0.888113,-0.494354,0.26898,-0.032445,1.216385,-0.551523,-0.878174,-1.337298,-0.623017
TRAIN_0451,PANC0203,Sapitinib,2.622768,0.509838,-0.63311,-0.47377,1.753673,-0.149507,-0.545552,0.785323,1.089932,-0.607101,0.82639,0.464001,-1.541074,-0.105433,-2.036985,-1.014649,-1.386078,-0.054967,0.385299,-0.96505,-1.525371,1.262085,0.296038,-0.466061,-1.266202,-0.741884,-0.269042,0.130554,0.588958,-0.299976,0.274295,-1.318362,2.746834,-0.321152,-0.89322,2.150448,-1.544818,0.463063,-2.484274,-1.98229,-0.116526,-0.209851,0.869648,-1.245265,-0.470904,-2.253622,-1.252609,0.169662,1.290669,-0.095844,-2.279635,-0.017879,-0.455308,-0.67565,1.636428,0.202576,1.031053,-1.102597,0.125155,0.550354,1.393475,-0.366924,-0.675015,-0.639908,-0.947468
TRAIN_0452,EKVX,Rucaparib,5.195663,0.518361,0.569577,0.020985,1.517348,-0.348595,-1.118541,1.914924,1.804041,-0.584972,0.803457,-1.217816,-0.898847,0.119273,-2.585393,-1.546821,-0.434281,-1.840262,0.5218,-0.902499,-1.221093,2.649093,-0.79389,-0.319785,-2.435739,-0.807428,0.373858,-0.966091,0.438507,-0.921689,-0.294064,-1.180692,3.393939,-0.614904,-0.442504,0.684066,-1.947743,0.991247,-1.864113,-0.969032,-0.236974,0.130412,0.273804,0.02772,-0.181798,-1.048758,-1.737329,-0.127163,0.729975,0.843376,-2.369372,-0.015099,-0.770598,-1.541349,0.759862,0.860363,1.519266,-0.694766,0.470174,0.583732,1.439982,0.120626,-0.538333,-2.081925,-1.346423
TRAIN_0453,SNUC1,CPI-637,5.977269,0.671866,-0.167035,0.795867,1.666061,-1.000683,-0.416965,2.442765,0.464642,-0.645062,0.290746,-0.52315,-0.773597,0.493805,-1.881611,-1.398536,-1.107445,-1.218462,0.212388,-0.711992,-1.858362,1.974791,0.359527,-0.424544,-1.720068,-0.829408,1.430999,-1.406242,1.227665,-1.254984,-0.796732,-0.966076,1.494285,-0.038354,-1.442531,0.425094,-1.164845,-0.059502,-2.550215,-0.954445,0.505543,0.128029,-0.666119,-0.179703,-0.990527,-1.562066,-0.897266,-0.505003,0.995334,1.30909,-0.828039,0.274183,-0.314779,-0.814927,0.65055,0.899343,0.645669,-1.638496,-0.191882,0.162798,-0.044519,-0.388915,-0.256,-0.738156,-1.339592
TRAIN_0454,CORL311,Epirubicin,-1.27947,0.242243,0.594553,0.112133,0.623571,-0.398675,-0.633957,1.122246,1.3279,-0.153852,0.238314,-0.457228,-1.094471,0.604104,-1.324255,-1.249035,1.218811,-0.531041,-0.164785,-0.823187,-0.374559,1.041254,-0.870815,0.50498,-1.291214,0.570934,0.614542,-0.996895,0.892901,-0.36958,0.230428,-0.161858,0.821177,0.584588,0.218532,-1.293734,0.454386,-0.314177,-0.314104,1.128928,0.010668,-0.307924,-0.237122,-0.731394,-0.586543,0.965222,-0.079798,0.111592,-1.252937,-0.734058,0.689781,0.118108,0.960752,0.819251,-0.248885,0.011408,-0.361602,1.210607,0.642009,0.012527,-0.112766,0.82703,0.330319,1.020829,-0.83569
TRAIN_0455,T84,Pevonedistat,3.052292,0.202341,-0.693281,0.481458,1.933817,-0.216802,0.215051,2.175516,0.409571,-0.523699,1.583013,0.297312,-1.263181,0.415404,-1.753807,-1.16817,-0.887992,-1.348363,-0.049935,-1.118437,-0.887132,0.7531,-0.518298,-0.832597,-0.802644,0.136427,-0.061843,-1.2042,0.571049,0.186578,-0.063118,-0.900413,0.888749,-0.682816,-0.490825,1.152252,-0.778952,-0.043693,-0.835052,-0.66123,0.146066,0.914007,0.277556,-0.435219,1.289514,-0.388409,-0.496842,0.572798,0.071261,0.930856,-0.94532,0.808764,-0.01087,0.449711,1.127824,-0.268064,0.90728,-0.947214,-0.613039,-0.305879,0.534017,-0.122104,-0.137274,-0.246915,-0.050385
TRAIN_0456,HT29,Tozasertib,0.939518,-0.120005,-0.195851,-0.596203,1.246944,0.536441,-0.915041,0.907448,0.747906,0.269558,0.188306,-0.698384,-1.338478,0.235643,-0.43331,-1.172488,-0.438553,-0.608845,0.233324,-1.096726,-0.661899,1.226969,-0.162813,-0.436353,-0.431244,-0.081452,-0.192144,-0.373996,0.036795,-0.847567,-0.601578,-1.342911,1.643749,-0.763425,-1.106554,0.950082,0.444601,-0.842854,-1.463405,-0.717546,-0.171143,0.938327,-0.314188,-0.003504,-0.470438,-0.418521,-0.838797,-0.496288,1.208019,-0.27505,-1.19173,-0.685883,-0.811772,-0.279699,-0.069959,0.444721,0.894201,-0.873226,0.19638,0.338208,0.896284,0.287241,0.030795,2.4e-05,-0.37627
TRAIN_0457,SF539,AGI-5198,4.558671,1.223676,0.411944,0.330225,1.282395,-0.343111,0.273325,-0.242836,-0.046925,0.206407,0.202486,-0.175798,-0.954357,1.069904,-0.558973,-1.140946,-0.541563,-0.096216,1.180813,-0.07091,0.233891,0.423017,-0.545899,-0.553732,-0.638638,-0.240612,-0.009059,-0.289739,0.842814,-1.125183,-0.474458,0.047076,0.883568,-0.734819,-1.544505,1.000128,-2.163449,0.258151,-3.102505,-2.813496,0.060358,0.4857,0.360389,-0.493062,0.126102,-1.308109,-0.68762,-1.432904,2.261248,1.278248,-2.506691,1.123973,-0.8254,-1.899178,0.492799,2.33602,0.583517,-1.197911,-0.424214,0.216269,1.170468,-0.647719,-0.54604,-2.289912,-1.599625
TRAIN_0458,PANC0203,UNC0379,4.310257,0.509838,-0.63311,-0.47377,1.753673,-0.149507,-0.545552,0.785323,1.089932,-0.607101,0.82639,0.464001,-1.541074,-0.105433,-2.036985,-1.014649,-1.386078,-0.054967,0.385299,-0.96505,-1.525371,1.262085,0.296038,-0.466061,-1.266202,-0.741884,-0.269042,0.130554,0.588958,-0.299976,0.274295,-1.318362,2.746834,-0.013534,-1.250915,0.261235,-1.342215,-1.087525,-2.20022,-1.404406,0.333798,0.016359,0.297687,-0.645751,-0.73178,-1.239572,0.228781,-0.472351,0.734384,0.465846,-1.436636,0.660889,0.955216,-1.089538,0.787443,1.889147,1.749954,-1.882378,-0.335991,1.100413,2.500054,-0.166172,-0.384661,-1.70074,-0.183934
TRAIN_0459,GDM1,Sinularin,3.941193,0.161057,-0.02178,0.662145,-0.563957,-0.389367,0.019631,1.180166,0.035967,-1.110739,0.509166,-0.487918,-0.76592,-0.223287,-0.79511,-0.936024,-1.30934,0.076468,0.752877,-0.007803,-1.087655,0.437663,-0.0862,0.324204,-0.189213,-0.567067,0.081745,-0.194179,0.865924,0.131608,0.287374,-0.179125,1.385667,0.380129,-1.312002,0.869918,-1.757268,0.670262,-1.86935,-1.716081,-0.304857,0.150508,0.681486,-0.066841,-0.223237,-2.03547,-1.522422,-0.024655,1.182154,0.831045,-2.129475,0.237562,-0.066322,-0.377351,1.070643,0.98484,1.330184,-0.36724,-0.392022,0.107113,1.742904,-0.853544,0.110812,-1.2444,-2.234686
TRAIN_0460,SW1710,Fludarabine,6.892576,-0.632369,-0.699467,0.351014,1.506465,-0.304391,-0.292702,1.76789,0.308318,0.002166,0.754005,-0.618823,0.339257,1.017815,-1.42821,-3.217407,0.232658,-0.605594,1.314393,-0.280454,-0.609386,1.89071,0.450768,1.063933,-1.302603,-1.325199,-0.043888,-0.944818,0.409485,-1.218073,-1.104388,-0.966431,2.238119,0.338668,-1.055539,0.694492,-1.527252,-0.044322,-3.544727,-2.362277,-0.094146,1.316028,0.820983,-0.901859,-0.254281,-2.70108,-0.714077,-0.969594,0.984908,0.890845,-2.812753,0.305117,-1.660257,-0.49401,1.284508,1.475973,0.56696,-0.594513,-0.77498,0.246681,2.550025,-1.036533,0.105808,-1.299849,-1.514231
TRAIN_0461,NCIH1666,UNC0379,4.585781,0.817841,0.39463,0.862607,0.390044,-0.50116,0.347011,1.293021,0.712849,-1.026854,1.474926,0.342818,-0.942347,0.33363,-2.396009,-1.5459,-0.349319,-0.682404,0.503609,0.492059,-2.03144,0.719494,-0.439135,-0.711437,-2.27708,-1.08558,-0.341911,-1.714017,0.662786,-0.898463,-0.403173,-0.199399,1.607056,-0.013534,-1.250915,0.261235,-1.342215,-1.087525,-2.20022,-1.404406,0.333798,0.016359,0.297687,-0.645751,-0.73178,-1.239572,0.228781,-0.472351,0.734384,0.465846,-1.436636,0.660889,0.955216,-1.089538,0.787443,1.889147,1.749954,-1.882378,-0.335991,1.100413,2.500054,-0.166172,-0.384661,-1.70074,-0.183934
TRAIN_0462,NCIH1781,AZD5582,0.6022,1.693235,-0.616009,-0.001767,0.935736,-0.185817,-1.06476,1.37278,1.508462,-0.329081,0.321457,-0.708643,0.0477,-0.204295,-0.726448,-0.520558,-0.356434,-0.879029,0.786277,-0.235507,-1.620696,1.000417,-0.85584,0.262756,-0.895116,-1.144334,-0.131961,-1.666023,-0.12547,-0.242367,-0.618242,-0.669209,0.783394,0.122115,-0.25187,0.860732,-0.499077,-0.200525,-1.120684,-1.242683,0.13003,0.620511,0.944998,-0.726134,0.055199,-0.17052,-0.06418,0.132604,0.945298,0.860922,-1.630212,-0.493247,-0.240474,-1.497734,0.992268,1.24571,0.357226,-0.702553,-0.226726,0.230151,0.664766,-0.016175,-0.200725,-0.210182,-0.514188
TRAIN_0463,FADU,Rapamycin,-1.035373,0.626616,-0.079855,0.494185,0.823603,0.172032,0.033117,1.442335,0.318349,-1.43232,0.95959,-0.590479,-0.784199,0.530037,-1.645403,-0.776735,-0.117455,-0.425481,-0.444921,-0.081897,-0.939259,0.925657,-0.099342,-0.836962,-0.874985,-0.92708,-0.592306,-1.633109,0.840952,-0.769643,0.545893,-0.723721,0.549505,-0.945214,0.557126,-1.2403,0.678786,-0.112552,1.778403,0.072486,0.331753,-0.410368,0.407815,-0.14393,-0.478802,0.311055,-0.198081,0.525475,0.080814,-0.496244,1.411374,-0.963337,0.329724,0.755402,-1.104593,-0.743338,-0.221401,-0.944799,0.860091,-0.029243,-0.248533,0.09174,-0.745861,0.955294,0.702878
TRAIN_0464,RH41,MK-2206,-0.092979,0.757858,0.215366,0.191694,0.566247,0.033775,0.164256,1.526022,0.997524,-0.51662,0.233158,0.092798,0.290077,0.596211,-1.034004,-1.530423,-0.793962,-0.394145,0.335697,-1.02491,-0.717398,1.083234,-0.693862,0.587866,-0.934966,0.34369,-0.208631,-1.116136,-0.0323,-0.362154,-0.347012,-0.42314,1.137098,0.529798,-0.08469,0.846793,-1.413601,-0.672273,-1.133078,-2.019093,-0.004156,0.511094,0.109903,-0.079703,-0.18505,-2.455516,-0.600202,-1.503555,1.258293,0.012442,-2.566479,-0.133584,-0.610037,0.024045,0.614558,1.04236,1.376587,-0.75635,0.116127,0.621508,0.1801,0.332081,-0.866842,-0.475035,-1.768104
TRAIN_0465,NCIH596,Axitinib,3.637134,0.487836,-0.368485,1.006188,1.394587,0.55169,0.48783,1.205193,0.837155,-0.816133,0.403888,0.516741,-0.640676,0.433069,-1.72955,-2.303604,-1.015383,-1.66186,-0.11446,-2.374295,-1.204181,2.559338,-0.162124,-0.637538,-1.81087,-0.798555,-0.39283,-0.773198,0.797898,-1.205655,0.057594,0.134361,2.887716,-0.337615,-1.336589,0.630228,-1.021339,0.030928,-1.194684,-0.948314,-0.617212,0.930371,0.457905,-0.32206,-1.020177,-1.334418,-0.655503,-0.977822,0.231364,0.267288,-1.712554,0.084749,-0.390306,-1.164181,0.336318,1.199988,0.668069,-1.595699,-0.516265,-0.235199,1.016693,-0.27436,-0.997458,-0.622018,-1.638975
TRAIN_0466,SKMEL5,MN-64,5.226776,-0.033035,-0.020639,-0.231262,2.000687,-0.20379,-0.487539,1.114516,0.627057,-0.111221,0.800107,-0.802245,-0.874738,0.563132,-2.216894,-1.64307,-0.483494,-0.826329,0.733929,-1.512188,-2.325395,1.137832,0.68178,1.076584,-0.466297,-0.624496,-0.783472,-2.287886,0.057376,-0.681606,0.367394,-0.149702,1.910256,0.339362,-2.441094,1.091857,-0.840315,-0.271749,-2.729759,-0.775707,0.594335,1.106768,0.495544,-0.363899,0.224212,-2.289524,-1.997075,-0.846754,1.010852,0.3451,-2.621561,1.056797,-0.196659,-0.825182,0.863118,0.927866,0.225757,-1.129636,-0.039744,0.414067,1.111485,-0.445051,-0.304091,-0.720908,-1.074448
TRAIN_0467,A101D,Romidepsin,-6.282112,0.762149,0.579056,0.428051,1.592987,0.013052,-0.490314,1.312173,1.31887,-0.354282,1.171055,-1.641902,0.077265,0.216885,-1.520331,-1.189989,-1.396652,-0.83551,0.403708,0.088366,-1.271023,0.645862,-0.412643,0.506084,-0.856429,-0.65492,0.336108,-0.776126,0.753503,-0.781372,-0.372824,-0.627165,0.595363,-0.0185,1.678768,-1.268802,2.229651,-0.431356,3.317843,1.985626,0.606659,-1.103839,0.90484,0.355194,0.359698,1.841129,0.393897,0.218002,-2.07773,-0.334999,2.468608,-0.408679,1.237644,1.004933,0.091834,-2.185357,-1.518236,1.030645,0.947353,-1.633162,-2.233087,0.688769,1.063353,1.827099,1.177654
TRAIN_0468,NCIH1975,Niraparib,5.083813,-0.289644,0.479631,0.882827,1.84269,0.213488,0.843073,1.539629,0.534201,-0.203194,1.054716,-0.759511,-0.697613,0.038614,-2.579155,-1.307505,-1.391789,-0.781745,0.683425,-0.963073,-0.288509,0.439388,0.415453,0.391458,-1.995015,0.920961,0.056647,-1.357275,-0.403724,-0.58934,-0.296485,-0.42886,1.329284,-1.445213,-1.482875,1.50021,-2.074183,0.622452,-1.90135,-3.334264,0.173371,-0.503639,0.157697,-0.149894,-1.622204,-0.908087,-0.767681,-1.007275,2.070075,-0.463089,-2.845041,-0.739723,0.413348,-0.690214,1.103544,1.454838,1.465064,-1.022671,-0.25573,0.472889,0.929885,-0.629525,-0.098083,-1.344371,-2.25223
TRAIN_0469,DU4475,Refametinib,-3.311806,-0.802268,0.321796,-0.292035,0.694176,0.948709,-0.548019,-0.669396,0.146508,0.373374,1.183851,-0.789596,0.072656,-0.141377,-0.774746,0.671458,-0.963604,-0.255214,0.352394,0.200347,-0.483791,0.706931,-0.280997,0.160038,-0.709073,0.105421,-0.14296,-0.245654,0.127098,0.336438,-0.135736,-1.113506,1.32972,0.007464,-0.129678,0.904775,0.183265,0.209918,-1.593397,-0.939911,0.33318,0.978136,-0.624401,-0.069368,0.613048,-1.061531,0.007156,-0.046746,1.151037,-0.186086,-1.52529,0.216492,-1.011306,-0.56589,0.515914,1.548791,0.794338,-0.221745,0.385352,-0.271402,0.538622,0.907599,-0.157777,-0.146227,-0.279798
TRAIN_0470,NUGC3,Olaparib,4.739064,-0.042599,-0.065664,1.10133,1.683551,-0.170508,-0.368911,1.7395,0.952449,-0.685468,0.037417,-1.407608,-0.296268,0.152585,-0.965404,-1.202999,0.216439,-1.160469,0.820945,-0.992242,-0.743168,0.445343,-0.063393,-0.93822,-1.275509,-0.216147,-0.171579,-1.447744,0.724182,-0.533145,-0.478579,-0.461322,2.802941,0.052596,-1.703616,1.52335,-1.999558,0.668402,-2.984389,-2.049277,0.635117,1.392132,0.521564,-0.675213,-0.614885,-1.844053,-1.360644,0.086519,0.173589,0.057433,-2.547241,-1.00057,-1.198832,-0.567548,0.810497,2.127163,1.983545,-0.8747,-0.245446,0.463703,-0.059052,-1.320344,-0.191072,-1.13054,-1.410577
TRAIN_0471,COLO684,Taselisib,1.246631,0.693375,-0.387874,-0.015688,-0.097501,-0.219561,0.680337,2.21864,0.44597,-0.713739,0.711257,-0.906502,-0.258446,0.595707,-1.068165,-1.566152,-0.596046,-1.329195,-0.13724,-0.911325,-1.057627,1.744989,-0.60003,0.805697,-1.38781,-0.489156,-0.276113,-2.223758,0.772233,-0.159495,-0.397041,-0.49536,1.885985,0.115257,-0.308976,0.752809,-1.383475,0.528205,-0.93831,-1.056313,-0.265347,0.243678,-0.554063,0.796815,0.575614,-0.596442,-0.512047,-0.354742,0.96696,1.07002,-1.265728,-0.378551,0.559654,-1.270045,-0.164076,0.44997,-0.262277,0.089337,0.256482,-0.103162,1.182365,0.458149,-0.159841,-0.840632,0.464521
TRAIN_0472,TE5,Vinblastine,-2.656088,0.957146,-0.866134,0.324485,1.484002,0.44532,-0.260692,1.826543,0.483484,-0.232684,1.388842,0.027801,-0.513035,0.583125,-1.651543,-1.495985,-0.014252,-0.474896,0.255106,-0.599908,-1.623797,1.024812,-0.363712,0.030343,-2.27566,-0.121905,-1.271174,0.19016,1.131943,-0.739626,-0.2911,-0.458718,1.583857,-0.997674,1.316225,-0.3826,1.476585,-0.535226,1.812338,0.936912,-0.404453,-1.333921,-0.226552,-0.637245,0.197151,0.835155,0.813965,0.114986,-0.898193,0.201606,2.535016,-1.583905,-0.036983,0.516645,-0.37362,-1.842875,-1.410311,0.893568,0.347667,-0.13818,-0.74112,0.642289,0.280091,1.119931,1.513154
TRAIN_0473,CAS1,Topotecan,2.088976,0.65156,-0.926777,0.862617,2.056166,-1.248912,-0.064999,2.313712,0.221253,0.33094,0.793526,-0.851333,-0.5292,0.539614,-2.021468,-1.587338,-1.065588,-1.005539,-0.368599,-1.033018,-1.972169,1.209871,0.375019,0.618343,-1.229042,-1.132134,-0.038806,-0.63239,0.475263,0.513132,-0.117323,-0.551657,1.839249,0.0613,-0.686108,0.011542,-1.072884,0.325548,0.454128,-0.29841,-0.051789,-0.022524,0.104188,-0.028353,0.359929,0.498034,-0.464723,-0.191579,0.535525,-0.683298,-1.126647,0.139129,0.217313,-0.415397,-0.240307,-0.297474,-0.358832,0.279495,-0.615029,-0.106215,-0.37449,-0.766045,0.420211,-0.348572,-0.001642
TRAIN_0474,OACM51,Wee1 Inhibitor,0.485734,0.969891,0.471853,0.730406,1.288691,-1.383369,-0.524805,1.009629,-0.330036,-0.950288,-0.560993,-0.385948,0.040767,0.744896,-1.306932,-1.846937,-1.411072,-1.68007,-0.385771,-1.163113,-1.197685,0.65295,-0.00921,-0.062689,-1.122388,0.139257,-0.502323,-0.701637,0.290371,-0.642137,0.211758,-0.036732,0.992797,-0.091633,-0.863396,0.616739,-0.817326,0.813757,-1.043926,-0.622567,0.708772,0.278992,-0.521087,0.529352,-0.125095,-0.878096,-0.778104,-0.603709,1.101005,0.712596,-0.738244,0.604227,0.037667,-0.368164,0.304411,1.26606,0.410115,-0.352971,-0.60022,-0.117301,0.507273,-0.709133,0.279914,-1.383207,-0.717185
TRAIN_0475,MDAMB453,BMS-754807,4.026896,0.120596,-0.46181,0.365491,1.289257,-0.163854,-0.259676,1.048304,0.193322,-0.47457,-0.692764,0.187804,-0.151152,-0.230582,-0.285336,-1.069639,-0.880935,-0.225245,0.401818,-0.388688,-1.124284,1.17108,-0.27658,0.321549,-1.87191,-0.568245,0.93266,-1.126308,-0.059469,-0.611593,-0.795643,-1.492442,1.080044,0.24604,-0.259206,0.255857,-1.507651,1.785946,-0.958371,-1.048493,0.570134,0.446504,0.551635,2.6e-05,-0.161795,-1.075349,-1.219594,0.651712,0.257488,-0.443292,-1.320994,-0.257473,-0.291141,-0.122452,0.919037,1.117624,0.488746,-0.553344,-0.009078,-0.650685,0.957348,-1.058754,0.892272,-0.964415,-0.916508
TRAIN_0476,NCIH2066,CPI-637,6.8544,0.694841,-0.141466,1.221626,1.4945,-1.166471,-0.216203,2.127737,1.710462,-1.22592,1.26005,0.600589,-0.77491,-0.34101,-2.610966,-2.16346,-0.425632,-1.570142,1.173016,-1.699832,-2.646703,2.39758,-1.421405,-0.017094,-0.233919,-0.691018,-0.42081,-1.476993,0.44734,-0.675458,-0.035906,-1.276682,3.174494,-0.038354,-1.442531,0.425094,-1.164845,-0.059502,-2.550215,-0.954445,0.505543,0.128029,-0.666119,-0.179703,-0.990527,-1.562066,-0.897266,-0.505003,0.995334,1.30909,-0.828039,0.274183,-0.314779,-0.814927,0.65055,0.899343,0.645669,-1.638496,-0.191882,0.162798,-0.044519,-0.388915,-0.256,-0.738156,-1.339592
TRAIN_0477,NCIH1435,GW441756,2.931745,-0.10819,0.266577,0.221492,1.278395,0.031671,-0.565372,1.594742,0.608506,-0.403822,-0.648929,-1.377302,-0.156785,0.760054,-2.364576,-1.843373,-0.413768,-0.664132,-0.70024,-1.349171,-1.575679,1.814195,1.023905,-0.046614,-2.125297,-0.342125,0.771192,-1.094612,-0.078401,-0.120402,0.040681,-1.113506,2.039169,-0.673499,-2.055086,0.282676,-0.060868,0.576502,-1.924002,-1.458759,0.079055,1.344161,-0.068802,0.169351,-0.484327,-0.552684,-0.370239,0.148356,0.796549,0.882968,-1.972083,0.388799,0.420919,-1.218565,0.731603,1.280852,1.219148,-1.089721,0.724667,-0.30629,1.734178,0.114021,0.75923,-1.933553,-1.666416
TRAIN_0478,RD,Afatinib,2.043976,0.394335,-1.037937,0.60536,1.497022,0.361266,0.571897,1.157063,1.129316,-0.063093,1.051899,-0.190698,-1.413487,0.152046,-2.394627,-1.739215,-0.043923,-0.809168,0.872442,-0.691346,-1.990229,0.131297,-0.139984,-0.042841,-1.841356,-1.367237,-0.262044,-1.190182,0.689686,-0.476027,0.527053,-1.089158,2.199378,-0.204275,-0.566409,0.24649,-1.313204,-0.168949,-1.027645,-0.049129,1.199452,1.036593,-0.302093,-0.40567,-0.230062,0.153774,-0.442267,-0.893838,0.277433,0.550162,-0.53565,0.061768,0.149363,-1.474701,0.35744,0.945316,0.048733,-0.837349,-1.087672,0.96041,0.127197,-0.118821,0.209224,0.203431,-0.674441
TRAIN_0479,NCIH1155,Temozolomide,5.817879,-0.073849,-0.307095,0.309426,0.938126,0.400777,0.478555,0.984291,1.069282,-0.139301,0.39991,0.139245,-0.279468,1.192867,-2.015708,-1.426447,-0.444284,-0.466602,0.846925,-0.627507,-1.668139,1.41443,0.224486,-0.92517,-0.967359,-1.163963,-0.257161,-1.231356,0.659218,-0.348598,-0.840457,0.032296,0.538263,-0.179375,-2.190063,1.275116,-2.00138,0.826558,-3.805449,-3.237334,0.580631,1.632884,0.221603,0.710941,-1.361723,-3.955455,-1.751438,-0.531723,1.507509,0.171133,-2.919127,0.85528,-0.552925,-0.912662,0.965153,1.795641,2.198019,-2.288311,-1.666732,0.421188,2.343796,-0.794844,0.07117,-3.138335,-2.145482
TRAIN_0480,NCIH1341,CPI-637,5.237107,0.536372,-0.510364,0.301337,1.390667,0.085685,0.493457,1.139404,0.726916,-0.569821,0.496582,-0.126682,-0.397308,-0.720998,-1.264525,-1.107171,-0.760421,-1.399329,0.972853,-0.433065,-1.170299,0.52712,-0.579685,0.701775,-0.99623,-0.682243,0.337764,-1.267617,1.031272,0.227397,-0.451341,-0.764137,0.075592,-0.038354,-1.442531,0.425094,-1.164845,-0.059502,-2.550215,-0.954445,0.505543,0.128029,-0.666119,-0.179703,-0.990527,-1.562066,-0.897266,-0.505003,0.995334,1.30909,-0.828039,0.274183,-0.314779,-0.814927,0.65055,0.899343,0.645669,-1.638496,-0.191882,0.162798,-0.044519,-0.388915,-0.256,-0.738156,-1.339592
TRAIN_0481,OV56,SB216763,5.774061,0.393307,-0.170502,1.678969,1.03682,0.730607,0.117362,1.970474,0.363909,-0.238221,0.24359,0.116296,-1.005145,0.213378,-2.412281,-2.41825,-0.256684,-0.862285,0.955111,-1.903019,-1.04362,2.887947,-0.477719,1.022915,-1.721171,-1.293572,-0.02906,-0.76006,7.8e-05,-0.970301,-0.028673,-0.669793,2.358896,-0.092938,-2.367027,2.406214,-2.091584,0.138745,-2.994548,-1.218692,-0.531023,1.29655,1.312491,-0.117073,-1.090059,-2.628806,-1.0259,-0.05728,1.488819,0.952418,-3.483664,-0.213414,-0.845544,-0.342988,0.994077,1.762409,1.600097,-0.762019,-0.790224,0.863852,1.115061,0.239875,-0.69147,-2.17689,-1.601857
TRAIN_0482,LK2,N-acetyl cysteine,10.82242,0.583841,-0.375525,0.314646,0.744623,0.685743,-0.199905,1.281255,0.212878,1.05351,-0.057846,-0.623398,-0.203096,0.513642,-1.209536,-0.618464,-0.243149,-1.421856,0.148856,-0.64743,-0.212268,0.594557,0.402037,0.149552,-0.838449,-0.531424,-0.323325,-0.640335,0.658775,-0.044045,-0.264077,-0.830927,0.855273,-0.846931,-3.132943,2.179043,-3.173101,-0.098184,-6.139954,-3.071261,0.119765,2.093328,-0.0947,-1.020563,-0.128104,-4.342428,-2.088984,-2.227701,3.34529,1.607795,-4.705297,1.304749,-1.718005,-1.870716,2.165669,2.190464,2.228402,-2.069249,-0.488021,0.217792,3.319119,-1.387402,-0.165516,-3.630565,-3.259864
TRAIN_0483,RERFLCKJ,Lapatinib,2.960041,0.338772,-0.17732,-0.179712,1.895965,-0.254011,-0.184169,1.569151,0.271159,-0.178753,0.286743,-0.849974,-0.116962,0.955565,-1.295979,-1.033636,-0.747695,-1.676712,1.017452,0.2402,-0.452754,1.102503,-0.773016,-0.474309,-2.07681,-0.52555,0.898985,-1.06849,0.476809,0.167177,-0.454882,0.496218,2.601566,0.002098,-1.800713,1.323546,-0.896175,0.485455,-2.348517,-1.703034,0.306886,0.384561,0.38727,-1.195062,-0.542162,-0.566818,-0.493613,-0.37309,2.040207,-0.827456,-2.154804,0.120576,0.047564,-0.232992,0.173159,1.520683,0.721228,-0.225833,-0.822747,0.266622,0.721668,0.05316,-0.445376,-1.117587,-0.932018
TRAIN_0484,LN229,Osimertinib,1.353568,0.230416,0.176164,1.231865,1.989137,0.54967,-0.051792,1.143218,1.532929,-0.82332,1.057018,0.272843,-0.288245,-0.479694,-2.581321,-1.251911,-0.708252,-1.083648,0.727976,-0.659021,-1.427131,1.521367,-0.406766,0.503852,-1.303549,-0.732481,0.664092,-1.341202,-0.009106,-1.045715,-0.812918,-0.803619,2.671413,-0.453254,-0.081563,1.169145,-0.166139,0.603459,-1.299116,-0.153011,0.175295,0.639959,0.271869,-0.120909,-0.586648,-0.810258,0.118888,-0.460382,0.996633,0.5473,-1.066676,0.863002,-0.378109,0.40261,0.535283,0.528436,0.04059,-0.480726,-0.262745,-0.456811,0.398712,-0.651188,0.196408,0.077578,-1.235775
TRAIN_0485,T47D,Fulvestrant,2.412515,0.41155,-0.161633,0.67642,1.282944,-0.273995,-0.595514,1.868113,0.717293,-0.502618,0.106348,-1.075993,0.2419,0.49141,-2.504849,-1.144654,-0.036277,-0.833975,1.077105,-0.695069,-1.958033,1.479406,-0.077321,-0.241899,-0.973852,-1.315508,0.593429,-1.457472,-0.160052,-0.588364,-0.041607,-0.450434,1.267585,0.93508,-1.031397,0.754668,-1.511043,0.257276,-2.798081,-1.892593,-0.668787,0.377598,0.241671,0.018682,-1.331795,-1.748584,-0.536222,-0.604859,0.884266,0.184357,-2.273645,0.049877,-0.35064,0.384688,0.32317,1.012407,1.032323,-1.297242,0.197774,-0.809043,0.842939,-0.135307,-0.358003,-1.667498,-1.138818
TRAIN_0486,SNGM,TW 37,-0.207883,1.238297,-0.433197,0.276364,1.470352,0.624522,-0.446319,0.591026,0.926683,0.025774,0.435011,-0.648005,0.12641,0.45665,-1.907428,-1.348702,-1.123505,-0.463395,0.119063,-0.940756,-1.140807,1.186993,0.267719,0.349306,-1.212482,-0.051562,0.288677,-1.129634,0.236743,-0.552295,0.020406,-0.662545,1.27944,-0.697958,0.526327,0.845572,-0.556786,-0.113754,-1.075242,-0.624832,0.0583,0.937267,1.056185,0.051196,-0.549073,-0.892836,-0.39339,-0.708216,-0.146199,1.192649,-0.58797,-0.280672,0.246829,-0.87302,-0.291518,0.030797,1.217761,-0.47834,-1.350512,0.743938,0.255874,-1.125631,-0.236192,-0.203406,-0.299568
TRAIN_0487,IGROV1,Lenalidomide,5.108114,-0.125117,-0.100955,0.408837,1.176507,-0.827976,0.151747,-0.377322,0.158808,-0.533951,0.651595,-0.27476,-0.990284,-0.343129,-1.08176,-1.104354,-0.636671,-0.865654,0.542074,-0.819385,-0.915884,1.989738,-0.851217,-0.884235,-0.487726,-0.675378,-0.090644,-1.101106,0.102025,0.428485,0.220997,0.059668,0.435329,-0.952203,-2.062993,1.428182,-1.777934,-0.413381,-2.534459,-1.697757,0.553746,1.851722,0.498434,0.040536,0.300413,-1.79863,-1.564522,-0.415316,1.347539,0.798056,-2.563007,-0.176793,-0.672784,-0.94294,0.753754,1.795521,1.88267,-1.348738,-0.379011,1.21806,1.786653,-0.660953,-0.774035,-1.422355,-1.735591
TRAIN_0488,BT549,AZD5991,4.786535,0.612591,0.35646,1.464598,1.992997,-1.148869,-0.868204,1.228213,0.761727,-0.199172,0.16643,-0.35871,-0.83204,-0.069709,-2.569856,-2.144383,-1.224389,-1.476017,0.833389,-1.360534,-0.061601,1.676492,-0.127841,-0.363301,-1.039777,-0.818899,0.169217,0.157175,0.318487,-0.011324,-0.636154,-0.604497,2.692415,-0.318767,-0.530279,0.252386,-1.428662,0.719992,-2.580821,-1.349365,0.494611,0.406036,0.157832,-0.209221,-0.616862,-0.523557,-1.196761,-0.019198,1.000768,-0.154178,-1.945198,0.691565,0.024157,0.014533,2.165334,1.292842,0.723109,-0.723959,-0.483283,0.838132,0.456202,0.641513,0.217769,-2.094903,-1.709193
TRAIN_0489,SNU61,AZD5363,4.244142,-0.115667,0.724009,0.354895,1.633038,-0.102953,-0.550916,1.880941,1.166896,-0.057551,1.017337,-0.616823,-0.606883,1.45176,-1.717021,-2.437078,-0.594195,-1.32793,0.292353,-1.655033,-1.823979,2.58491,0.030876,-1.168216,-1.023913,-0.078862,-0.052563,-0.960013,0.000722,-0.923254,0.415092,-0.825215,1.187212,0.574594,-1.193661,1.704456,-0.918871,-0.337467,-1.541829,-1.361554,0.390457,0.629118,0.188102,-0.557676,0.229776,-1.880555,-1.188523,-0.222116,1.732685,0.126411,-1.202649,0.822169,0.068107,-0.751933,-0.006672,-0.195523,0.688983,-0.150258,-0.834481,0.641929,0.384322,-0.369088,0.190341,-1.304364,-0.968546
TRAIN_0490,A172,AZD6738,1.3606,0.534815,0.022871,0.506864,1.068577,-0.890003,-0.392628,1.058259,0.196406,-0.446188,0.624477,0.582264,-0.27534,0.317173,-1.526953,-2.302451,-0.451069,-0.758502,1.476302,-0.803192,-0.948883,1.123836,-0.760134,0.623991,-0.733379,-0.028355,-0.368327,-0.194796,-0.408397,-0.174244,0.868107,-0.963773,1.159083,0.399296,-0.097103,-0.103205,-0.434453,-0.83835,-1.314308,-0.304488,-0.148214,-0.27502,0.184134,-0.377286,0.119699,-1.400575,-0.852694,-1.308942,0.769866,0.142173,-1.736439,0.306868,0.264046,-0.546351,0.530379,0.804624,0.001197,0.484577,-0.435759,0.542679,1.016648,-0.380247,0.183112,-0.593868,-1.483824
TRAIN_0491,MG63,ICL-SIRT078,5.856555,1.217204,-0.402042,0.151712,1.314411,0.018536,-0.395913,1.610565,0.805199,-0.898013,0.720349,0.03805,-0.309944,0.781892,-2.234203,-1.231495,-1.062853,-1.41753,-0.048484,-1.242477,-1.473875,1.138123,0.22676,-0.103208,-2.003263,0.107533,-0.324306,-1.007231,0.542457,-0.410491,0.29927,-0.271702,1.14302,-0.184983,-1.727034,0.492613,-1.731669,-0.159783,-2.548564,-1.718015,-0.054011,0.777508,0.107994,0.254148,-0.466774,-1.515251,-0.64558,-0.314786,2.072131,-0.111708,-2.535129,1.304169,-0.630704,-2.290089,0.69598,1.41162,-0.094414,-0.42715,-0.759987,0.596161,1.158862,-1.268892,-0.777304,-1.909909,-1.016701
TRAIN_0492,MDAMB453,AZD5363,1.671585,0.120596,-0.46181,0.365491,1.289257,-0.163854,-0.259676,1.048304,0.193322,-0.47457,-0.692764,0.187804,-0.151152,-0.230582,-0.285336,-1.069639,-0.880935,-0.225245,0.401818,-0.388688,-1.124284,1.17108,-0.27658,0.321549,-1.87191,-0.568245,0.93266,-1.126308,-0.059469,-0.611593,-0.795643,-1.492442,1.080044,0.574594,-1.193661,1.704456,-0.918871,-0.337467,-1.541829,-1.361554,0.390457,0.629118,0.188102,-0.557676,0.229776,-1.880555,-1.188523,-0.222116,1.732685,0.126411,-1.202649,0.822169,0.068107,-0.751933,-0.006672,-0.195523,0.688983,-0.150258,-0.834481,0.641929,0.384322,-0.369088,0.190341,-1.304364,-0.968546
TRAIN_0493,NCIH1836,Entospletinib,5.208919,0.297113,0.403433,1.36942,1.320547,-0.846085,0.978393,2.911443,0.973646,-0.476577,0.384066,-0.381279,-0.959027,-0.70423,-3.12745,-2.213282,-1.290456,-1.339419,-0.132191,-1.561836,-1.394212,2.01331,-0.295911,0.526542,-1.596534,0.021443,-0.086924,-1.698722,-0.166191,-0.988856,0.106322,-0.125749,2.868179,-0.460445,-1.155298,1.828462,-0.691748,0.688008,-1.794165,-1.13593,0.799578,0.597705,-0.485857,-0.094858,-0.745593,-2.181326,-1.165328,0.727405,1.250517,0.565312,-2.583247,-0.559369,-0.840264,-0.03808,0.851334,1.452532,1.410976,-1.23439,0.34811,0.054134,1.794322,-0.314834,-1.102193,-1.611507,-2.230498
TRAIN_0494,NCIH1836,Uprosertib,5.857042,0.297113,0.403433,1.36942,1.320547,-0.846085,0.978393,2.911443,0.973646,-0.476577,0.384066,-0.381279,-0.959027,-0.70423,-3.12745,-2.213282,-1.290456,-1.339419,-0.132191,-1.561836,-1.394212,2.01331,-0.295911,0.526542,-1.596534,0.021443,-0.086924,-1.698722,-0.166191,-0.988856,0.106322,-0.125749,2.868179,-0.484458,-0.113664,1.309084,-0.393676,0.243803,-1.573191,-1.750486,0.668881,0.831331,0.432499,0.743707,-0.564513,-1.347279,-0.461904,-0.867817,0.824391,0.544933,-1.694045,0.935986,-1.089935,-0.026572,0.86188,0.611087,0.346683,-1.769065,-0.666162,0.811316,0.819292,0.165291,-0.471194,-0.607383,-1.397745
TRAIN_0495,RD,5-azacytidine,3.179751,0.394335,-1.037937,0.60536,1.497022,0.361266,0.571897,1.157063,1.129316,-0.063093,1.051899,-0.190698,-1.413487,0.152046,-2.394627,-1.739215,-0.043923,-0.809168,0.872442,-0.691346,-1.990229,0.131297,-0.139984,-0.042841,-1.841356,-1.367237,-0.262044,-1.190182,0.689686,-0.476027,0.527053,-1.089158,2.199378,-0.507593,-1.104617,1.7235,-1.070543,0.781267,-1.527475,-0.650134,-1.221073,0.518895,0.809309,-0.39097,0.607591,-0.601747,-0.888765,-0.670214,0.453918,-0.002514,-2.218559,0.508936,-1.077989,-0.313325,0.869935,0.106378,1.621264,-0.505883,0.093834,-0.078278,1.197772,0.12772,-0.218032,-0.004484,-1.065089
TRAIN_0496,SNGM,Ribociclib,3.09799,1.238297,-0.433197,0.276364,1.470352,0.624522,-0.446319,0.591026,0.926683,0.025774,0.435011,-0.648005,0.12641,0.45665,-1.907428,-1.348702,-1.123505,-0.463395,0.119063,-0.940756,-1.140807,1.186993,0.267719,0.349306,-1.212482,-0.051562,0.288677,-1.129634,0.236743,-0.552295,0.020406,-0.662545,1.27944,-0.753621,-0.986104,0.960957,-1.152395,-0.151678,-2.673079,-1.67121,0.163529,1.389349,1.093574,0.573506,0.105181,-2.097598,-0.98121,-0.392098,0.824488,0.659391,-1.542199,0.617854,0.097037,-1.182741,1.126455,0.764697,0.534448,-0.639516,0.274275,0.601463,1.063083,-0.361985,-0.132125,-1.756787,-1.9121
TRAIN_0497,SW1088,PCI-34051,5.425235,1.086883,-0.278546,1.285962,1.138586,0.235506,0.67534,2.15825,0.806502,-0.626911,-0.231505,-0.299804,-1.014953,-0.158962,-2.474203,-1.924055,-0.566148,-0.857787,0.008336,-0.357033,-1.490977,1.045397,-0.108565,1.048089,-1.231514,-0.716008,-0.654805,-1.239975,0.486397,-0.783614,-1.119134,-1.016155,2.546196,0.007519,-1.838709,0.763925,0.609651,0.788156,-2.185715,-2.084789,1.047612,1.5356,1.169596,0.76216,-1.141534,-2.528825,-1.462924,-1.086948,1.57304,0.175347,-1.317453,1.385009,-0.517336,0.073936,1.560688,1.151086,0.238701,-1.229384,-0.735126,0.545507,1.347019,-0.608214,0.013978,-2.083277,-1.391319
TRAIN_0498,LOUCY,Talazoparib,4.590814,-0.175691,0.031091,-0.032536,0.565435,-0.861962,-0.217203,0.624397,0.620642,-0.102775,-0.351401,0.33045,-0.107554,0.209704,-0.878414,-1.046674,-0.147904,-0.22478,-0.729927,-0.684088,-0.772493,0.797468,0.49354,-0.355029,-0.899684,-0.504895,-0.350104,-0.699269,0.556988,-0.801238,0.080686,-1.125759,0.565293,0.887032,-1.3805,0.765343,-1.451056,-0.58269,-1.324971,-0.966465,0.319419,0.879534,-0.188152,-0.607169,-0.252789,-0.753106,0.154698,-0.017806,0.968172,0.444855,-1.584566,-0.220629,-0.335043,-1.278036,0.489728,1.748073,1.251498,-1.218582,-0.315142,-0.11837,0.848741,0.088311,0.159029,0.244095,-0.482808
TRAIN_0499,LU65,MIRA-1,5.576444,0.220758,-0.363514,0.446356,2.067672,-0.28372,-0.201954,1.054231,1.178999,0.594821,0.670355,-0.338743,-0.363635,-0.993678,-1.196839,-1.347823,-0.247059,-1.186531,0.065541,-0.950341,-0.647665,1.012854,0.856132,0.270823,-1.806526,-0.510816,-0.234851,-2.041322,1.107911,-0.141117,0.027335,-0.410863,0.828368,-0.653172,-1.939472,1.154599,-1.181143,0.797497,-2.570178,-1.720849,0.78895,0.840696,0.175629,-0.680495,-0.588311,-2.02997,-1.087569,-0.083272,1.125255,0.801393,-3.452633,0.567023,-0.247629,-1.193251,1.256888,1.174187,0.662227,-1.067859,0.375929,0.03343,2.176184,-0.747037,-0.965702,-2.340668,-1.911206
TRAIN_0500,HUPT4,Lestaurtinib,1.853554,-0.042657,-0.879319,0.290146,2.147535,0.236464,-0.117024,0.842471,0.683683,-0.327427,0.640501,-1.394003,-0.919621,0.21446,-1.681007,-2.855322,-0.653892,-0.960296,0.744945,-0.57862,-1.147497,1.093158,-1.18401,-0.127732,-0.950645,0.142138,0.468277,-0.957903,0.572562,-0.889959,-0.362193,0.221547,1.415728,0.641604,0.00259,-0.89192,-0.874125,0.371957,-0.323725,0.192203,0.060997,-0.068864,-0.044803,-0.434974,-0.013824,-0.321391,-0.200317,-0.170904,-0.092509,0.46786,-0.099648,0.518239,0.761337,0.414129,0.279291,0.183739,0.451036,0.028138,0.48619,0.313583,-0.160691,0.43848,0.04208,-0.074874,-0.261679
